time,session_id,angle
2026-09-16T19:07:00Z,s-p-maria-10,5.2
2026-09-16T19:07:00.500000Z,s-p-maria-10,4.6
2026-09-16T19:07:01Z,s-p-maria-10,4.8
2026-09-16T19:07:01.500000Z,s-p-maria-10,3.1
2026-09-16T19:07:02Z,s-p-maria-10,3.3
2026-09-16T19:07:02.500000Z,s-p-maria-10,3.7
2026-09-16T19:07:03Z,s-p-maria-10,4.8
2026-09-16T19:07:03.500000Z,s-p-maria-10,4.7
2026-09-16T19:07:04Z,s-p-maria-10,5.1
2026-09-16T19:07:04.500000Z,s-p-maria-10,5.1
2026-09-16T19:07:05Z,s-p-maria-10,4.3
2026-09-16T19:07:05.500000Z,s-p-maria-10,25.0
2026-09-16T19:07:06Z,s-p-maria-10,49.2
2026-09-16T19:07:06.500000Z,s-p-maria-10,63.7
2026-09-16T19:07:07Z,s-p-maria-10,66.0
2026-09-16T19:07:07.500000Z,s-p-maria-10,63.1
2026-09-16T19:07:08Z,s-p-maria-10,48.5
2026-09-16T19:07:08.500000Z,s-p-maria-10,26.9
2026-09-16T19:07:09Z,s-p-maria-10,4.4
2026-09-16T19:07:09.500000Z,s-p-maria-10,5.8
2026-09-16T19:07:10Z,s-p-maria-10,3.2
2026-09-16T19:07:10.500000Z,s-p-maria-10,3.9
2026-09-16T19:07:11Z,s-p-maria-10,4.9
2026-09-16T19:07:11.500000Z,s-p-maria-10,5.7
2026-09-16T19:07:12Z,s-p-maria-10,4.1
2026-09-16T19:07:12.500000Z,s-p-maria-10,3.6
2026-09-16T19:07:13Z,s-p-maria-10,3.2
2026-09-16T19:07:13.500000Z,s-p-maria-10,5.0
2026-09-16T19:07:14Z,s-p-maria-10,5.3
2026-09-16T19:07:14.500000Z,s-p-maria-10,6.0
2026-09-16T19:07:15Z,s-p-maria-10,5.6
2026-09-16T19:07:15.500000Z,s-p-maria-10,5.6
2026-09-16T19:07:16Z,s-p-maria-10,4.1
2026-09-16T19:07:16.500000Z,s-p-maria-10,4.4
2026-09-16T19:07:17Z,s-p-maria-10,5.5
2026-09-16T19:07:17.500000Z,s-p-maria-10,3.5
2026-09-16T19:07:18Z,s-p-maria-10,4.1
2026-09-16T19:07:18.500000Z,s-p-maria-10,5.0
2026-09-16T19:07:19Z,s-p-maria-10,5.1
2026-09-16T19:07:19.500000Z,s-p-maria-10,5.1
2026-09-16T19:07:20Z,s-p-maria-10,3.2
2026-09-16T19:07:20.500000Z,s-p-maria-10,4.9
2026-09-16T19:07:21Z,s-p-maria-10,4.6
2026-09-16T19:07:21.500000Z,s-p-maria-10,3.7
2026-09-16T19:07:22Z,s-p-maria-10,4.4
2026-09-16T19:07:22.500000Z,s-p-maria-10,3.8
2026-09-16T19:07:23Z,s-p-maria-10,5.8
2026-09-16T19:07:23.500000Z,s-p-maria-10,5.1
2026-09-16T19:07:24Z,s-p-maria-10,3.7
2026-09-16T19:07:24.500000Z,s-p-maria-10,4.0
2026-09-16T19:07:25Z,s-p-maria-10,5.3
2026-09-16T19:07:25.500000Z,s-p-maria-10,3.2
2026-09-16T19:07:26Z,s-p-maria-10,5.5
2026-09-16T19:07:26.500000Z,s-p-maria-10,5.4
2026-09-16T19:07:27Z,s-p-maria-10,4.2
2026-09-16T19:07:27.500000Z,s-p-maria-10,3.2
2026-09-16T19:07:28Z,s-p-maria-10,5.7
2026-09-16T19:07:28.500000Z,s-p-maria-10,4.7
2026-09-16T19:07:29Z,s-p-maria-10,5.2
2026-09-16T19:07:29.500000Z,s-p-maria-10,3.6
2026-09-16T19:07:30Z,s-p-maria-10,20.2
2026-09-16T19:07:30.500000Z,s-p-maria-10,45.3
2026-09-16T19:07:31Z,s-p-maria-10,58.9
2026-09-16T19:07:31.500000Z,s-p-maria-10,65.9
2026-09-16T19:07:32Z,s-p-maria-10,63.8
2026-09-16T19:07:32.500000Z,s-p-maria-10,49.1
2026-09-16T19:07:33Z,s-p-maria-10,30.7
2026-09-16T19:07:33.500000Z,s-p-maria-10,5.3
2026-09-16T19:07:34Z,s-p-maria-10,3.5
2026-09-16T19:07:34.500000Z,s-p-maria-10,3.5
2026-09-16T19:07:35Z,s-p-maria-10,5.0
2026-09-16T19:07:35.500000Z,s-p-maria-10,4.8
2026-09-16T19:07:36Z,s-p-maria-10,4.2
2026-09-16T19:07:36.500000Z,s-p-maria-10,4.8
2026-09-16T19:07:37Z,s-p-maria-10,4.4
2026-09-16T19:07:37.500000Z,s-p-maria-10,3.8
2026-09-16T19:07:38Z,s-p-maria-10,4.7
2026-09-16T19:07:38.500000Z,s-p-maria-10,5.8
2026-09-16T19:07:39Z,s-p-maria-10,5.0
2026-09-16T19:07:39.500000Z,s-p-maria-10,3.3
2026-09-16T19:07:40Z,s-p-maria-10,5.7
2026-09-16T19:07:40.500000Z,s-p-maria-10,5.3
2026-09-16T19:07:41Z,s-p-maria-10,5.3
2026-09-16T19:07:41.500000Z,s-p-maria-10,4.0
2026-09-16T19:07:42Z,s-p-maria-10,3.9
2026-09-16T19:07:42.500000Z,s-p-maria-10,3.5
2026-09-16T19:07:43Z,s-p-maria-10,3.0
2026-09-16T19:07:43.500000Z,s-p-maria-10,5.2
2026-09-16T19:07:44Z,s-p-maria-10,5.2
2026-09-16T19:07:44.500000Z,s-p-maria-10,5.9
2026-09-16T19:07:45Z,s-p-maria-10,5.3
2026-09-16T19:07:45.500000Z,s-p-maria-10,4.5
2026-09-16T19:07:46Z,s-p-maria-10,3.3
2026-09-16T19:07:46.500000Z,s-p-maria-10,4.9
2026-09-16T19:07:47Z,s-p-maria-10,5.5
2026-09-16T19:07:47.500000Z,s-p-maria-10,4.5
2026-09-16T19:07:48Z,s-p-maria-10,3.6
2026-09-16T19:07:48.500000Z,s-p-maria-10,4.1
2026-09-16T19:07:49Z,s-p-maria-10,3.5
2026-09-16T19:07:49.500000Z,s-p-maria-10,5.9
2026-09-16T19:07:50Z,s-p-maria-10,5.8
2026-09-16T19:07:50.500000Z,s-p-maria-10,5.8
2026-09-16T19:07:51Z,s-p-maria-10,4.8
2026-09-16T19:07:51.500000Z,s-p-maria-10,4.5
2026-09-16T19:07:52Z,s-p-maria-10,3.3
2026-09-16T19:07:52.500000Z,s-p-maria-10,4.1
2026-09-16T19:07:53Z,s-p-maria-10,6.0
2026-09-16T19:07:53.500000Z,s-p-maria-10,5.4
2026-09-16T19:07:54Z,s-p-maria-10,3.7
2026-09-16T19:07:54.500000Z,s-p-maria-10,15.7
2026-09-16T19:07:55Z,s-p-maria-10,38.9
2026-09-16T19:07:55.500000Z,s-p-maria-10,55.2
2026-09-16T19:07:56Z,s-p-maria-10,69.0
2026-09-16T19:07:56.500000Z,s-p-maria-10,63.1
2026-09-16T19:07:57Z,s-p-maria-10,54.6
2026-09-16T19:07:57.500000Z,s-p-maria-10,33.9
2026-09-16T19:07:58Z,s-p-maria-10,10.3
2026-09-16T19:07:58.500000Z,s-p-maria-10,5.1
2026-09-16T19:07:59Z,s-p-maria-10,5.1
2026-09-16T19:07:59.500000Z,s-p-maria-10,4.2
2026-09-16T19:08:00Z,s-p-maria-10,5.0
2026-09-16T19:08:00.500000Z,s-p-maria-10,4.1
2026-09-16T19:08:01Z,s-p-maria-10,5.7
2026-09-16T19:08:01.500000Z,s-p-maria-10,4.4
2026-09-16T19:08:02Z,s-p-maria-10,3.7
2026-09-16T19:08:02.500000Z,s-p-maria-10,3.2
2026-09-16T19:08:03Z,s-p-maria-10,3.1
2026-09-16T19:08:03.500000Z,s-p-maria-10,4.7
2026-09-16T19:08:04Z,s-p-maria-10,4.8
2026-09-16T19:08:04.500000Z,s-p-maria-10,3.0
2026-09-16T19:08:05Z,s-p-maria-10,5.1
2026-09-16T19:08:05.500000Z,s-p-maria-10,3.2
2026-09-16T19:08:06Z,s-p-maria-10,3.2
2026-09-16T19:08:06.500000Z,s-p-maria-10,3.1
2026-09-16T19:08:07Z,s-p-maria-10,4.0
2026-09-16T19:08:07.500000Z,s-p-maria-10,4.5
2026-09-16T19:08:08Z,s-p-maria-10,3.8
2026-09-16T19:08:08.500000Z,s-p-maria-10,4.5
2026-09-16T19:08:09Z,s-p-maria-10,4.6
2026-09-16T19:08:09.500000Z,s-p-maria-10,5.2
2026-09-16T19:08:10Z,s-p-maria-10,5.6
2026-09-16T19:08:10.500000Z,s-p-maria-10,4.7
2026-09-16T19:08:11Z,s-p-maria-10,3.7
2026-09-16T19:08:11.500000Z,s-p-maria-10,4.4
2026-09-16T19:08:12Z,s-p-maria-10,4.2
2026-09-16T19:08:12.500000Z,s-p-maria-10,3.3
2026-09-16T19:08:13Z,s-p-maria-10,5.0
2026-09-16T19:08:13.500000Z,s-p-maria-10,4.1
2026-09-16T19:08:14Z,s-p-maria-10,4.2
2026-09-16T19:08:14.500000Z,s-p-maria-10,5.6
2026-09-16T19:08:15Z,s-p-maria-10,3.2
2026-09-16T19:08:15.500000Z,s-p-maria-10,5.0
2026-09-16T19:08:16Z,s-p-maria-10,4.9
2026-09-16T19:08:16.500000Z,s-p-maria-10,3.2
2026-09-16T19:08:17Z,s-p-maria-10,5.2
2026-09-16T19:08:17.500000Z,s-p-maria-10,5.4
2026-09-16T19:08:18Z,s-p-maria-10,3.3
2026-09-16T19:08:18.500000Z,s-p-maria-10,3.6
2026-09-16T19:08:19Z,s-p-maria-10,10.9
2026-09-16T19:08:19.500000Z,s-p-maria-10,35.4
2026-09-16T19:08:20Z,s-p-maria-10,56.8
2026-09-16T19:08:20.500000Z,s-p-maria-10,63.7
2026-09-16T19:08:21Z,s-p-maria-10,65.9
2026-09-16T19:08:21.500000Z,s-p-maria-10,60.1
2026-09-16T19:08:22Z,s-p-maria-10,38.8
2026-09-16T19:08:22.500000Z,s-p-maria-10,15.9
2026-09-16T19:08:23Z,s-p-maria-10,4.4
2026-09-16T19:08:23.500000Z,s-p-maria-10,5.6
2026-09-16T19:08:24Z,s-p-maria-10,5.7
2026-09-16T19:08:24.500000Z,s-p-maria-10,3.5
2026-09-16T19:08:25Z,s-p-maria-10,3.0
2026-09-16T19:08:25.500000Z,s-p-maria-10,4.2
2026-09-16T19:08:26Z,s-p-maria-10,5.8
2026-09-16T19:08:26.500000Z,s-p-maria-10,5.4
2026-09-16T19:08:27Z,s-p-maria-10,3.9
2026-09-16T19:08:27.500000Z,s-p-maria-10,5.1
2026-09-16T19:08:28Z,s-p-maria-10,5.2
2026-09-16T19:08:28.500000Z,s-p-maria-10,5.4
2026-09-16T19:08:29Z,s-p-maria-10,5.0
2026-09-16T19:08:29.500000Z,s-p-maria-10,4.5
2026-09-16T19:08:30Z,s-p-maria-10,3.6
2026-09-16T19:08:30.500000Z,s-p-maria-10,3.7
2026-09-16T19:08:31Z,s-p-maria-10,3.2
2026-09-16T19:08:31.500000Z,s-p-maria-10,5.2
2026-09-16T19:08:32Z,s-p-maria-10,3.2
2026-09-16T19:08:32.500000Z,s-p-maria-10,3.9
2026-09-16T19:08:33Z,s-p-maria-10,3.2
2026-09-16T19:08:33.500000Z,s-p-maria-10,4.4
2026-09-16T19:08:34Z,s-p-maria-10,5.8
2026-09-16T19:08:34.500000Z,s-p-maria-10,4.6
2026-09-16T19:08:35Z,s-p-maria-10,3.2
2026-09-16T19:08:35.500000Z,s-p-maria-10,4.5
2026-09-16T19:08:36Z,s-p-maria-10,5.6
2026-09-16T19:08:36.500000Z,s-p-maria-10,3.2
2026-09-16T19:08:37Z,s-p-maria-10,3.2
2026-09-16T19:08:37.500000Z,s-p-maria-10,5.6
2026-09-16T19:08:38Z,s-p-maria-10,4.2
2026-09-16T19:08:38.500000Z,s-p-maria-10,5.8
2026-09-16T19:08:39Z,s-p-maria-10,4.7
2026-09-16T19:08:39.500000Z,s-p-maria-10,4.7
2026-09-16T19:08:40Z,s-p-maria-10,3.1
2026-09-16T19:08:40.500000Z,s-p-maria-10,3.2
2026-09-16T19:08:41Z,s-p-maria-10,5.0
2026-09-16T19:08:41.500000Z,s-p-maria-10,4.7
2026-09-16T19:08:42Z,s-p-maria-10,3.9
2026-09-16T19:08:42.500000Z,s-p-maria-10,3.8
2026-09-16T19:08:43Z,s-p-maria-10,5.0
2026-09-16T19:08:43.500000Z,s-p-maria-10,5.4
2026-09-16T19:08:44Z,s-p-maria-10,30.3
2026-09-16T19:08:44.500000Z,s-p-maria-10,49.4
2026-09-16T19:08:45Z,s-p-maria-10,67.1
2026-09-16T19:08:45.500000Z,s-p-maria-10,67.0
2026-09-16T19:08:46Z,s-p-maria-10,60.0
2026-09-16T19:08:46.500000Z,s-p-maria-10,45.3
2026-09-16T19:08:47Z,s-p-maria-10,21.7
2026-09-16T19:08:47.500000Z,s-p-maria-10,3.7
2026-09-16T19:08:48Z,s-p-maria-10,3.9
2026-09-16T19:08:48.500000Z,s-p-maria-10,4.3
2026-09-16T19:08:49Z,s-p-maria-10,4.6
2026-09-16T19:08:49.500000Z,s-p-maria-10,3.9
2026-09-16T19:08:50Z,s-p-maria-10,6.0
2026-09-16T19:08:50.500000Z,s-p-maria-10,5.4
2026-09-16T19:08:51Z,s-p-maria-10,4.6
2026-09-16T19:08:51.500000Z,s-p-maria-10,5.0
2026-09-16T19:08:52Z,s-p-maria-10,4.7
2026-09-16T19:08:52.500000Z,s-p-maria-10,5.8
2026-09-16T19:08:53Z,s-p-maria-10,3.3
2026-09-16T19:08:53.500000Z,s-p-maria-10,5.6
2026-09-16T19:08:54Z,s-p-maria-10,3.8
2026-09-16T19:08:54.500000Z,s-p-maria-10,5.7
2026-09-16T19:08:55Z,s-p-maria-10,5.2
2026-09-16T19:08:55.500000Z,s-p-maria-10,3.5
2026-09-16T19:08:56Z,s-p-maria-10,3.8
2026-09-16T19:08:56.500000Z,s-p-maria-10,3.6
2026-09-16T19:08:57Z,s-p-maria-10,4.0
2026-09-16T19:08:57.500000Z,s-p-maria-10,5.1
2026-09-16T19:08:58Z,s-p-maria-10,5.6
2026-09-16T19:08:58.500000Z,s-p-maria-10,4.5
2026-09-16T19:08:59Z,s-p-maria-10,3.8
2026-09-16T19:08:59.500000Z,s-p-maria-10,5.7
2026-09-16T19:09:00Z,s-p-maria-10,3.2
2026-09-16T19:09:00.500000Z,s-p-maria-10,4.9
2026-09-16T19:09:01Z,s-p-maria-10,5.5
2026-09-16T19:09:01.500000Z,s-p-maria-10,3.1
2026-09-16T19:09:02Z,s-p-maria-10,4.0
2026-09-16T19:09:02.500000Z,s-p-maria-10,3.4
2026-09-16T19:09:03Z,s-p-maria-10,5.9
2026-09-16T19:09:03.500000Z,s-p-maria-10,3.5
2026-09-16T19:09:04Z,s-p-maria-10,4.3
2026-09-16T19:09:04.500000Z,s-p-maria-10,5.1
2026-09-16T19:09:05Z,s-p-maria-10,4.7
2026-09-16T19:09:05.500000Z,s-p-maria-10,3.3
2026-09-16T19:09:06Z,s-p-maria-10,5.8
2026-09-16T19:09:06.500000Z,s-p-maria-10,5.1
2026-09-16T19:09:07Z,s-p-maria-10,3.4
2026-09-16T19:09:07.500000Z,s-p-maria-10,3.1
2026-09-16T19:09:08Z,s-p-maria-10,4.1
2026-09-16T19:09:08.500000Z,s-p-maria-10,26.9
2026-09-16T19:09:09Z,s-p-maria-10,46.0
2026-09-16T19:09:09.500000Z,s-p-maria-10,65.0
2026-09-16T19:09:10Z,s-p-maria-10,66.5
2026-09-16T19:09:10.500000Z,s-p-maria-10,63.3
2026-09-16T19:09:11Z,s-p-maria-10,46.2
2026-09-16T19:09:11.500000Z,s-p-maria-10,25.3
2026-09-16T19:09:12Z,s-p-maria-10,5.8
2026-09-16T19:09:12.500000Z,s-p-maria-10,3.5
2026-09-16T19:09:13Z,s-p-maria-10,5.4
2026-09-16T19:09:13.500000Z,s-p-maria-10,3.5
2026-09-16T19:09:14Z,s-p-maria-10,4.2
2026-09-16T19:09:14.500000Z,s-p-maria-10,3.5
2026-09-16T19:09:15Z,s-p-maria-10,5.8
2026-09-16T19:09:15.500000Z,s-p-maria-10,5.3
2026-09-16T19:09:16Z,s-p-maria-10,4.2
2026-09-16T19:09:16.500000Z,s-p-maria-10,5.0
2026-09-16T19:09:17Z,s-p-maria-10,5.2
2026-09-16T19:09:17.500000Z,s-p-maria-10,3.7
2026-09-16T19:09:18Z,s-p-maria-10,3.5
2026-09-16T19:09:18.500000Z,s-p-maria-10,5.1
2026-09-16T19:09:19Z,s-p-maria-10,4.1
2026-09-16T19:09:19.500000Z,s-p-maria-10,3.1
2026-09-16T19:09:20Z,s-p-maria-10,4.4
2026-09-16T19:09:20.500000Z,s-p-maria-10,3.6
2026-09-16T19:09:21Z,s-p-maria-10,5.8
2026-09-16T19:09:21.500000Z,s-p-maria-10,4.0
2026-09-16T19:09:22Z,s-p-maria-10,5.5
2026-09-16T19:09:22.500000Z,s-p-maria-10,5.6
2026-09-16T19:09:23Z,s-p-maria-10,3.7
2026-09-16T19:09:23.500000Z,s-p-maria-10,5.0
2026-09-16T19:09:24Z,s-p-maria-10,4.2
2026-09-16T19:09:24.500000Z,s-p-maria-10,3.8
2026-09-16T19:09:25Z,s-p-maria-10,3.2
2026-09-16T19:09:25.500000Z,s-p-maria-10,5.3
2026-09-16T19:09:26Z,s-p-maria-10,4.1
2026-09-16T19:09:26.500000Z,s-p-maria-10,4.5
2026-09-16T19:09:27Z,s-p-maria-10,5.0
2026-09-16T19:09:27.500000Z,s-p-maria-10,5.5
2026-09-16T19:09:28Z,s-p-maria-10,4.0
2026-09-16T19:09:28.500000Z,s-p-maria-10,3.1
2026-09-16T19:09:29Z,s-p-maria-10,5.6
2026-09-16T19:09:29.500000Z,s-p-maria-10,3.8
2026-09-16T19:09:30Z,s-p-maria-10,4.7
2026-09-16T19:09:30.500000Z,s-p-maria-10,6.0
2026-09-16T19:09:31Z,s-p-maria-10,3.1
2026-09-16T19:09:31.500000Z,s-p-maria-10,4.8
2026-09-16T19:09:32Z,s-p-maria-10,4.0
2026-09-16T19:09:32.500000Z,s-p-maria-10,5.4
2026-09-16T19:09:33Z,s-p-maria-10,20.0
2026-09-16T19:09:33.500000Z,s-p-maria-10,42.3
2026-09-16T19:09:34Z,s-p-maria-10,62.7
2026-09-16T19:09:34.500000Z,s-p-maria-10,67.3
2026-09-16T19:09:35Z,s-p-maria-10,63.2
2026-09-16T19:09:35.500000Z,s-p-maria-10,50.3
2026-09-16T19:09:36Z,s-p-maria-10,30.9
2026-09-16T19:09:36.500000Z,s-p-maria-10,5.8
2026-09-16T19:09:37Z,s-p-maria-10,4.9
2026-09-16T19:09:37.500000Z,s-p-maria-10,5.0
2026-09-16T19:09:38Z,s-p-maria-10,3.4
2026-09-16T19:09:38.500000Z,s-p-maria-10,5.7
2026-09-16T19:09:39Z,s-p-maria-10,4.5
2026-09-16T19:09:39.500000Z,s-p-maria-10,5.0
2026-09-16T19:09:40Z,s-p-maria-10,4.0
2026-09-16T19:09:40.500000Z,s-p-maria-10,5.1
2026-09-16T19:09:41Z,s-p-maria-10,4.7
2026-09-16T19:09:41.500000Z,s-p-maria-10,3.6
2026-09-16T19:09:42Z,s-p-maria-10,5.0
2026-09-16T19:09:42.500000Z,s-p-maria-10,4.1
2026-09-16T19:09:43Z,s-p-maria-10,5.2
2026-09-16T19:09:43.500000Z,s-p-maria-10,3.5
2026-09-16T19:09:44Z,s-p-maria-10,4.7
2026-09-16T19:09:44.500000Z,s-p-maria-10,4.2
2026-09-16T19:09:45Z,s-p-maria-10,5.5
2026-09-16T19:09:45.500000Z,s-p-maria-10,3.9
2026-09-16T19:09:46Z,s-p-maria-10,3.6
2026-09-16T19:09:46.500000Z,s-p-maria-10,5.4
2026-09-16T19:09:47Z,s-p-maria-10,4.8
2026-09-16T19:09:47.500000Z,s-p-maria-10,4.0
2026-09-16T19:09:48Z,s-p-maria-10,4.3
2026-09-16T19:09:48.500000Z,s-p-maria-10,5.0
2026-09-16T19:09:49Z,s-p-maria-10,4.5
2026-09-16T19:09:49.500000Z,s-p-maria-10,5.4
2026-09-16T19:09:50Z,s-p-maria-10,5.9
2026-09-16T19:09:50.500000Z,s-p-maria-10,5.2
2026-09-16T19:09:51Z,s-p-maria-10,5.0
2026-09-16T19:09:51.500000Z,s-p-maria-10,3.9
2026-09-16T19:09:52Z,s-p-maria-10,5.0
2026-09-16T19:09:52.500000Z,s-p-maria-10,4.9
2026-09-16T19:09:53Z,s-p-maria-10,3.3
2026-09-16T19:09:53.500000Z,s-p-maria-10,5.9
2026-09-16T19:09:54Z,s-p-maria-10,3.7
2026-09-16T19:09:54.500000Z,s-p-maria-10,3.9
2026-09-16T19:09:55Z,s-p-maria-10,5.4
2026-09-16T19:09:55.500000Z,s-p-maria-10,3.4
2026-09-16T19:09:56Z,s-p-maria-10,3.1
2026-09-16T19:09:56.500000Z,s-p-maria-10,6.0
2026-09-16T19:09:57Z,s-p-maria-10,4.8
2026-09-16T19:09:57.500000Z,s-p-maria-10,15.8
2026-09-16T19:09:58Z,s-p-maria-10,39.5
2026-09-16T19:09:58.500000Z,s-p-maria-10,58.2
2026-09-16T19:09:59Z,s-p-maria-10,68.9
2026-09-16T19:09:59.500000Z,s-p-maria-10,63.4
2026-09-16T19:10:00Z,s-p-maria-10,52.8
2026-09-16T19:10:00.500000Z,s-p-maria-10,36.2
2026-09-16T19:10:01Z,s-p-maria-10,10.4
2026-09-16T19:10:01.500000Z,s-p-maria-10,4.4
2026-09-16T19:10:02Z,s-p-maria-10,4.7
2026-09-16T19:10:02.500000Z,s-p-maria-10,5.8
2026-09-16T19:10:03Z,s-p-maria-10,3.4
2026-09-16T19:10:03.500000Z,s-p-maria-10,3.4
2026-09-16T19:10:04Z,s-p-maria-10,4.4
2026-09-16T19:10:04.500000Z,s-p-maria-10,4.6
2026-09-16T19:10:05Z,s-p-maria-10,4.7
2026-09-16T19:10:05.500000Z,s-p-maria-10,4.0
2026-09-16T19:10:06Z,s-p-maria-10,5.3
2026-09-16T19:10:06.500000Z,s-p-maria-10,4.3
2026-09-16T19:10:07Z,s-p-maria-10,5.4
2026-09-16T19:10:07.500000Z,s-p-maria-10,5.7
2026-09-16T19:10:08Z,s-p-maria-10,4.3
2026-09-16T19:10:08.500000Z,s-p-maria-10,5.7
2026-09-16T19:10:09Z,s-p-maria-10,4.3
2026-09-16T19:10:09.500000Z,s-p-maria-10,3.5
2026-09-16T19:10:10Z,s-p-maria-10,5.6
2026-09-16T19:10:10.500000Z,s-p-maria-10,4.4
2026-09-16T19:10:11Z,s-p-maria-10,5.3
2026-09-16T19:10:11.500000Z,s-p-maria-10,5.5
2026-09-16T19:10:12Z,s-p-maria-10,3.8
2026-09-16T19:10:12.500000Z,s-p-maria-10,5.3
2026-09-16T19:10:13Z,s-p-maria-10,4.5
2026-09-16T19:10:13.500000Z,s-p-maria-10,3.7
2026-09-16T19:10:14Z,s-p-maria-10,4.3
2026-09-16T19:10:14.500000Z,s-p-maria-10,5.1
2026-09-16T19:10:15Z,s-p-maria-10,3.7
2026-09-16T19:10:15.500000Z,s-p-maria-10,4.0
2026-09-16T19:10:16Z,s-p-maria-10,5.7
2026-09-16T19:10:16.500000Z,s-p-maria-10,3.2
2026-09-16T19:10:17Z,s-p-maria-10,3.5
2026-09-16T19:10:17.500000Z,s-p-maria-10,4.1
2026-09-16T19:10:18Z,s-p-maria-10,3.5
2026-09-16T19:10:18.500000Z,s-p-maria-10,3.6
2026-09-16T19:10:19Z,s-p-maria-10,4.2
2026-09-16T19:10:19.500000Z,s-p-maria-10,4.0
2026-09-16T19:10:20Z,s-p-maria-10,4.4
2026-09-16T19:10:20.500000Z,s-p-maria-10,3.2
2026-09-16T19:10:21Z,s-p-maria-10,5.5
2026-09-16T19:10:21.500000Z,s-p-maria-10,4.2
2026-09-16T19:10:22Z,s-p-maria-10,10.2
2026-09-16T19:10:22.500000Z,s-p-maria-10,34.1
2026-09-16T19:10:23Z,s-p-maria-10,54.8
2026-09-16T19:10:23.500000Z,s-p-maria-10,66.9
2026-09-16T19:10:24Z,s-p-maria-10,64.4
2026-09-16T19:10:24.500000Z,s-p-maria-10,57.4
2026-09-16T19:10:25Z,s-p-maria-10,38.7
2026-09-16T19:10:25.500000Z,s-p-maria-10,15.8
2026-09-16T19:10:26Z,s-p-maria-10,3.8
2026-09-16T19:10:26.500000Z,s-p-maria-10,4.5
2026-09-16T19:10:27Z,s-p-maria-10,4.2
2026-09-16T19:10:27.500000Z,s-p-maria-10,5.0
2026-09-16T19:10:28Z,s-p-maria-10,5.4
2026-09-16T19:10:28.500000Z,s-p-maria-10,5.2
2026-09-16T19:10:29Z,s-p-maria-10,5.5
2026-09-16T19:10:29.500000Z,s-p-maria-10,5.8
2026-09-16T19:10:30Z,s-p-maria-10,5.9
2026-09-16T19:10:30.500000Z,s-p-maria-10,4.6
2026-09-16T19:10:31Z,s-p-maria-10,5.7
2026-09-16T19:10:31.500000Z,s-p-maria-10,4.8
2026-09-16T19:10:32Z,s-p-maria-10,5.0
2026-09-16T19:10:32.500000Z,s-p-maria-10,3.3
2026-09-16T19:10:33Z,s-p-maria-10,4.3
2026-09-16T19:10:33.500000Z,s-p-maria-10,5.6
2026-09-16T19:10:34Z,s-p-maria-10,3.5
2026-09-16T19:10:34.500000Z,s-p-maria-10,3.8
2026-09-16T19:10:35Z,s-p-maria-10,4.0
2026-09-16T19:10:35.500000Z,s-p-maria-10,4.4
2026-09-16T19:10:36Z,s-p-maria-10,4.0
2026-09-16T19:10:36.500000Z,s-p-maria-10,5.6
2026-09-16T19:10:37Z,s-p-maria-10,3.8
2026-09-16T19:10:37.500000Z,s-p-maria-10,5.9
2026-09-16T19:10:38Z,s-p-maria-10,4.3
2026-09-16T19:10:38.500000Z,s-p-maria-10,5.5
2026-09-16T19:10:39Z,s-p-maria-10,4.4
2026-09-16T19:10:39.500000Z,s-p-maria-10,5.2
2026-09-16T19:10:40Z,s-p-maria-10,3.2
2026-09-16T19:10:40.500000Z,s-p-maria-10,5.9
2026-09-16T19:10:41Z,s-p-maria-10,3.7
2026-09-16T19:10:41.500000Z,s-p-maria-10,3.2
2026-09-16T19:10:42Z,s-p-maria-10,5.9
2026-09-16T19:10:42.500000Z,s-p-maria-10,3.1
2026-09-16T19:10:43Z,s-p-maria-10,3.1
2026-09-16T19:10:43.500000Z,s-p-maria-10,3.7
2026-09-16T19:10:44Z,s-p-maria-10,5.5
2026-09-16T19:10:44.500000Z,s-p-maria-10,4.9
2026-09-16T19:10:45Z,s-p-maria-10,3.7
2026-09-16T19:10:45.500000Z,s-p-maria-10,4.4
2026-09-16T19:10:46Z,s-p-maria-10,3.3
2026-09-16T19:10:46.500000Z,s-p-maria-10,5.8
2026-09-16T19:10:47Z,s-p-maria-10,31.0
2026-09-16T19:10:47.500000Z,s-p-maria-10,49.3
2026-09-16T19:10:48Z,s-p-maria-10,62.7
2026-09-16T19:10:48.500000Z,s-p-maria-10,68.5
2026-09-16T19:10:49Z,s-p-maria-10,57.9
2026-09-16T19:10:49.500000Z,s-p-maria-10,42.3
2026-09-16T19:10:50Z,s-p-maria-10,20.1
2026-09-16T19:10:50.500000Z,s-p-maria-10,3.6
2026-09-16T19:10:51Z,s-p-maria-10,4.8
2026-09-16T19:10:51.500000Z,s-p-maria-10,5.5
2026-09-16T19:10:52Z,s-p-maria-10,3.7
2026-09-16T19:10:52.500000Z,s-p-maria-10,5.1
2026-09-16T19:10:53Z,s-p-maria-10,3.9
2026-09-16T19:10:53.500000Z,s-p-maria-10,5.1
2026-09-16T19:10:54Z,s-p-maria-10,5.4
2026-09-16T19:10:54.500000Z,s-p-maria-10,5.4
2026-09-16T19:10:55Z,s-p-maria-10,4.7
2026-09-16T19:10:55.500000Z,s-p-maria-10,3.1
2026-09-16T19:10:56Z,s-p-maria-10,4.6
2026-09-16T19:10:56.500000Z,s-p-maria-10,5.0
2026-09-16T19:10:57Z,s-p-maria-10,3.2
2026-09-16T19:10:57.500000Z,s-p-maria-10,4.9
2026-09-16T19:10:58Z,s-p-maria-10,3.0
2026-09-16T19:10:58.500000Z,s-p-maria-10,4.3
2026-09-16T19:10:59Z,s-p-maria-10,4.5
2026-09-16T19:10:59.500000Z,s-p-maria-10,4.3
2026-09-16T19:11:00Z,s-p-maria-10,4.1
2026-09-16T19:11:00.500000Z,s-p-maria-10,5.7
2026-09-16T19:11:01Z,s-p-maria-10,4.4
2026-09-16T19:11:01.500000Z,s-p-maria-10,3.5
2026-09-16T19:11:02Z,s-p-maria-10,3.5
2026-09-16T19:11:02.500000Z,s-p-maria-10,4.6
2026-09-16T19:11:03Z,s-p-maria-10,5.0
2026-09-16T19:11:03.500000Z,s-p-maria-10,4.8
2026-09-16T19:11:04Z,s-p-maria-10,5.8
2026-09-16T19:11:04.500000Z,s-p-maria-10,5.3
2026-09-16T19:11:05Z,s-p-maria-10,4.4
2026-09-16T19:11:05.500000Z,s-p-maria-10,5.5
2026-09-16T19:11:06Z,s-p-maria-10,4.8
2026-09-16T19:11:06.500000Z,s-p-maria-10,4.0
2026-09-16T19:11:07Z,s-p-maria-10,3.7
2026-09-16T19:11:07.500000Z,s-p-maria-10,5.8
2026-09-16T19:11:08Z,s-p-maria-10,3.8
2026-09-16T19:11:08.500000Z,s-p-maria-10,4.4
2026-09-16T19:11:09Z,s-p-maria-10,5.3
2026-09-16T19:11:09.500000Z,s-p-maria-10,4.7
2026-09-16T19:11:10Z,s-p-maria-10,5.0
2026-09-16T19:11:10.500000Z,s-p-maria-10,4.0
2026-09-16T19:11:11Z,s-p-maria-10,4.5
2026-09-16T19:11:11.500000Z,s-p-maria-10,4.0
2026-09-16T19:11:12Z,s-p-maria-10,4.5
2026-09-16T19:11:12.500000Z,s-p-maria-10,4.1
2026-09-16T19:11:13Z,s-p-maria-10,3.8
2026-09-16T19:11:13.500000Z,s-p-maria-10,3.8
2026-09-16T19:11:14Z,s-p-maria-10,4.8
2026-09-16T19:11:14.500000Z,s-p-maria-10,5.6
2026-09-16T19:11:15Z,s-p-maria-10,4.7
2026-09-16T19:11:15.500000Z,s-p-maria-10,4.5
2026-09-16T19:11:16Z,s-p-maria-10,3.6
2026-09-16T19:11:16.500000Z,s-p-maria-10,3.7
2026-09-16T19:11:17Z,s-p-maria-10,4.2
2026-09-16T19:11:17.500000Z,s-p-maria-10,4.7
2026-09-16T19:11:18Z,s-p-maria-10,3.7
2026-09-16T19:11:18.500000Z,s-p-maria-10,4.4
2026-09-16T19:11:19Z,s-p-maria-10,5.1
2026-09-16T19:11:19.500000Z,s-p-maria-10,4.3
2026-09-16T19:11:20Z,s-p-maria-10,3.1
2026-09-16T19:11:20.500000Z,s-p-maria-10,3.9
2026-09-16T19:11:21Z,s-p-maria-10,4.2
2026-09-16T19:11:21.500000Z,s-p-maria-10,3.7
2026-09-16T19:11:22Z,s-p-maria-10,5.0
2026-09-16T19:11:22.500000Z,s-p-maria-10,4.1
2026-09-16T19:11:23Z,s-p-maria-10,4.7
2026-09-16T19:11:23.500000Z,s-p-maria-10,4.0
2026-09-16T19:11:24Z,s-p-maria-10,6.0
2026-09-16T19:11:24.500000Z,s-p-maria-10,4.7
2026-09-16T19:11:25Z,s-p-maria-10,4.1
2026-09-16T19:11:25.500000Z,s-p-maria-10,4.4
2026-09-16T19:11:26Z,s-p-maria-10,3.9
2026-09-17T17:46:00Z,s-p-maria-9,3.6
2026-09-17T17:46:00.500000Z,s-p-maria-9,5.2
2026-09-17T17:46:01Z,s-p-maria-9,3.8
2026-09-17T17:46:01.500000Z,s-p-maria-9,4.8
2026-09-17T17:46:02Z,s-p-maria-9,5.3
2026-09-17T17:46:02.500000Z,s-p-maria-9,4.8
2026-09-17T17:46:03Z,s-p-maria-9,5.9
2026-09-17T17:46:03.500000Z,s-p-maria-9,5.5
2026-09-17T17:46:04Z,s-p-maria-9,3.9
2026-09-17T17:46:04.500000Z,s-p-maria-9,4.1
2026-09-17T17:46:05Z,s-p-maria-9,3.9
2026-09-17T17:46:05.500000Z,s-p-maria-9,27.7
2026-09-17T17:46:06Z,s-p-maria-9,50.1
2026-09-17T17:46:06.500000Z,s-p-maria-9,63.5
2026-09-17T17:46:07Z,s-p-maria-9,72.0
2026-09-17T17:46:07.500000Z,s-p-maria-9,65.5
2026-09-17T17:46:08Z,s-p-maria-9,49.9
2026-09-17T17:46:08.500000Z,s-p-maria-9,27.2
2026-09-17T17:46:09Z,s-p-maria-9,5.6
2026-09-17T17:46:09.500000Z,s-p-maria-9,3.2
2026-09-17T17:46:10Z,s-p-maria-9,4.5
2026-09-17T17:46:10.500000Z,s-p-maria-9,4.7
2026-09-17T17:46:11Z,s-p-maria-9,5.1
2026-09-17T17:46:11.500000Z,s-p-maria-9,3.5
2026-09-17T17:46:12Z,s-p-maria-9,5.4
2026-09-17T17:46:12.500000Z,s-p-maria-9,5.8
2026-09-17T17:46:13Z,s-p-maria-9,3.3
2026-09-17T17:46:13.500000Z,s-p-maria-9,3.7
2026-09-17T17:46:14Z,s-p-maria-9,4.7
2026-09-17T17:46:14.500000Z,s-p-maria-9,4.2
2026-09-17T17:46:15Z,s-p-maria-9,4.8
2026-09-17T17:46:15.500000Z,s-p-maria-9,4.9
2026-09-17T17:46:16Z,s-p-maria-9,5.3
2026-09-17T17:46:16.500000Z,s-p-maria-9,4.1
2026-09-17T17:46:17Z,s-p-maria-9,5.7
2026-09-17T17:46:17.500000Z,s-p-maria-9,3.9
2026-09-17T17:46:18Z,s-p-maria-9,4.8
2026-09-17T17:46:18.500000Z,s-p-maria-9,4.3
2026-09-17T17:46:19Z,s-p-maria-9,4.7
2026-09-17T17:46:19.500000Z,s-p-maria-9,3.2
2026-09-17T17:46:20Z,s-p-maria-9,5.9
2026-09-17T17:46:20.500000Z,s-p-maria-9,3.3
2026-09-17T17:46:21Z,s-p-maria-9,5.3
2026-09-17T17:46:21.500000Z,s-p-maria-9,4.9
2026-09-17T17:46:22Z,s-p-maria-9,3.8
2026-09-17T17:46:22.500000Z,s-p-maria-9,3.2
2026-09-17T17:46:23Z,s-p-maria-9,3.7
2026-09-17T17:46:23.500000Z,s-p-maria-9,4.7
2026-09-17T17:46:24Z,s-p-maria-9,3.5
2026-09-17T17:46:24.500000Z,s-p-maria-9,4.2
2026-09-17T17:46:25Z,s-p-maria-9,5.1
2026-09-17T17:46:25.500000Z,s-p-maria-9,4.4
2026-09-17T17:46:26Z,s-p-maria-9,3.1
2026-09-17T17:46:26.500000Z,s-p-maria-9,3.9
2026-09-17T17:46:27Z,s-p-maria-9,3.8
2026-09-17T17:46:27.500000Z,s-p-maria-9,5.6
2026-09-17T17:46:28Z,s-p-maria-9,7.0
2026-09-17T17:46:28.500000Z,s-p-maria-9,32.0
2026-09-17T17:46:29Z,s-p-maria-9,52.4
2026-09-17T17:46:29.500000Z,s-p-maria-9,68.8
2026-09-17T17:46:30Z,s-p-maria-9,71.4
2026-09-17T17:46:30.500000Z,s-p-maria-9,63.3
2026-09-17T17:46:31Z,s-p-maria-9,43.0
2026-09-17T17:46:31.500000Z,s-p-maria-9,19.6
2026-09-17T17:46:32Z,s-p-maria-9,5.8
2026-09-17T17:46:32.500000Z,s-p-maria-9,4.3
2026-09-17T17:46:33Z,s-p-maria-9,4.4
2026-09-17T17:46:33.500000Z,s-p-maria-9,3.9
2026-09-17T17:46:34Z,s-p-maria-9,4.2
2026-09-17T17:46:34.500000Z,s-p-maria-9,3.8
2026-09-17T17:46:35Z,s-p-maria-9,4.6
2026-09-17T17:46:35.500000Z,s-p-maria-9,4.3
2026-09-17T17:46:36Z,s-p-maria-9,4.8
2026-09-17T17:46:36.500000Z,s-p-maria-9,5.7
2026-09-17T17:46:37Z,s-p-maria-9,5.2
2026-09-17T17:46:37.500000Z,s-p-maria-9,4.8
2026-09-17T17:46:38Z,s-p-maria-9,3.1
2026-09-17T17:46:38.500000Z,s-p-maria-9,3.7
2026-09-17T17:46:39Z,s-p-maria-9,5.0
2026-09-17T17:46:39.500000Z,s-p-maria-9,5.6
2026-09-17T17:46:40Z,s-p-maria-9,4.8
2026-09-17T17:46:40.500000Z,s-p-maria-9,3.1
2026-09-17T17:46:41Z,s-p-maria-9,5.3
2026-09-17T17:46:41.500000Z,s-p-maria-9,5.5
2026-09-17T17:46:42Z,s-p-maria-9,4.7
2026-09-17T17:46:42.500000Z,s-p-maria-9,5.3
2026-09-17T17:46:43Z,s-p-maria-9,3.5
2026-09-17T17:46:43.500000Z,s-p-maria-9,4.6
2026-09-17T17:46:44Z,s-p-maria-9,4.3
2026-09-17T17:46:44.500000Z,s-p-maria-9,3.8
2026-09-17T17:46:45Z,s-p-maria-9,6.0
2026-09-17T17:46:45.500000Z,s-p-maria-9,4.3
2026-09-17T17:46:46Z,s-p-maria-9,5.4
2026-09-17T17:46:46.500000Z,s-p-maria-9,5.9
2026-09-17T17:46:47Z,s-p-maria-9,4.4
2026-09-17T17:46:47.500000Z,s-p-maria-9,4.2
2026-09-17T17:46:48Z,s-p-maria-9,4.0
2026-09-17T17:46:48.500000Z,s-p-maria-9,3.3
2026-09-17T17:46:49Z,s-p-maria-9,3.5
2026-09-17T17:46:49.500000Z,s-p-maria-9,4.2
2026-09-17T17:46:50Z,s-p-maria-9,4.5
2026-09-17T17:46:50.500000Z,s-p-maria-9,5.0
2026-09-17T17:46:51Z,s-p-maria-9,13.3
2026-09-17T17:46:51.500000Z,s-p-maria-9,40.0
2026-09-17T17:46:52Z,s-p-maria-9,59.8
2026-09-17T17:46:52.500000Z,s-p-maria-9,66.1
2026-09-17T17:46:53Z,s-p-maria-9,71.2
2026-09-17T17:46:53.500000Z,s-p-maria-9,58.1
2026-09-17T17:46:54Z,s-p-maria-9,38.6
2026-09-17T17:46:54.500000Z,s-p-maria-9,13.6
2026-09-17T17:46:55Z,s-p-maria-9,4.3
2026-09-17T17:46:55.500000Z,s-p-maria-9,3.2
2026-09-17T17:46:56Z,s-p-maria-9,3.8
2026-09-17T17:46:56.500000Z,s-p-maria-9,3.4
2026-09-17T17:46:57Z,s-p-maria-9,3.9
2026-09-17T17:46:57.500000Z,s-p-maria-9,5.6
2026-09-17T17:46:58Z,s-p-maria-9,4.5
2026-09-17T17:46:58.500000Z,s-p-maria-9,3.1
2026-09-17T17:46:59Z,s-p-maria-9,4.9
2026-09-17T17:46:59.500000Z,s-p-maria-9,5.4
2026-09-17T17:47:00Z,s-p-maria-9,5.1
2026-09-17T17:47:00.500000Z,s-p-maria-9,3.9
2026-09-17T17:47:01Z,s-p-maria-9,3.0
2026-09-17T17:47:01.500000Z,s-p-maria-9,4.2
2026-09-17T17:47:02Z,s-p-maria-9,3.7
2026-09-17T17:47:02.500000Z,s-p-maria-9,5.5
2026-09-17T17:47:03Z,s-p-maria-9,3.3
2026-09-17T17:47:03.500000Z,s-p-maria-9,5.8
2026-09-17T17:47:04Z,s-p-maria-9,4.9
2026-09-17T17:47:04.500000Z,s-p-maria-9,3.5
2026-09-17T17:47:05Z,s-p-maria-9,5.8
2026-09-17T17:47:05.500000Z,s-p-maria-9,3.9
2026-09-17T17:47:06Z,s-p-maria-9,5.1
2026-09-17T17:47:06.500000Z,s-p-maria-9,4.2
2026-09-17T17:47:07Z,s-p-maria-9,4.4
2026-09-17T17:47:07.500000Z,s-p-maria-9,4.4
2026-09-17T17:47:08Z,s-p-maria-9,4.4
2026-09-17T17:47:08.500000Z,s-p-maria-9,3.4
2026-09-17T17:47:09Z,s-p-maria-9,3.6
2026-09-17T17:47:09.500000Z,s-p-maria-9,4.8
2026-09-17T17:47:10Z,s-p-maria-9,5.2
2026-09-17T17:47:10.500000Z,s-p-maria-9,3.4
2026-09-17T17:47:11Z,s-p-maria-9,3.2
2026-09-17T17:47:11.500000Z,s-p-maria-9,5.3
2026-09-17T17:47:12Z,s-p-maria-9,5.6
2026-09-17T17:47:12.500000Z,s-p-maria-9,4.0
2026-09-17T17:47:13Z,s-p-maria-9,5.4
2026-09-17T17:47:13.500000Z,s-p-maria-9,3.8
2026-09-17T17:47:14Z,s-p-maria-9,19.8
2026-09-17T17:47:14.500000Z,s-p-maria-9,43.8
2026-09-17T17:47:15Z,s-p-maria-9,59.4
2026-09-17T17:47:15.500000Z,s-p-maria-9,69.4
2026-09-17T17:47:16Z,s-p-maria-9,65.1
2026-09-17T17:47:16.500000Z,s-p-maria-9,51.8
2026-09-17T17:47:17Z,s-p-maria-9,31.4
2026-09-17T17:47:17.500000Z,s-p-maria-9,6.9
2026-09-17T17:47:18Z,s-p-maria-9,5.6
2026-09-17T17:47:18.500000Z,s-p-maria-9,4.2
2026-09-17T17:47:19Z,s-p-maria-9,4.0
2026-09-17T17:47:19.500000Z,s-p-maria-9,4.4
2026-09-17T17:47:20Z,s-p-maria-9,5.7
2026-09-17T17:47:20.500000Z,s-p-maria-9,4.1
2026-09-17T17:47:21Z,s-p-maria-9,6.0
2026-09-17T17:47:21.500000Z,s-p-maria-9,5.4
2026-09-17T17:47:22Z,s-p-maria-9,5.0
2026-09-17T17:47:22.500000Z,s-p-maria-9,3.5
2026-09-17T17:47:23Z,s-p-maria-9,5.9
2026-09-17T17:47:23.500000Z,s-p-maria-9,3.4
2026-09-17T17:47:24Z,s-p-maria-9,5.9
2026-09-17T17:47:24.500000Z,s-p-maria-9,4.0
2026-09-17T17:47:25Z,s-p-maria-9,3.3
2026-09-17T17:47:25.500000Z,s-p-maria-9,5.5
2026-09-17T17:47:26Z,s-p-maria-9,3.3
2026-09-17T17:47:26.500000Z,s-p-maria-9,5.7
2026-09-17T17:47:27Z,s-p-maria-9,3.0
2026-09-17T17:47:27.500000Z,s-p-maria-9,3.4
2026-09-17T17:47:28Z,s-p-maria-9,5.6
2026-09-17T17:47:28.500000Z,s-p-maria-9,5.9
2026-09-17T17:47:29Z,s-p-maria-9,3.2
2026-09-17T17:47:29.500000Z,s-p-maria-9,5.3
2026-09-17T17:47:30Z,s-p-maria-9,3.8
2026-09-17T17:47:30.500000Z,s-p-maria-9,4.9
2026-09-17T17:47:31Z,s-p-maria-9,4.2
2026-09-17T17:47:31.500000Z,s-p-maria-9,3.2
2026-09-17T17:47:32Z,s-p-maria-9,4.0
2026-09-17T17:47:32.500000Z,s-p-maria-9,5.0
2026-09-17T17:47:33Z,s-p-maria-9,4.6
2026-09-17T17:47:33.500000Z,s-p-maria-9,5.9
2026-09-17T17:47:34Z,s-p-maria-9,4.9
2026-09-17T17:47:34.500000Z,s-p-maria-9,5.7
2026-09-17T17:47:35Z,s-p-maria-9,4.5
2026-09-17T17:47:35.500000Z,s-p-maria-9,4.6
2026-09-17T17:47:36Z,s-p-maria-9,4.9
2026-09-17T17:47:36.500000Z,s-p-maria-9,3.7
2026-09-17T17:47:37Z,s-p-maria-9,27.3
2026-09-17T17:47:37.500000Z,s-p-maria-9,47.2
2026-09-17T17:47:38Z,s-p-maria-9,63.2
2026-09-17T17:47:38.500000Z,s-p-maria-9,71.6
2026-09-17T17:47:39Z,s-p-maria-9,66.9
2026-09-17T17:47:39.500000Z,s-p-maria-9,51.1
2026-09-17T17:47:40Z,s-p-maria-9,26.8
2026-09-17T17:47:40.500000Z,s-p-maria-9,3.7
2026-09-17T17:47:41Z,s-p-maria-9,5.0
2026-09-17T17:47:41.500000Z,s-p-maria-9,3.5
2026-09-17T17:47:42Z,s-p-maria-9,3.5
2026-09-17T17:47:42.500000Z,s-p-maria-9,4.8
2026-09-17T17:47:43Z,s-p-maria-9,4.1
2026-09-17T17:47:43.500000Z,s-p-maria-9,5.0
2026-09-17T17:47:44Z,s-p-maria-9,4.5
2026-09-17T17:47:44.500000Z,s-p-maria-9,4.7
2026-09-17T17:47:45Z,s-p-maria-9,3.7
2026-09-17T17:47:45.500000Z,s-p-maria-9,4.9
2026-09-17T17:47:46Z,s-p-maria-9,4.4
2026-09-17T17:47:46.500000Z,s-p-maria-9,5.0
2026-09-17T17:47:47Z,s-p-maria-9,5.7
2026-09-17T17:47:47.500000Z,s-p-maria-9,4.4
2026-09-17T17:47:48Z,s-p-maria-9,3.9
2026-09-17T17:47:48.500000Z,s-p-maria-9,4.6
2026-09-17T17:47:49Z,s-p-maria-9,3.2
2026-09-17T17:47:49.500000Z,s-p-maria-9,5.8
2026-09-17T17:47:50Z,s-p-maria-9,6.0
2026-09-17T17:47:50.500000Z,s-p-maria-9,3.9
2026-09-17T17:47:51Z,s-p-maria-9,5.9
2026-09-17T17:47:51.500000Z,s-p-maria-9,5.1
2026-09-17T17:47:52Z,s-p-maria-9,4.4
2026-09-17T17:47:52.500000Z,s-p-maria-9,3.9
2026-09-17T17:47:53Z,s-p-maria-9,6.0
2026-09-17T17:47:53.500000Z,s-p-maria-9,5.6
2026-09-17T17:47:54Z,s-p-maria-9,3.3
2026-09-17T17:47:54.500000Z,s-p-maria-9,4.1
2026-09-17T17:47:55Z,s-p-maria-9,4.1
2026-09-17T17:47:55.500000Z,s-p-maria-9,3.9
2026-09-17T17:47:56Z,s-p-maria-9,5.1
2026-09-17T17:47:56.500000Z,s-p-maria-9,3.1
2026-09-17T17:47:57Z,s-p-maria-9,5.5
2026-09-17T17:47:57.500000Z,s-p-maria-9,4.2
2026-09-17T17:47:58Z,s-p-maria-9,3.0
2026-09-17T17:47:58.500000Z,s-p-maria-9,5.6
2026-09-17T17:47:59Z,s-p-maria-9,5.3
2026-09-17T17:47:59.500000Z,s-p-maria-9,6.6
2026-09-17T17:48:00Z,s-p-maria-9,31.9
2026-09-17T17:48:00.500000Z,s-p-maria-9,52.5
2026-09-17T17:48:01Z,s-p-maria-9,64.9
2026-09-17T17:48:01.500000Z,s-p-maria-9,71.1
2026-09-17T17:48:02Z,s-p-maria-9,60.0
2026-09-17T17:48:02.500000Z,s-p-maria-9,43.5
2026-09-17T17:48:03Z,s-p-maria-9,20.9
2026-09-17T17:48:03.500000Z,s-p-maria-9,4.9
2026-09-17T17:48:04Z,s-p-maria-9,3.1
2026-09-17T17:48:04.500000Z,s-p-maria-9,5.4
2026-09-17T17:48:05Z,s-p-maria-9,3.1
2026-09-17T17:48:05.500000Z,s-p-maria-9,4.1
2026-09-17T17:48:06Z,s-p-maria-9,3.4
2026-09-17T17:48:06.500000Z,s-p-maria-9,5.7
2026-09-17T17:48:07Z,s-p-maria-9,4.0
2026-09-17T17:48:07.500000Z,s-p-maria-9,4.2
2026-09-17T17:48:08Z,s-p-maria-9,3.6
2026-09-17T17:48:08.500000Z,s-p-maria-9,5.4
2026-09-17T17:48:09Z,s-p-maria-9,5.6
2026-09-17T17:48:09.500000Z,s-p-maria-9,4.1
2026-09-17T17:48:10Z,s-p-maria-9,4.5
2026-09-17T17:48:10.500000Z,s-p-maria-9,3.8
2026-09-17T17:48:11Z,s-p-maria-9,3.5
2026-09-17T17:48:11.500000Z,s-p-maria-9,5.7
2026-09-17T17:48:12Z,s-p-maria-9,5.8
2026-09-17T17:48:12.500000Z,s-p-maria-9,5.9
2026-09-17T17:48:13Z,s-p-maria-9,3.9
2026-09-17T17:48:13.500000Z,s-p-maria-9,5.6
2026-09-17T17:48:14Z,s-p-maria-9,5.4
2026-09-17T17:48:14.500000Z,s-p-maria-9,4.4
2026-09-17T17:48:15Z,s-p-maria-9,3.2
2026-09-17T17:48:15.500000Z,s-p-maria-9,5.3
2026-09-17T17:48:16Z,s-p-maria-9,3.7
2026-09-17T17:48:16.500000Z,s-p-maria-9,5.0
2026-09-17T17:48:17Z,s-p-maria-9,5.0
2026-09-17T17:48:17.500000Z,s-p-maria-9,4.2
2026-09-17T17:48:18Z,s-p-maria-9,5.5
2026-09-17T17:48:18.500000Z,s-p-maria-9,4.7
2026-09-17T17:48:19Z,s-p-maria-9,3.3
2026-09-17T17:48:19.500000Z,s-p-maria-9,4.2
2026-09-17T17:48:20Z,s-p-maria-9,3.8
2026-09-17T17:48:20.500000Z,s-p-maria-9,3.4
2026-09-17T17:48:21Z,s-p-maria-9,4.1
2026-09-17T17:48:21.500000Z,s-p-maria-9,5.2
2026-09-17T17:48:22Z,s-p-maria-9,3.8
2026-09-17T17:48:22.500000Z,s-p-maria-9,13.4
2026-09-17T17:48:23Z,s-p-maria-9,38.1
2026-09-17T17:48:23.500000Z,s-p-maria-9,57.3
2026-09-17T17:48:24Z,s-p-maria-9,69.3
2026-09-17T17:48:24.500000Z,s-p-maria-9,67.4
2026-09-17T17:48:25Z,s-p-maria-9,58.0
2026-09-17T17:48:25.500000Z,s-p-maria-9,38.2
2026-09-17T17:48:26Z,s-p-maria-9,14.1
2026-09-17T17:48:26.500000Z,s-p-maria-9,3.1
2026-09-17T17:48:27Z,s-p-maria-9,6.0
2026-09-17T17:48:27.500000Z,s-p-maria-9,3.3
2026-09-17T17:48:28Z,s-p-maria-9,3.7
2026-09-17T17:48:28.500000Z,s-p-maria-9,4.6
2026-09-17T17:48:29Z,s-p-maria-9,4.2
2026-09-17T17:48:29.500000Z,s-p-maria-9,4.1
2026-09-17T17:48:30Z,s-p-maria-9,5.8
2026-09-17T17:48:30.500000Z,s-p-maria-9,5.1
2026-09-17T17:48:31Z,s-p-maria-9,4.6
2026-09-17T17:48:31.500000Z,s-p-maria-9,4.8
2026-09-17T17:48:32Z,s-p-maria-9,5.2
2026-09-17T17:48:32.500000Z,s-p-maria-9,5.7
2026-09-17T17:48:33Z,s-p-maria-9,5.0
2026-09-17T17:48:33.500000Z,s-p-maria-9,5.5
2026-09-17T17:48:34Z,s-p-maria-9,4.8
2026-09-17T17:48:34.500000Z,s-p-maria-9,5.8
2026-09-17T17:48:35Z,s-p-maria-9,3.8
2026-09-17T17:48:35.500000Z,s-p-maria-9,5.1
2026-09-17T17:48:36Z,s-p-maria-9,3.7
2026-09-17T17:48:36.500000Z,s-p-maria-9,4.3
2026-09-17T17:48:37Z,s-p-maria-9,3.7
2026-09-17T17:48:37.500000Z,s-p-maria-9,4.1
2026-09-17T17:48:38Z,s-p-maria-9,5.9
2026-09-17T17:48:38.500000Z,s-p-maria-9,4.1
2026-09-17T17:48:39Z,s-p-maria-9,5.7
2026-09-17T17:48:39.500000Z,s-p-maria-9,4.9
2026-09-17T17:48:40Z,s-p-maria-9,3.2
2026-09-17T17:48:40.500000Z,s-p-maria-9,3.8
2026-09-17T17:48:41Z,s-p-maria-9,5.9
2026-09-17T17:48:41.500000Z,s-p-maria-9,5.8
2026-09-17T17:48:42Z,s-p-maria-9,5.5
2026-09-17T17:48:42.500000Z,s-p-maria-9,3.3
2026-09-17T17:48:43Z,s-p-maria-9,3.6
2026-09-17T17:48:43.500000Z,s-p-maria-9,4.9
2026-09-17T17:48:44Z,s-p-maria-9,5.9
2026-09-17T17:48:44.500000Z,s-p-maria-9,3.2
2026-09-17T17:48:45Z,s-p-maria-9,4.0
2026-09-17T17:48:45.500000Z,s-p-maria-9,19.7
2026-09-17T17:48:46Z,s-p-maria-9,42.9
2026-09-17T17:48:46.500000Z,s-p-maria-9,60.9
2026-09-17T17:48:47Z,s-p-maria-9,70.9
2026-09-17T17:48:47.500000Z,s-p-maria-9,64.9
2026-09-17T17:48:48Z,s-p-maria-9,54.8
2026-09-17T17:48:48.500000Z,s-p-maria-9,31.4
2026-09-17T17:48:49Z,s-p-maria-9,6.6
2026-09-17T17:48:49.500000Z,s-p-maria-9,3.3
2026-09-17T17:48:50Z,s-p-maria-9,5.6
2026-09-17T17:48:50.500000Z,s-p-maria-9,3.4
2026-09-17T17:48:51Z,s-p-maria-9,4.1
2026-09-17T17:48:51.500000Z,s-p-maria-9,5.4
2026-09-17T17:48:52Z,s-p-maria-9,4.8
2026-09-17T17:48:52.500000Z,s-p-maria-9,3.0
2026-09-17T17:48:53Z,s-p-maria-9,3.8
2026-09-17T17:48:53.500000Z,s-p-maria-9,3.4
2026-09-17T17:48:54Z,s-p-maria-9,4.3
2026-09-17T17:48:54.500000Z,s-p-maria-9,3.3
2026-09-17T17:48:55Z,s-p-maria-9,3.2
2026-09-17T17:48:55.500000Z,s-p-maria-9,4.3
2026-09-17T17:48:56Z,s-p-maria-9,4.1
2026-09-17T17:48:56.500000Z,s-p-maria-9,4.8
2026-09-17T17:48:57Z,s-p-maria-9,4.4
2026-09-17T17:48:57.500000Z,s-p-maria-9,3.7
2026-09-17T17:48:58Z,s-p-maria-9,4.8
2026-09-17T17:48:58.500000Z,s-p-maria-9,5.2
2026-09-17T17:48:59Z,s-p-maria-9,5.7
2026-09-17T17:48:59.500000Z,s-p-maria-9,5.0
2026-09-17T17:49:00Z,s-p-maria-9,3.9
2026-09-17T17:49:00.500000Z,s-p-maria-9,4.9
2026-09-17T17:49:01Z,s-p-maria-9,3.1
2026-09-17T17:49:01.500000Z,s-p-maria-9,6.0
2026-09-17T17:49:02Z,s-p-maria-9,5.5
2026-09-17T17:49:02.500000Z,s-p-maria-9,4.3
2026-09-17T17:49:03Z,s-p-maria-9,3.3
2026-09-17T17:49:03.500000Z,s-p-maria-9,5.1
2026-09-17T17:49:04Z,s-p-maria-9,4.3
2026-09-17T17:49:04.500000Z,s-p-maria-9,5.7
2026-09-17T17:49:05Z,s-p-maria-9,4.0
2026-09-17T17:49:05.500000Z,s-p-maria-9,3.4
2026-09-17T17:49:06Z,s-p-maria-9,3.4
2026-09-17T17:49:06.500000Z,s-p-maria-9,4.9
2026-09-17T17:49:07Z,s-p-maria-9,4.8
2026-09-17T17:49:07.500000Z,s-p-maria-9,5.1
2026-09-17T17:49:08Z,s-p-maria-9,4.1
2026-09-17T17:49:08.500000Z,s-p-maria-9,4.8
2026-09-17T17:49:09Z,s-p-maria-9,3.9
2026-09-17T17:49:09.500000Z,s-p-maria-9,4.5
2026-09-17T17:49:10Z,s-p-maria-9,4.3
2026-09-17T17:49:10.500000Z,s-p-maria-9,5.4
2026-09-17T17:49:11Z,s-p-maria-9,3.3
2026-09-17T17:49:11.500000Z,s-p-maria-9,5.0
2026-09-17T17:49:12Z,s-p-maria-9,5.6
2026-09-17T17:49:12.500000Z,s-p-maria-9,4.7
2026-09-17T17:49:13Z,s-p-maria-9,5.6
2026-09-17T17:49:13.500000Z,s-p-maria-9,4.3
2026-09-17T17:49:14Z,s-p-maria-9,5.7
2026-09-17T17:49:14.500000Z,s-p-maria-9,4.2
2026-09-17T17:49:15Z,s-p-maria-9,5.5
2026-09-17T17:49:15.500000Z,s-p-maria-9,4.2
2026-09-17T17:49:16Z,s-p-maria-9,5.2
2026-09-17T17:49:16.500000Z,s-p-maria-9,3.9
2026-09-17T17:49:17Z,s-p-maria-9,3.9
2026-09-17T17:49:17.500000Z,s-p-maria-9,3.8
2026-09-17T17:49:18Z,s-p-maria-9,5.9
2026-09-17T17:49:18.500000Z,s-p-maria-9,5.1
2026-09-17T17:49:19Z,s-p-maria-9,4.4
2026-09-17T17:49:19.500000Z,s-p-maria-9,3.3
2026-09-17T17:49:20Z,s-p-maria-9,3.3
2026-09-17T17:49:20.500000Z,s-p-maria-9,4.3
2026-09-17T17:49:21Z,s-p-maria-9,5.2
2026-09-17T17:49:21.500000Z,s-p-maria-9,4.1
2026-09-17T17:49:22Z,s-p-maria-9,3.4
2026-09-17T17:49:22.500000Z,s-p-maria-9,3.2
2026-09-17T17:49:23Z,s-p-maria-9,5.9
2026-09-18T18:42:00Z,s-p-maria-8,5.7
2026-09-18T18:42:00.500000Z,s-p-maria-8,3.2
2026-09-18T18:42:01Z,s-p-maria-8,3.9
2026-09-18T18:42:01.500000Z,s-p-maria-8,3.9
2026-09-18T18:42:02Z,s-p-maria-8,3.3
2026-09-18T18:42:02.500000Z,s-p-maria-8,4.5
2026-09-18T18:42:03Z,s-p-maria-8,3.5
2026-09-18T18:42:03.500000Z,s-p-maria-8,4.4
2026-09-18T18:42:04Z,s-p-maria-8,5.5
2026-09-18T18:42:04.500000Z,s-p-maria-8,4.1
2026-09-18T18:42:05Z,s-p-maria-8,4.7
2026-09-18T18:42:05.500000Z,s-p-maria-8,27.8
2026-09-18T18:42:06Z,s-p-maria-8,49.9
2026-09-18T18:42:06.500000Z,s-p-maria-8,64.9
2026-09-18T18:42:07Z,s-p-maria-8,70.7
2026-09-18T18:42:07.500000Z,s-p-maria-8,64.7
2026-09-18T18:42:08Z,s-p-maria-8,52.2
2026-09-18T18:42:08.500000Z,s-p-maria-8,26.6
2026-09-18T18:42:09Z,s-p-maria-8,5.8
2026-09-18T18:42:09.500000Z,s-p-maria-8,3.5
2026-09-18T18:42:10Z,s-p-maria-8,3.4
2026-09-18T18:42:10.500000Z,s-p-maria-8,5.0
2026-09-18T18:42:11Z,s-p-maria-8,3.2
2026-09-18T18:42:11.500000Z,s-p-maria-8,5.2
2026-09-18T18:42:12Z,s-p-maria-8,5.9
2026-09-18T18:42:12.500000Z,s-p-maria-8,3.3
2026-09-18T18:42:13Z,s-p-maria-8,4.6
2026-09-18T18:42:13.500000Z,s-p-maria-8,4.1
2026-09-18T18:42:14Z,s-p-maria-8,4.4
2026-09-18T18:42:14.500000Z,s-p-maria-8,3.5
2026-09-18T18:42:15Z,s-p-maria-8,3.9
2026-09-18T18:42:15.500000Z,s-p-maria-8,4.0
2026-09-18T18:42:16Z,s-p-maria-8,5.8
2026-09-18T18:42:16.500000Z,s-p-maria-8,4.8
2026-09-18T18:42:17Z,s-p-maria-8,5.7
2026-09-18T18:42:17.500000Z,s-p-maria-8,3.5
2026-09-18T18:42:18Z,s-p-maria-8,5.3
2026-09-18T18:42:18.500000Z,s-p-maria-8,3.1
2026-09-18T18:42:19Z,s-p-maria-8,3.2
2026-09-18T18:42:19.500000Z,s-p-maria-8,4.3
2026-09-18T18:42:20Z,s-p-maria-8,4.3
2026-09-18T18:42:20.500000Z,s-p-maria-8,4.8
2026-09-18T18:42:21Z,s-p-maria-8,4.2
2026-09-18T18:42:21.500000Z,s-p-maria-8,3.6
2026-09-18T18:42:22Z,s-p-maria-8,4.5
2026-09-18T18:42:22.500000Z,s-p-maria-8,4.0
2026-09-18T18:42:23Z,s-p-maria-8,3.3
2026-09-18T18:42:23.500000Z,s-p-maria-8,5.0
2026-09-18T18:42:24Z,s-p-maria-8,4.8
2026-09-18T18:42:24.500000Z,s-p-maria-8,4.6
2026-09-18T18:42:25Z,s-p-maria-8,3.9
2026-09-18T18:42:25.500000Z,s-p-maria-8,3.7
2026-09-18T18:42:26Z,s-p-maria-8,6.0
2026-09-18T18:42:26.500000Z,s-p-maria-8,3.2
2026-09-18T18:42:27Z,s-p-maria-8,3.6
2026-09-18T18:42:27.500000Z,s-p-maria-8,5.8
2026-09-18T18:42:28Z,s-p-maria-8,5.3
2026-09-18T18:42:28.500000Z,s-p-maria-8,5.3
2026-09-18T18:42:29Z,s-p-maria-8,3.9
2026-09-18T18:42:29.500000Z,s-p-maria-8,3.4
2026-09-18T18:42:30Z,s-p-maria-8,4.5
2026-09-18T18:42:30.500000Z,s-p-maria-8,4.3
2026-09-18T18:42:31Z,s-p-maria-8,3.4
2026-09-18T18:42:31.500000Z,s-p-maria-8,4.6
2026-09-18T18:42:32Z,s-p-maria-8,3.7
2026-09-18T18:42:32.500000Z,s-p-maria-8,21.6
2026-09-18T18:42:33Z,s-p-maria-8,46.5
2026-09-18T18:42:33.500000Z,s-p-maria-8,63.6
2026-09-18T18:42:34Z,s-p-maria-8,73.3
2026-09-18T18:42:34.500000Z,s-p-maria-8,67.9
2026-09-18T18:42:35Z,s-p-maria-8,53.3
2026-09-18T18:42:35.500000Z,s-p-maria-8,32.5
2026-09-18T18:42:36Z,s-p-maria-8,5.9
2026-09-18T18:42:36.500000Z,s-p-maria-8,5.8
2026-09-18T18:42:37Z,s-p-maria-8,4.4
2026-09-18T18:42:37.500000Z,s-p-maria-8,5.1
2026-09-18T18:42:38Z,s-p-maria-8,4.1
2026-09-18T18:42:38.500000Z,s-p-maria-8,4.3
2026-09-18T18:42:39Z,s-p-maria-8,3.3
2026-09-18T18:42:39.500000Z,s-p-maria-8,4.3
2026-09-18T18:42:40Z,s-p-maria-8,4.2
2026-09-18T18:42:40.500000Z,s-p-maria-8,3.2
2026-09-18T18:42:41Z,s-p-maria-8,5.6
2026-09-18T18:42:41.500000Z,s-p-maria-8,5.2
2026-09-18T18:42:42Z,s-p-maria-8,3.7
2026-09-18T18:42:42.500000Z,s-p-maria-8,5.3
2026-09-18T18:42:43Z,s-p-maria-8,3.2
2026-09-18T18:42:43.500000Z,s-p-maria-8,4.9
2026-09-18T18:42:44Z,s-p-maria-8,4.6
2026-09-18T18:42:44.500000Z,s-p-maria-8,3.6
2026-09-18T18:42:45Z,s-p-maria-8,5.3
2026-09-18T18:42:45.500000Z,s-p-maria-8,4.1
2026-09-18T18:42:46Z,s-p-maria-8,5.9
2026-09-18T18:42:46.500000Z,s-p-maria-8,4.9
2026-09-18T18:42:47Z,s-p-maria-8,3.4
2026-09-18T18:42:47.500000Z,s-p-maria-8,3.3
2026-09-18T18:42:48Z,s-p-maria-8,3.8
2026-09-18T18:42:48.500000Z,s-p-maria-8,3.5
2026-09-18T18:42:49Z,s-p-maria-8,3.5
2026-09-18T18:42:49.500000Z,s-p-maria-8,5.3
2026-09-18T18:42:50Z,s-p-maria-8,3.2
2026-09-18T18:42:50.500000Z,s-p-maria-8,5.9
2026-09-18T18:42:51Z,s-p-maria-8,4.9
2026-09-18T18:42:51.500000Z,s-p-maria-8,4.4
2026-09-18T18:42:52Z,s-p-maria-8,4.7
2026-09-18T18:42:52.500000Z,s-p-maria-8,4.7
2026-09-18T18:42:53Z,s-p-maria-8,5.0
2026-09-18T18:42:53.500000Z,s-p-maria-8,5.6
2026-09-18T18:42:54Z,s-p-maria-8,4.9
2026-09-18T18:42:54.500000Z,s-p-maria-8,6.0
2026-09-18T18:42:55Z,s-p-maria-8,4.0
2026-09-18T18:42:55.500000Z,s-p-maria-8,5.9
2026-09-18T18:42:56Z,s-p-maria-8,3.9
2026-09-18T18:42:56.500000Z,s-p-maria-8,4.3
2026-09-18T18:42:57Z,s-p-maria-8,4.4
2026-09-18T18:42:57.500000Z,s-p-maria-8,4.9
2026-09-18T18:42:58Z,s-p-maria-8,5.4
2026-09-18T18:42:58.500000Z,s-p-maria-8,4.8
2026-09-18T18:42:59Z,s-p-maria-8,4.1
2026-09-18T18:42:59.500000Z,s-p-maria-8,16.6
2026-09-18T18:43:00Z,s-p-maria-8,42.2
2026-09-18T18:43:00.500000Z,s-p-maria-8,59.8
2026-09-18T18:43:01Z,s-p-maria-8,72.6
2026-09-18T18:43:01.500000Z,s-p-maria-8,69.7
2026-09-18T18:43:02Z,s-p-maria-8,55.2
2026-09-18T18:43:02.500000Z,s-p-maria-8,38.5
2026-09-18T18:43:03Z,s-p-maria-8,11.0
2026-09-18T18:43:03.500000Z,s-p-maria-8,3.6
2026-09-18T18:43:04Z,s-p-maria-8,4.8
2026-09-18T18:43:04.500000Z,s-p-maria-8,4.5
2026-09-18T18:43:05Z,s-p-maria-8,5.9
2026-09-18T18:43:05.500000Z,s-p-maria-8,4.4
2026-09-18T18:43:06Z,s-p-maria-8,5.4
2026-09-18T18:43:06.500000Z,s-p-maria-8,5.5
2026-09-18T18:43:07Z,s-p-maria-8,5.9
2026-09-18T18:43:07.500000Z,s-p-maria-8,3.3
2026-09-18T18:43:08Z,s-p-maria-8,4.9
2026-09-18T18:43:08.500000Z,s-p-maria-8,3.1
2026-09-18T18:43:09Z,s-p-maria-8,5.1
2026-09-18T18:43:09.500000Z,s-p-maria-8,6.0
2026-09-18T18:43:10Z,s-p-maria-8,4.6
2026-09-18T18:43:10.500000Z,s-p-maria-8,4.8
2026-09-18T18:43:11Z,s-p-maria-8,4.1
2026-09-18T18:43:11.500000Z,s-p-maria-8,5.8
2026-09-18T18:43:12Z,s-p-maria-8,4.2
2026-09-18T18:43:12.500000Z,s-p-maria-8,5.3
2026-09-18T18:43:13Z,s-p-maria-8,5.0
2026-09-18T18:43:13.500000Z,s-p-maria-8,3.2
2026-09-18T18:43:14Z,s-p-maria-8,4.9
2026-09-18T18:43:14.500000Z,s-p-maria-8,4.0
2026-09-18T18:43:15Z,s-p-maria-8,4.0
2026-09-18T18:43:15.500000Z,s-p-maria-8,4.7
2026-09-18T18:43:16Z,s-p-maria-8,4.2
2026-09-18T18:43:16.500000Z,s-p-maria-8,3.8
2026-09-18T18:43:17Z,s-p-maria-8,5.6
2026-09-18T18:43:17.500000Z,s-p-maria-8,5.9
2026-09-18T18:43:18Z,s-p-maria-8,4.8
2026-09-18T18:43:18.500000Z,s-p-maria-8,3.5
2026-09-18T18:43:19Z,s-p-maria-8,3.2
2026-09-18T18:43:19.500000Z,s-p-maria-8,5.0
2026-09-18T18:43:20Z,s-p-maria-8,5.8
2026-09-18T18:43:20.500000Z,s-p-maria-8,3.9
2026-09-18T18:43:21Z,s-p-maria-8,5.0
2026-09-18T18:43:21.500000Z,s-p-maria-8,5.0
2026-09-18T18:43:22Z,s-p-maria-8,3.4
2026-09-18T18:43:22.500000Z,s-p-maria-8,5.1
2026-09-18T18:43:23Z,s-p-maria-8,3.3
2026-09-18T18:43:23.500000Z,s-p-maria-8,4.7
2026-09-18T18:43:24Z,s-p-maria-8,4.9
2026-09-18T18:43:24.500000Z,s-p-maria-8,4.0
2026-09-18T18:43:25Z,s-p-maria-8,3.4
2026-09-18T18:43:25.500000Z,s-p-maria-8,5.1
2026-09-18T18:43:26Z,s-p-maria-8,5.8
2026-09-18T18:43:26.500000Z,s-p-maria-8,10.7
2026-09-18T18:43:27Z,s-p-maria-8,36.6
2026-09-18T18:43:27.500000Z,s-p-maria-8,59.8
2026-09-18T18:43:28Z,s-p-maria-8,66.4
2026-09-18T18:43:28.500000Z,s-p-maria-8,68.5
2026-09-18T18:43:29Z,s-p-maria-8,58.0
2026-09-18T18:43:29.500000Z,s-p-maria-8,42.5
2026-09-18T18:43:30Z,s-p-maria-8,16.6
2026-09-18T18:43:30.500000Z,s-p-maria-8,4.6
2026-09-18T18:43:31Z,s-p-maria-8,5.2
2026-09-18T18:43:31.500000Z,s-p-maria-8,4.6
2026-09-18T18:43:32Z,s-p-maria-8,5.0
2026-09-18T18:43:32.500000Z,s-p-maria-8,5.6
2026-09-18T18:43:33Z,s-p-maria-8,4.9
2026-09-18T18:43:33.500000Z,s-p-maria-8,4.8
2026-09-18T18:43:34Z,s-p-maria-8,3.5
2026-09-18T18:43:34.500000Z,s-p-maria-8,3.5
2026-09-18T18:43:35Z,s-p-maria-8,5.1
2026-09-18T18:43:35.500000Z,s-p-maria-8,4.9
2026-09-18T18:43:36Z,s-p-maria-8,5.7
2026-09-18T18:43:36.500000Z,s-p-maria-8,5.2
2026-09-18T18:43:37Z,s-p-maria-8,3.1
2026-09-18T18:43:37.500000Z,s-p-maria-8,4.1
2026-09-18T18:43:38Z,s-p-maria-8,5.2
2026-09-18T18:43:38.500000Z,s-p-maria-8,5.9
2026-09-18T18:43:39Z,s-p-maria-8,4.8
2026-09-18T18:43:39.500000Z,s-p-maria-8,5.3
2026-09-18T18:43:40Z,s-p-maria-8,5.4
2026-09-18T18:43:40.500000Z,s-p-maria-8,3.7
2026-09-18T18:43:41Z,s-p-maria-8,3.7
2026-09-18T18:43:41.500000Z,s-p-maria-8,5.9
2026-09-18T18:43:42Z,s-p-maria-8,5.4
2026-09-18T18:43:42.500000Z,s-p-maria-8,5.7
2026-09-18T18:43:43Z,s-p-maria-8,3.6
2026-09-18T18:43:43.500000Z,s-p-maria-8,5.0
2026-09-18T18:43:44Z,s-p-maria-8,4.7
2026-09-18T18:43:44.500000Z,s-p-maria-8,4.3
2026-09-18T18:43:45Z,s-p-maria-8,5.3
2026-09-18T18:43:45.500000Z,s-p-maria-8,5.3
2026-09-18T18:43:46Z,s-p-maria-8,4.5
2026-09-18T18:43:46.500000Z,s-p-maria-8,4.3
2026-09-18T18:43:47Z,s-p-maria-8,3.5
2026-09-18T18:43:47.500000Z,s-p-maria-8,3.6
2026-09-18T18:43:48Z,s-p-maria-8,4.8
2026-09-18T18:43:48.500000Z,s-p-maria-8,5.6
2026-09-18T18:43:49Z,s-p-maria-8,3.2
2026-09-18T18:43:49.500000Z,s-p-maria-8,4.4
2026-09-18T18:43:50Z,s-p-maria-8,4.1
2026-09-18T18:43:50.500000Z,s-p-maria-8,5.8
2026-09-18T18:43:51Z,s-p-maria-8,5.1
2026-09-18T18:43:51.500000Z,s-p-maria-8,4.5
2026-09-18T18:43:52Z,s-p-maria-8,3.4
2026-09-18T18:43:52.500000Z,s-p-maria-8,3.3
2026-09-18T18:43:53Z,s-p-maria-8,3.5
2026-09-18T18:43:53.500000Z,s-p-maria-8,5.6
2026-09-18T18:43:54Z,s-p-maria-8,33.3
2026-09-18T18:43:54.500000Z,s-p-maria-8,52.5
2026-09-18T18:43:55Z,s-p-maria-8,65.1
2026-09-18T18:43:55.500000Z,s-p-maria-8,71.4
2026-09-18T18:43:56Z,s-p-maria-8,63.9
2026-09-18T18:43:56.500000Z,s-p-maria-8,47.2
2026-09-18T18:43:57Z,s-p-maria-8,22.7
2026-09-18T18:43:57.500000Z,s-p-maria-8,5.1
2026-09-18T18:43:58Z,s-p-maria-8,4.0
2026-09-18T18:43:58.500000Z,s-p-maria-8,3.4
2026-09-18T18:43:59Z,s-p-maria-8,3.1
2026-09-18T18:43:59.500000Z,s-p-maria-8,5.8
2026-09-18T18:44:00Z,s-p-maria-8,4.4
2026-09-18T18:44:00.500000Z,s-p-maria-8,5.5
2026-09-18T18:44:01Z,s-p-maria-8,5.3
2026-09-18T18:44:01.500000Z,s-p-maria-8,4.4
2026-09-18T18:44:02Z,s-p-maria-8,4.8
2026-09-18T18:44:02.500000Z,s-p-maria-8,5.7
2026-09-18T18:44:03Z,s-p-maria-8,3.1
2026-09-18T18:44:03.500000Z,s-p-maria-8,3.6
2026-09-18T18:44:04Z,s-p-maria-8,3.4
2026-09-18T18:44:04.500000Z,s-p-maria-8,5.8
2026-09-18T18:44:05Z,s-p-maria-8,4.8
2026-09-18T18:44:05.500000Z,s-p-maria-8,4.3
2026-09-18T18:44:06Z,s-p-maria-8,5.3
2026-09-18T18:44:06.500000Z,s-p-maria-8,3.7
2026-09-18T18:44:07Z,s-p-maria-8,3.4
2026-09-18T18:44:07.500000Z,s-p-maria-8,3.7
2026-09-18T18:44:08Z,s-p-maria-8,4.9
2026-09-18T18:44:08.500000Z,s-p-maria-8,4.9
2026-09-18T18:44:09Z,s-p-maria-8,3.2
2026-09-18T18:44:09.500000Z,s-p-maria-8,5.5
2026-09-18T18:44:10Z,s-p-maria-8,4.5
2026-09-18T18:44:10.500000Z,s-p-maria-8,4.6
2026-09-18T18:44:11Z,s-p-maria-8,4.9
2026-09-18T18:44:11.500000Z,s-p-maria-8,4.7
2026-09-18T18:44:12Z,s-p-maria-8,5.2
2026-09-18T18:44:12.500000Z,s-p-maria-8,3.9
2026-09-18T18:44:13Z,s-p-maria-8,3.0
2026-09-18T18:44:13.500000Z,s-p-maria-8,4.1
2026-09-18T18:44:14Z,s-p-maria-8,4.7
2026-09-18T18:44:14.500000Z,s-p-maria-8,3.6
2026-09-18T18:44:15Z,s-p-maria-8,5.0
2026-09-18T18:44:15.500000Z,s-p-maria-8,4.6
2026-09-18T18:44:16Z,s-p-maria-8,4.1
2026-09-18T18:44:16.500000Z,s-p-maria-8,5.9
2026-09-18T18:44:17Z,s-p-maria-8,4.6
2026-09-18T18:44:17.500000Z,s-p-maria-8,5.4
2026-09-18T18:44:18Z,s-p-maria-8,4.5
2026-09-18T18:44:18.500000Z,s-p-maria-8,3.1
2026-09-18T18:44:19Z,s-p-maria-8,5.6
2026-09-18T18:44:19.500000Z,s-p-maria-8,3.1
2026-09-18T18:44:20Z,s-p-maria-8,4.2
2026-09-18T18:44:20.500000Z,s-p-maria-8,4.1
2026-09-18T18:44:21Z,s-p-maria-8,28.2
2026-09-18T18:44:21.500000Z,s-p-maria-8,49.5
2026-09-18T18:44:22Z,s-p-maria-8,65.1
2026-09-18T18:44:22.500000Z,s-p-maria-8,73.2
2026-09-18T18:44:23Z,s-p-maria-8,66.5
2026-09-18T18:44:23.500000Z,s-p-maria-8,48.8
2026-09-18T18:44:24Z,s-p-maria-8,26.1
2026-09-18T18:44:24.500000Z,s-p-maria-8,4.4
2026-09-18T18:44:25Z,s-p-maria-8,3.4
2026-09-18T18:44:25.500000Z,s-p-maria-8,5.1
2026-09-18T18:44:26Z,s-p-maria-8,5.8
2026-09-18T18:44:26.500000Z,s-p-maria-8,3.1
2026-09-18T18:44:27Z,s-p-maria-8,3.6
2026-09-18T18:44:27.500000Z,s-p-maria-8,5.4
2026-09-18T18:44:28Z,s-p-maria-8,5.7
2026-09-18T18:44:28.500000Z,s-p-maria-8,3.9
2026-09-18T18:44:29Z,s-p-maria-8,3.9
2026-09-18T18:44:29.500000Z,s-p-maria-8,4.2
2026-09-18T18:44:30Z,s-p-maria-8,5.4
2026-09-18T18:44:30.500000Z,s-p-maria-8,4.4
2026-09-18T18:44:31Z,s-p-maria-8,3.1
2026-09-18T18:44:31.500000Z,s-p-maria-8,4.9
2026-09-18T18:44:32Z,s-p-maria-8,3.9
2026-09-18T18:44:32.500000Z,s-p-maria-8,5.6
2026-09-18T18:44:33Z,s-p-maria-8,3.1
2026-09-18T18:44:33.500000Z,s-p-maria-8,5.0
2026-09-18T18:44:34Z,s-p-maria-8,3.8
2026-09-18T18:44:34.500000Z,s-p-maria-8,5.4
2026-09-18T18:44:35Z,s-p-maria-8,4.3
2026-09-18T18:44:35.500000Z,s-p-maria-8,4.2
2026-09-18T18:44:36Z,s-p-maria-8,4.3
2026-09-18T18:44:36.500000Z,s-p-maria-8,5.9
2026-09-18T18:44:37Z,s-p-maria-8,4.0
2026-09-18T18:44:37.500000Z,s-p-maria-8,3.6
2026-09-18T18:44:38Z,s-p-maria-8,5.1
2026-09-18T18:44:38.500000Z,s-p-maria-8,4.1
2026-09-18T18:44:39Z,s-p-maria-8,5.4
2026-09-18T18:44:39.500000Z,s-p-maria-8,3.8
2026-09-18T18:44:40Z,s-p-maria-8,3.2
2026-09-18T18:44:40.500000Z,s-p-maria-8,4.3
2026-09-18T18:44:41Z,s-p-maria-8,4.3
2026-09-18T18:44:41.500000Z,s-p-maria-8,6.0
2026-09-18T18:44:42Z,s-p-maria-8,3.5
2026-09-18T18:44:42.500000Z,s-p-maria-8,3.9
2026-09-18T18:44:43Z,s-p-maria-8,3.3
2026-09-18T18:44:43.500000Z,s-p-maria-8,4.0
2026-09-18T18:44:44Z,s-p-maria-8,3.9
2026-09-18T18:44:44.500000Z,s-p-maria-8,4.3
2026-09-18T18:44:45Z,s-p-maria-8,5.2
2026-09-18T18:44:45.500000Z,s-p-maria-8,3.5
2026-09-18T18:44:46Z,s-p-maria-8,4.3
2026-09-18T18:44:46.500000Z,s-p-maria-8,4.3
2026-09-18T18:44:47Z,s-p-maria-8,5.2
2026-09-18T18:44:47.500000Z,s-p-maria-8,5.7
2026-09-18T18:44:48Z,s-p-maria-8,22.1
2026-09-18T18:44:48.500000Z,s-p-maria-8,45.0
2026-09-18T18:44:49Z,s-p-maria-8,62.3
2026-09-18T18:44:49.500000Z,s-p-maria-8,70.7
2026-09-18T18:44:50Z,s-p-maria-8,69.5
2026-09-18T18:44:50.500000Z,s-p-maria-8,52.4
2026-09-18T18:44:51Z,s-p-maria-8,32.4
2026-09-18T18:44:51.500000Z,s-p-maria-8,5.7
2026-09-18T18:44:52Z,s-p-maria-8,4.9
2026-09-18T18:44:52.500000Z,s-p-maria-8,4.1
2026-09-18T18:44:53Z,s-p-maria-8,5.8
2026-09-18T18:44:53.500000Z,s-p-maria-8,3.1
2026-09-18T18:44:54Z,s-p-maria-8,3.5
2026-09-18T18:44:54.500000Z,s-p-maria-8,4.3
2026-09-18T18:44:55Z,s-p-maria-8,4.1
2026-09-18T18:44:55.500000Z,s-p-maria-8,4.3
2026-09-18T18:44:56Z,s-p-maria-8,3.2
2026-09-18T18:44:56.500000Z,s-p-maria-8,3.4
2026-09-18T18:44:57Z,s-p-maria-8,4.1
2026-09-18T18:44:57.500000Z,s-p-maria-8,3.9
2026-09-18T18:44:58Z,s-p-maria-8,3.8
2026-09-18T18:44:58.500000Z,s-p-maria-8,5.9
2026-09-18T18:44:59Z,s-p-maria-8,3.1
2026-09-18T18:44:59.500000Z,s-p-maria-8,3.6
2026-09-18T18:45:00Z,s-p-maria-8,4.6
2026-09-18T18:45:00.500000Z,s-p-maria-8,5.7
2026-09-18T18:45:01Z,s-p-maria-8,3.4
2026-09-18T18:45:01.500000Z,s-p-maria-8,5.3
2026-09-18T18:45:02Z,s-p-maria-8,5.1
2026-09-18T18:45:02.500000Z,s-p-maria-8,3.6
2026-09-18T18:45:03Z,s-p-maria-8,4.8
2026-09-18T18:45:03.500000Z,s-p-maria-8,5.1
2026-09-18T18:45:04Z,s-p-maria-8,6.0
2026-09-18T18:45:04.500000Z,s-p-maria-8,3.6
2026-09-18T18:45:05Z,s-p-maria-8,3.4
2026-09-18T18:45:05.500000Z,s-p-maria-8,3.2
2026-09-18T18:45:06Z,s-p-maria-8,3.5
2026-09-18T18:45:06.500000Z,s-p-maria-8,5.1
2026-09-18T18:45:07Z,s-p-maria-8,6.0
2026-09-18T18:45:07.500000Z,s-p-maria-8,5.4
2026-09-18T18:45:08Z,s-p-maria-8,5.9
2026-09-18T18:45:08.500000Z,s-p-maria-8,6.0
2026-09-18T18:45:09Z,s-p-maria-8,5.0
2026-09-18T18:45:09.500000Z,s-p-maria-8,5.1
2026-09-18T18:45:10Z,s-p-maria-8,4.6
2026-09-18T18:45:10.500000Z,s-p-maria-8,3.9
2026-09-18T18:45:11Z,s-p-maria-8,3.9
2026-09-18T18:45:11.500000Z,s-p-maria-8,3.5
2026-09-18T18:45:12Z,s-p-maria-8,5.1
2026-09-18T18:45:12.500000Z,s-p-maria-8,5.1
2026-09-18T18:45:13Z,s-p-maria-8,3.5
2026-09-18T18:45:13.500000Z,s-p-maria-8,4.1
2026-09-18T18:45:14Z,s-p-maria-8,3.7
2026-09-18T18:45:14.500000Z,s-p-maria-8,6.0
2026-09-18T18:45:15Z,s-p-maria-8,16.9
2026-09-18T18:45:15.500000Z,s-p-maria-8,42.2
2026-09-18T18:45:16Z,s-p-maria-8,60.7
2026-09-18T18:45:16.500000Z,s-p-maria-8,72.3
2026-09-18T18:45:17Z,s-p-maria-8,71.6
2026-09-18T18:45:17.500000Z,s-p-maria-8,56.4
2026-09-18T18:45:18Z,s-p-maria-8,37.4
2026-09-18T18:45:18.500000Z,s-p-maria-8,11.0
2026-09-18T18:45:19Z,s-p-maria-8,3.4
2026-09-18T18:45:19.500000Z,s-p-maria-8,4.0
2026-09-18T18:45:20Z,s-p-maria-8,3.2
2026-09-18T18:45:20.500000Z,s-p-maria-8,4.4
2026-09-18T18:45:21Z,s-p-maria-8,4.6
2026-09-18T18:45:21.500000Z,s-p-maria-8,3.4
2026-09-18T18:45:22Z,s-p-maria-8,5.5
2026-09-18T18:45:22.500000Z,s-p-maria-8,4.7
2026-09-18T18:45:23Z,s-p-maria-8,4.8
2026-09-18T18:45:23.500000Z,s-p-maria-8,5.3
2026-09-18T18:45:24Z,s-p-maria-8,3.4
2026-09-18T18:45:24.500000Z,s-p-maria-8,4.5
2026-09-18T18:45:25Z,s-p-maria-8,5.6
2026-09-18T18:45:25.500000Z,s-p-maria-8,5.5
2026-09-18T18:45:26Z,s-p-maria-8,4.6
2026-09-18T18:45:26.500000Z,s-p-maria-8,3.9
2026-09-18T18:45:27Z,s-p-maria-8,3.5
2026-09-18T18:45:27.500000Z,s-p-maria-8,5.8
2026-09-18T18:45:28Z,s-p-maria-8,3.7
2026-09-18T18:45:28.500000Z,s-p-maria-8,5.8
2026-09-18T18:45:29Z,s-p-maria-8,4.6
2026-09-18T18:45:29.500000Z,s-p-maria-8,3.9
2026-09-18T18:45:30Z,s-p-maria-8,3.2
2026-09-18T18:45:30.500000Z,s-p-maria-8,3.6
2026-09-18T18:45:31Z,s-p-maria-8,5.9
2026-09-18T18:45:31.500000Z,s-p-maria-8,3.8
2026-09-18T18:45:32Z,s-p-maria-8,4.9
2026-09-18T18:45:32.500000Z,s-p-maria-8,4.8
2026-09-18T18:45:33Z,s-p-maria-8,3.3
2026-09-18T18:45:33.500000Z,s-p-maria-8,4.9
2026-09-18T18:45:34Z,s-p-maria-8,4.8
2026-09-18T18:45:34.500000Z,s-p-maria-8,4.7
2026-09-18T18:45:35Z,s-p-maria-8,3.5
2026-09-18T18:45:35.500000Z,s-p-maria-8,4.9
2026-09-18T18:45:36Z,s-p-maria-8,5.7
2026-09-18T18:45:36.500000Z,s-p-maria-8,4.0
2026-09-18T18:45:37Z,s-p-maria-8,5.8
2026-09-18T18:45:37.500000Z,s-p-maria-8,3.1
2026-09-18T18:45:38Z,s-p-maria-8,5.6
2026-09-18T18:45:38.500000Z,s-p-maria-8,3.2
2026-09-18T18:45:39Z,s-p-maria-8,5.8
2026-09-18T18:45:39.500000Z,s-p-maria-8,5.3
2026-09-18T18:45:40Z,s-p-maria-8,3.8
2026-09-18T18:45:40.500000Z,s-p-maria-8,3.6
2026-09-18T18:45:41Z,s-p-maria-8,4.7
2026-09-18T18:45:41.500000Z,s-p-maria-8,4.9
2026-09-18T18:45:42Z,s-p-maria-8,10.7
2026-09-18T18:45:42.500000Z,s-p-maria-8,36.7
2026-09-18T18:45:43Z,s-p-maria-8,58.7
2026-09-18T18:45:43.500000Z,s-p-maria-8,69.6
2026-09-18T18:45:44Z,s-p-maria-8,69.0
2026-09-18T18:45:44.500000Z,s-p-maria-8,61.0
2026-09-18T18:45:45Z,s-p-maria-8,42.3
2026-09-18T18:45:45.500000Z,s-p-maria-8,16.1
2026-09-18T18:45:46Z,s-p-maria-8,4.0
2026-09-18T18:45:46.500000Z,s-p-maria-8,6.0
2026-09-18T18:45:47Z,s-p-maria-8,4.0
2026-09-18T18:45:47.500000Z,s-p-maria-8,4.2
2026-09-18T18:45:48Z,s-p-maria-8,5.3
2026-09-18T18:45:48.500000Z,s-p-maria-8,4.5
2026-09-18T18:45:49Z,s-p-maria-8,3.3
2026-09-18T18:45:49.500000Z,s-p-maria-8,3.7
2026-09-18T18:45:50Z,s-p-maria-8,3.4
2026-09-18T18:45:50.500000Z,s-p-maria-8,4.3
2026-09-18T18:45:51Z,s-p-maria-8,3.4
2026-09-18T18:45:51.500000Z,s-p-maria-8,3.2
2026-09-18T18:45:52Z,s-p-maria-8,5.8
2026-09-18T18:45:52.500000Z,s-p-maria-8,5.6
2026-09-18T18:45:53Z,s-p-maria-8,4.3
2026-09-18T18:45:53.500000Z,s-p-maria-8,5.9
2026-09-18T18:45:54Z,s-p-maria-8,5.7
2026-09-18T18:45:54.500000Z,s-p-maria-8,5.4
2026-09-18T18:45:55Z,s-p-maria-8,5.8
2026-09-18T18:45:55.500000Z,s-p-maria-8,5.2
2026-09-18T18:45:56Z,s-p-maria-8,3.6
2026-09-18T18:45:56.500000Z,s-p-maria-8,3.5
2026-09-18T18:45:57Z,s-p-maria-8,6.0
2026-09-18T18:45:57.500000Z,s-p-maria-8,4.4
2026-09-18T18:45:58Z,s-p-maria-8,5.6
2026-09-18T18:45:58.500000Z,s-p-maria-8,4.5
2026-09-18T18:45:59Z,s-p-maria-8,3.3
2026-09-18T18:45:59.500000Z,s-p-maria-8,4.2
2026-09-18T18:46:00Z,s-p-maria-8,4.4
2026-09-18T18:46:00.500000Z,s-p-maria-8,3.7
2026-09-18T18:46:01Z,s-p-maria-8,4.8
2026-09-18T18:46:01.500000Z,s-p-maria-8,3.1
2026-09-18T18:46:02Z,s-p-maria-8,3.8
2026-09-18T18:46:02.500000Z,s-p-maria-8,4.8
2026-09-18T18:46:03Z,s-p-maria-8,5.5
2026-09-18T18:46:03.500000Z,s-p-maria-8,5.0
2026-09-18T18:46:04Z,s-p-maria-8,3.9
2026-09-18T18:46:04.500000Z,s-p-maria-8,3.0
2026-09-18T18:46:05Z,s-p-maria-8,3.3
2026-09-18T18:46:05.500000Z,s-p-maria-8,3.4
2026-09-18T18:46:06Z,s-p-maria-8,3.8
2026-09-18T18:46:06.500000Z,s-p-maria-8,4.1
2026-09-18T18:46:07Z,s-p-maria-8,4.2
2026-09-18T18:46:07.500000Z,s-p-maria-8,3.1
2026-09-18T18:46:08Z,s-p-maria-8,3.2
2026-09-18T18:46:08.500000Z,s-p-maria-8,4.7
2026-09-18T18:46:09Z,s-p-maria-8,5.7
2026-09-18T18:46:09.500000Z,s-p-maria-8,32.4
2026-09-18T18:46:10Z,s-p-maria-8,52.5
2026-09-18T18:46:10.500000Z,s-p-maria-8,66.9
2026-09-18T18:46:11Z,s-p-maria-8,73.2
2026-09-18T18:46:11.500000Z,s-p-maria-8,60.7
2026-09-18T18:46:12Z,s-p-maria-8,46.6
2026-09-18T18:46:12.500000Z,s-p-maria-8,21.8
2026-09-18T18:46:13Z,s-p-maria-8,4.2
2026-09-18T18:46:13.500000Z,s-p-maria-8,3.1
2026-09-18T18:46:14Z,s-p-maria-8,3.1
2026-09-18T18:46:14.500000Z,s-p-maria-8,5.1
2026-09-18T18:46:15Z,s-p-maria-8,5.4
2026-09-18T18:46:15.500000Z,s-p-maria-8,4.6
2026-09-18T18:46:16Z,s-p-maria-8,3.4
2026-09-18T18:46:16.500000Z,s-p-maria-8,5.7
2026-09-18T18:46:17Z,s-p-maria-8,3.4
2026-09-18T18:46:17.500000Z,s-p-maria-8,5.8
2026-09-18T18:46:18Z,s-p-maria-8,4.0
2026-09-18T18:46:18.500000Z,s-p-maria-8,4.2
2026-09-18T18:46:19Z,s-p-maria-8,4.8
2026-09-18T18:46:19.500000Z,s-p-maria-8,5.5
2026-09-18T18:46:20Z,s-p-maria-8,4.8
2026-09-18T18:46:20.500000Z,s-p-maria-8,4.5
2026-09-18T18:46:21Z,s-p-maria-8,4.5
2026-09-18T18:46:21.500000Z,s-p-maria-8,4.5
2026-09-18T18:46:22Z,s-p-maria-8,4.7
2026-09-18T18:46:22.500000Z,s-p-maria-8,4.4
2026-09-18T18:46:23Z,s-p-maria-8,3.0
2026-09-18T18:46:23.500000Z,s-p-maria-8,4.0
2026-09-18T18:46:24Z,s-p-maria-8,3.3
2026-09-18T18:46:24.500000Z,s-p-maria-8,4.2
2026-09-18T18:46:25Z,s-p-maria-8,3.9
2026-09-18T18:46:25.500000Z,s-p-maria-8,5.7
2026-09-18T18:46:26Z,s-p-maria-8,5.6
2026-09-18T18:46:26.500000Z,s-p-maria-8,4.9
2026-09-18T18:46:27Z,s-p-maria-8,4.8
2026-09-18T18:46:27.500000Z,s-p-maria-8,3.8
2026-09-18T18:46:28Z,s-p-maria-8,5.0
2026-09-18T18:46:28.500000Z,s-p-maria-8,5.9
2026-09-18T18:46:29Z,s-p-maria-8,4.7
2026-09-18T18:46:29.500000Z,s-p-maria-8,3.7
2026-09-18T18:46:30Z,s-p-maria-8,3.2
2026-09-18T18:46:30.500000Z,s-p-maria-8,4.4
2026-09-18T18:46:31Z,s-p-maria-8,4.6
2026-09-18T18:46:31.500000Z,s-p-maria-8,5.2
2026-09-18T18:46:32Z,s-p-maria-8,5.3
2026-09-18T18:46:32.500000Z,s-p-maria-8,4.1
2026-09-18T18:46:33Z,s-p-maria-8,5.5
2026-09-18T18:46:33.500000Z,s-p-maria-8,3.7
2026-09-18T18:46:34Z,s-p-maria-8,4.7
2026-09-18T18:46:34.500000Z,s-p-maria-8,5.1
2026-09-18T18:46:35Z,s-p-maria-8,3.6
2026-09-18T18:46:35.500000Z,s-p-maria-8,4.3
2026-09-18T18:46:36Z,s-p-maria-8,4.3
2026-09-18T18:46:36.500000Z,s-p-maria-8,4.2
2026-09-18T18:46:37Z,s-p-maria-8,3.6
2026-09-18T18:46:37.500000Z,s-p-maria-8,4.5
2026-09-18T18:46:38Z,s-p-maria-8,4.8
2026-09-18T18:46:38.500000Z,s-p-maria-8,4.4
2026-09-18T18:46:39Z,s-p-maria-8,5.5
2026-09-18T18:46:39.500000Z,s-p-maria-8,5.2
2026-09-18T18:46:40Z,s-p-maria-8,5.1
2026-09-18T18:46:40.500000Z,s-p-maria-8,4.6
2026-09-18T18:46:41Z,s-p-maria-8,4.7
2026-09-18T18:46:41.500000Z,s-p-maria-8,6.0
2026-09-18T18:46:42Z,s-p-maria-8,4.4
2026-09-18T18:46:42.500000Z,s-p-maria-8,4.1
2026-09-18T18:46:43Z,s-p-maria-8,5.9
2026-09-18T18:46:43.500000Z,s-p-maria-8,4.4
2026-09-18T18:46:44Z,s-p-maria-8,4.6
2026-09-18T18:46:44.500000Z,s-p-maria-8,4.6
2026-09-18T18:46:45Z,s-p-maria-8,5.0
2026-09-18T18:46:45.500000Z,s-p-maria-8,5.6
2026-09-18T18:46:46Z,s-p-maria-8,5.0
2026-09-18T18:46:46.500000Z,s-p-maria-8,5.4
2026-09-18T18:46:47Z,s-p-maria-8,3.8
2026-09-18T18:46:47.500000Z,s-p-maria-8,4.5
2026-09-18T18:46:48Z,s-p-maria-8,5.9
2026-09-18T18:46:48.500000Z,s-p-maria-8,3.8
2026-09-18T18:46:49Z,s-p-maria-8,3.9
2026-09-18T18:46:49.500000Z,s-p-maria-8,5.8
2026-09-18T18:46:50Z,s-p-maria-8,5.9
2026-09-18T18:46:50.500000Z,s-p-maria-8,5.3
2026-09-18T18:46:51Z,s-p-maria-8,5.1
2026-09-19T19:31:00Z,s-p-maria-7,3.9
2026-09-19T19:31:00.500000Z,s-p-maria-7,4.7
2026-09-19T19:31:01Z,s-p-maria-7,4.6
2026-09-19T19:31:01.500000Z,s-p-maria-7,5.7
2026-09-19T19:31:02Z,s-p-maria-7,4.2
2026-09-19T19:31:02.500000Z,s-p-maria-7,4.0
2026-09-19T19:31:03Z,s-p-maria-7,5.3
2026-09-19T19:31:03.500000Z,s-p-maria-7,3.4
2026-09-19T19:31:04Z,s-p-maria-7,3.1
2026-09-19T19:31:04.500000Z,s-p-maria-7,5.9
2026-09-19T19:31:05Z,s-p-maria-7,3.2
2026-09-19T19:31:05.500000Z,s-p-maria-7,27.4
2026-09-19T19:31:06Z,s-p-maria-7,50.3
2026-09-19T19:31:06.500000Z,s-p-maria-7,67.2
2026-09-19T19:31:07Z,s-p-maria-7,75.4
2026-09-19T19:31:07.500000Z,s-p-maria-7,69.0
2026-09-19T19:31:08Z,s-p-maria-7,50.0
2026-09-19T19:31:08.500000Z,s-p-maria-7,28.6
2026-09-19T19:31:09Z,s-p-maria-7,3.3
2026-09-19T19:31:09.500000Z,s-p-maria-7,4.4
2026-09-19T19:31:10Z,s-p-maria-7,5.0
2026-09-19T19:31:10.500000Z,s-p-maria-7,3.4
2026-09-19T19:31:11Z,s-p-maria-7,5.9
2026-09-19T19:31:11.500000Z,s-p-maria-7,5.9
2026-09-19T19:31:12Z,s-p-maria-7,3.5
2026-09-19T19:31:12.500000Z,s-p-maria-7,5.0
2026-09-19T19:31:13Z,s-p-maria-7,5.6
2026-09-19T19:31:13.500000Z,s-p-maria-7,4.4
2026-09-19T19:31:14Z,s-p-maria-7,5.0
2026-09-19T19:31:14.500000Z,s-p-maria-7,5.3
2026-09-19T19:31:15Z,s-p-maria-7,3.9
2026-09-19T19:31:15.500000Z,s-p-maria-7,3.9
2026-09-19T19:31:16Z,s-p-maria-7,3.2
2026-09-19T19:31:16.500000Z,s-p-maria-7,5.3
2026-09-19T19:31:17Z,s-p-maria-7,5.0
2026-09-19T19:31:17.500000Z,s-p-maria-7,3.7
2026-09-19T19:31:18Z,s-p-maria-7,5.2
2026-09-19T19:31:18.500000Z,s-p-maria-7,5.6
2026-09-19T19:31:19Z,s-p-maria-7,3.1
2026-09-19T19:31:19.500000Z,s-p-maria-7,5.8
2026-09-19T19:31:20Z,s-p-maria-7,4.3
2026-09-19T19:31:20.500000Z,s-p-maria-7,5.5
2026-09-19T19:31:21Z,s-p-maria-7,5.8
2026-09-19T19:31:21.500000Z,s-p-maria-7,3.1
2026-09-19T19:31:22Z,s-p-maria-7,5.5
2026-09-19T19:31:22.500000Z,s-p-maria-7,5.4
2026-09-19T19:31:23Z,s-p-maria-7,3.6
2026-09-19T19:31:23.500000Z,s-p-maria-7,5.2
2026-09-19T19:31:24Z,s-p-maria-7,5.6
2026-09-19T19:31:24.500000Z,s-p-maria-7,3.9
2026-09-19T19:31:25Z,s-p-maria-7,27.7
2026-09-19T19:31:25.500000Z,s-p-maria-7,52.4
2026-09-19T19:31:26Z,s-p-maria-7,66.8
2026-09-19T19:31:26.500000Z,s-p-maria-7,70.8
2026-09-19T19:31:27Z,s-p-maria-7,67.5
2026-09-19T19:31:27.500000Z,s-p-maria-7,50.4
2026-09-19T19:31:28Z,s-p-maria-7,27.4
2026-09-19T19:31:28.500000Z,s-p-maria-7,4.9
2026-09-19T19:31:29Z,s-p-maria-7,3.0
2026-09-19T19:31:29.500000Z,s-p-maria-7,4.0
2026-09-19T19:31:30Z,s-p-maria-7,3.9
2026-09-19T19:31:30.500000Z,s-p-maria-7,5.0
2026-09-19T19:31:31Z,s-p-maria-7,3.6
2026-09-19T19:31:31.500000Z,s-p-maria-7,4.8
2026-09-19T19:31:32Z,s-p-maria-7,4.9
2026-09-19T19:31:32.500000Z,s-p-maria-7,4.2
2026-09-19T19:31:33Z,s-p-maria-7,4.3
2026-09-19T19:31:33.500000Z,s-p-maria-7,4.0
2026-09-19T19:31:34Z,s-p-maria-7,4.2
2026-09-19T19:31:34.500000Z,s-p-maria-7,3.3
2026-09-19T19:31:35Z,s-p-maria-7,5.9
2026-09-19T19:31:35.500000Z,s-p-maria-7,4.4
2026-09-19T19:31:36Z,s-p-maria-7,5.8
2026-09-19T19:31:36.500000Z,s-p-maria-7,3.0
2026-09-19T19:31:37Z,s-p-maria-7,4.2
2026-09-19T19:31:37.500000Z,s-p-maria-7,4.3
2026-09-19T19:31:38Z,s-p-maria-7,3.8
2026-09-19T19:31:38.500000Z,s-p-maria-7,4.0
2026-09-19T19:31:39Z,s-p-maria-7,4.7
2026-09-19T19:31:39.500000Z,s-p-maria-7,4.7
2026-09-19T19:31:40Z,s-p-maria-7,3.8
2026-09-19T19:31:40.500000Z,s-p-maria-7,4.1
2026-09-19T19:31:41Z,s-p-maria-7,3.7
2026-09-19T19:31:41.500000Z,s-p-maria-7,5.0
2026-09-19T19:31:42Z,s-p-maria-7,4.4
2026-09-19T19:31:42.500000Z,s-p-maria-7,3.5
2026-09-19T19:31:43Z,s-p-maria-7,5.1
2026-09-19T19:31:43.500000Z,s-p-maria-7,5.8
2026-09-19T19:31:44Z,s-p-maria-7,5.7
2026-09-19T19:31:44.500000Z,s-p-maria-7,27.7
2026-09-19T19:31:45Z,s-p-maria-7,52.3
2026-09-19T19:31:45.500000Z,s-p-maria-7,65.0
2026-09-19T19:31:46Z,s-p-maria-7,73.4
2026-09-19T19:31:46.500000Z,s-p-maria-7,68.2
2026-09-19T19:31:47Z,s-p-maria-7,49.9
2026-09-19T19:31:47.500000Z,s-p-maria-7,27.3
2026-09-19T19:31:48Z,s-p-maria-7,5.5
2026-09-19T19:31:48.500000Z,s-p-maria-7,5.0
2026-09-19T19:31:49Z,s-p-maria-7,4.8
2026-09-19T19:31:49.500000Z,s-p-maria-7,5.4
2026-09-19T19:31:50Z,s-p-maria-7,4.6
2026-09-19T19:31:50.500000Z,s-p-maria-7,4.6
2026-09-19T19:31:51Z,s-p-maria-7,4.1
2026-09-19T19:31:51.500000Z,s-p-maria-7,5.8
2026-09-19T19:31:52Z,s-p-maria-7,3.3
2026-09-19T19:31:52.500000Z,s-p-maria-7,5.5
2026-09-19T19:31:53Z,s-p-maria-7,5.7
2026-09-19T19:31:53.500000Z,s-p-maria-7,3.6
2026-09-19T19:31:54Z,s-p-maria-7,4.6
2026-09-19T19:31:54.500000Z,s-p-maria-7,3.5
2026-09-19T19:31:55Z,s-p-maria-7,5.6
2026-09-19T19:31:55.500000Z,s-p-maria-7,4.3
2026-09-19T19:31:56Z,s-p-maria-7,5.0
2026-09-19T19:31:56.500000Z,s-p-maria-7,5.2
2026-09-19T19:31:57Z,s-p-maria-7,4.5
2026-09-19T19:31:57.500000Z,s-p-maria-7,5.7
2026-09-19T19:31:58Z,s-p-maria-7,4.3
2026-09-19T19:31:58.500000Z,s-p-maria-7,3.2
2026-09-19T19:31:59Z,s-p-maria-7,3.4
2026-09-19T19:31:59.500000Z,s-p-maria-7,4.2
2026-09-19T19:32:00Z,s-p-maria-7,4.7
2026-09-19T19:32:00.500000Z,s-p-maria-7,4.7
2026-09-19T19:32:01Z,s-p-maria-7,5.0
2026-09-19T19:32:01.500000Z,s-p-maria-7,3.9
2026-09-19T19:32:02Z,s-p-maria-7,3.1
2026-09-19T19:32:02.500000Z,s-p-maria-7,3.8
2026-09-19T19:32:03Z,s-p-maria-7,3.0
2026-09-19T19:32:03.500000Z,s-p-maria-7,3.7
2026-09-19T19:32:04Z,s-p-maria-7,27.5
2026-09-19T19:32:04.500000Z,s-p-maria-7,53.6
2026-09-19T19:32:05Z,s-p-maria-7,64.8
2026-09-19T19:32:05.500000Z,s-p-maria-7,74.4
2026-09-19T19:32:06Z,s-p-maria-7,69.6
2026-09-19T19:32:06.500000Z,s-p-maria-7,50.7
2026-09-19T19:32:07Z,s-p-maria-7,28.3
2026-09-19T19:32:07.500000Z,s-p-maria-7,5.7
2026-09-19T19:32:08Z,s-p-maria-7,5.8
2026-09-19T19:32:08.500000Z,s-p-maria-7,4.1
2026-09-19T19:32:09Z,s-p-maria-7,3.2
2026-09-19T19:32:09.500000Z,s-p-maria-7,5.9
2026-09-19T19:32:10Z,s-p-maria-7,5.6
2026-09-19T19:32:10.500000Z,s-p-maria-7,3.4
2026-09-19T19:32:11Z,s-p-maria-7,5.6
2026-09-19T19:32:11.500000Z,s-p-maria-7,3.4
2026-09-19T19:32:12Z,s-p-maria-7,6.0
2026-09-19T19:32:12.500000Z,s-p-maria-7,4.2
2026-09-19T19:32:13Z,s-p-maria-7,3.4
2026-09-19T19:32:13.500000Z,s-p-maria-7,5.9
2026-09-19T19:32:14Z,s-p-maria-7,5.5
2026-09-19T19:32:14.500000Z,s-p-maria-7,5.3
2026-09-19T19:32:15Z,s-p-maria-7,5.9
2026-09-19T19:32:15.500000Z,s-p-maria-7,4.4
2026-09-19T19:32:16Z,s-p-maria-7,5.2
2026-09-19T19:32:16.500000Z,s-p-maria-7,4.3
2026-09-19T19:32:17Z,s-p-maria-7,4.1
2026-09-19T19:32:17.500000Z,s-p-maria-7,3.7
2026-09-19T19:32:18Z,s-p-maria-7,4.4
2026-09-19T19:32:18.500000Z,s-p-maria-7,3.5
2026-09-19T19:32:19Z,s-p-maria-7,3.6
2026-09-19T19:32:19.500000Z,s-p-maria-7,5.6
2026-09-19T19:32:20Z,s-p-maria-7,5.3
2026-09-19T19:32:20.500000Z,s-p-maria-7,3.1
2026-09-19T19:32:21Z,s-p-maria-7,5.0
2026-09-19T19:32:21.500000Z,s-p-maria-7,4.8
2026-09-19T19:32:22Z,s-p-maria-7,5.8
2026-09-19T19:32:22.500000Z,s-p-maria-7,5.7
2026-09-19T19:32:23Z,s-p-maria-7,3.7
2026-09-19T19:32:23.500000Z,s-p-maria-7,28.1
2026-09-19T19:32:24Z,s-p-maria-7,50.1
2026-09-19T19:32:24.500000Z,s-p-maria-7,70.1
2026-09-19T19:32:25Z,s-p-maria-7,72.9
2026-09-19T19:32:25.500000Z,s-p-maria-7,66.0
2026-09-19T19:32:26Z,s-p-maria-7,49.6
2026-09-19T19:32:26.500000Z,s-p-maria-7,27.0
2026-09-19T19:32:27Z,s-p-maria-7,4.7
2026-09-19T19:32:27.500000Z,s-p-maria-7,5.3
2026-09-19T19:32:28Z,s-p-maria-7,5.5
2026-09-19T19:32:28.500000Z,s-p-maria-7,3.7
2026-09-19T19:32:29Z,s-p-maria-7,5.6
2026-09-19T19:32:29.500000Z,s-p-maria-7,6.0
2026-09-19T19:32:30Z,s-p-maria-7,4.6
2026-09-19T19:32:30.500000Z,s-p-maria-7,4.2
2026-09-19T19:32:31Z,s-p-maria-7,3.8
2026-09-19T19:32:31.500000Z,s-p-maria-7,4.7
2026-09-19T19:32:32Z,s-p-maria-7,4.8
2026-09-19T19:32:32.500000Z,s-p-maria-7,5.2
2026-09-19T19:32:33Z,s-p-maria-7,3.5
2026-09-19T19:32:33.500000Z,s-p-maria-7,5.0
2026-09-19T19:32:34Z,s-p-maria-7,4.7
2026-09-19T19:32:34.500000Z,s-p-maria-7,3.1
2026-09-19T19:32:35Z,s-p-maria-7,4.0
2026-09-19T19:32:35.500000Z,s-p-maria-7,4.9
2026-09-19T19:32:36Z,s-p-maria-7,4.1
2026-09-19T19:32:36.500000Z,s-p-maria-7,4.6
2026-09-19T19:32:37Z,s-p-maria-7,5.1
2026-09-19T19:32:37.500000Z,s-p-maria-7,4.2
2026-09-19T19:32:38Z,s-p-maria-7,3.9
2026-09-19T19:32:38.500000Z,s-p-maria-7,3.6
2026-09-19T19:32:39Z,s-p-maria-7,4.6
2026-09-19T19:32:39.500000Z,s-p-maria-7,3.7
2026-09-19T19:32:40Z,s-p-maria-7,3.7
2026-09-19T19:32:40.500000Z,s-p-maria-7,5.6
2026-09-19T19:32:41Z,s-p-maria-7,3.4
2026-09-19T19:32:41.500000Z,s-p-maria-7,4.4
2026-09-19T19:32:42Z,s-p-maria-7,3.2
2026-09-19T19:32:42.500000Z,s-p-maria-7,4.2
2026-09-19T19:32:43Z,s-p-maria-7,28.2
2026-09-19T19:32:43.500000Z,s-p-maria-7,52.4
2026-09-19T19:32:44Z,s-p-maria-7,67.8
2026-09-19T19:32:44.500000Z,s-p-maria-7,72.9
2026-09-19T19:32:45Z,s-p-maria-7,70.0
2026-09-19T19:32:45.500000Z,s-p-maria-7,51.2
2026-09-19T19:32:46Z,s-p-maria-7,29.0
2026-09-19T19:32:46.500000Z,s-p-maria-7,5.4
2026-09-19T19:32:47Z,s-p-maria-7,5.0
2026-09-19T19:32:47.500000Z,s-p-maria-7,3.7
2026-09-19T19:32:48Z,s-p-maria-7,3.6
2026-09-19T19:32:48.500000Z,s-p-maria-7,5.7
2026-09-19T19:32:49Z,s-p-maria-7,3.9
2026-09-19T19:32:49.500000Z,s-p-maria-7,5.7
2026-09-19T19:32:50Z,s-p-maria-7,3.6
2026-09-19T19:32:50.500000Z,s-p-maria-7,3.6
2026-09-19T19:32:51Z,s-p-maria-7,5.2
2026-09-19T19:32:51.500000Z,s-p-maria-7,5.2
2026-09-19T19:32:52Z,s-p-maria-7,5.3
2026-09-19T19:32:52.500000Z,s-p-maria-7,5.7
2026-09-19T19:32:53Z,s-p-maria-7,5.1
2026-09-19T19:32:53.500000Z,s-p-maria-7,5.1
2026-09-19T19:32:54Z,s-p-maria-7,4.2
2026-09-19T19:32:54.500000Z,s-p-maria-7,3.7
2026-09-19T19:32:55Z,s-p-maria-7,4.0
2026-09-19T19:32:55.500000Z,s-p-maria-7,3.8
2026-09-19T19:32:56Z,s-p-maria-7,4.4
2026-09-19T19:32:56.500000Z,s-p-maria-7,4.9
2026-09-19T19:32:57Z,s-p-maria-7,3.9
2026-09-19T19:32:57.500000Z,s-p-maria-7,4.1
2026-09-19T19:32:58Z,s-p-maria-7,5.6
2026-09-19T19:32:58.500000Z,s-p-maria-7,4.4
2026-09-19T19:32:59Z,s-p-maria-7,5.4
2026-09-19T19:32:59.500000Z,s-p-maria-7,5.2
2026-09-19T19:33:00Z,s-p-maria-7,5.3
2026-09-19T19:33:00.500000Z,s-p-maria-7,4.0
2026-09-19T19:33:01Z,s-p-maria-7,3.6
2026-09-19T19:33:01.500000Z,s-p-maria-7,3.9
2026-09-19T19:33:02Z,s-p-maria-7,3.1
2026-09-19T19:33:02.500000Z,s-p-maria-7,29.1
2026-09-19T19:33:03Z,s-p-maria-7,51.3
2026-09-19T19:33:03.500000Z,s-p-maria-7,68.7
2026-09-19T19:33:04Z,s-p-maria-7,74.7
2026-09-19T19:33:04.500000Z,s-p-maria-7,68.9
2026-09-19T19:33:05Z,s-p-maria-7,49.8
2026-09-19T19:33:05.500000Z,s-p-maria-7,27.4
2026-09-19T19:33:06Z,s-p-maria-7,4.5
2026-09-19T19:33:06.500000Z,s-p-maria-7,5.2
2026-09-19T19:33:07Z,s-p-maria-7,4.4
2026-09-19T19:33:07.500000Z,s-p-maria-7,5.2
2026-09-19T19:33:08Z,s-p-maria-7,4.1
2026-09-19T19:33:08.500000Z,s-p-maria-7,3.4
2026-09-19T19:33:09Z,s-p-maria-7,4.6
2026-09-19T19:33:09.500000Z,s-p-maria-7,3.6
2026-09-19T19:33:10Z,s-p-maria-7,5.7
2026-09-19T19:33:10.500000Z,s-p-maria-7,6.0
2026-09-19T19:33:11Z,s-p-maria-7,5.9
2026-09-19T19:33:11.500000Z,s-p-maria-7,4.6
2026-09-19T19:33:12Z,s-p-maria-7,5.5
2026-09-19T19:33:12.500000Z,s-p-maria-7,3.2
2026-09-19T19:33:13Z,s-p-maria-7,5.5
2026-09-19T19:33:13.500000Z,s-p-maria-7,3.1
2026-09-19T19:33:14Z,s-p-maria-7,3.0
2026-09-19T19:33:14.500000Z,s-p-maria-7,3.4
2026-09-19T19:33:15Z,s-p-maria-7,4.9
2026-09-19T19:33:15.500000Z,s-p-maria-7,3.2
2026-09-19T19:33:16Z,s-p-maria-7,3.5
2026-09-19T19:33:16.500000Z,s-p-maria-7,3.7
2026-09-19T19:33:17Z,s-p-maria-7,4.4
2026-09-19T19:33:17.500000Z,s-p-maria-7,3.2
2026-09-19T19:33:18Z,s-p-maria-7,4.9
2026-09-19T19:33:18.500000Z,s-p-maria-7,5.8
2026-09-19T19:33:19Z,s-p-maria-7,5.7
2026-09-19T19:33:19.500000Z,s-p-maria-7,5.0
2026-09-19T19:33:20Z,s-p-maria-7,3.0
2026-09-19T19:33:20.500000Z,s-p-maria-7,4.6
2026-09-19T19:33:21Z,s-p-maria-7,4.2
2026-09-19T19:33:21.500000Z,s-p-maria-7,3.1
2026-09-19T19:33:22Z,s-p-maria-7,28.5
2026-09-19T19:33:22.500000Z,s-p-maria-7,50.9
2026-09-19T19:33:23Z,s-p-maria-7,65.1
2026-09-19T19:33:23.500000Z,s-p-maria-7,70.6
2026-09-19T19:33:24Z,s-p-maria-7,69.0
2026-09-19T19:33:24.500000Z,s-p-maria-7,52.7
2026-09-19T19:33:25Z,s-p-maria-7,27.3
2026-09-19T19:33:25.500000Z,s-p-maria-7,3.2
2026-09-19T19:33:26Z,s-p-maria-7,4.4
2026-09-19T19:33:26.500000Z,s-p-maria-7,3.7
2026-09-19T19:33:27Z,s-p-maria-7,5.1
2026-09-19T19:33:27.500000Z,s-p-maria-7,3.9
2026-09-19T19:33:28Z,s-p-maria-7,5.5
2026-09-19T19:33:28.500000Z,s-p-maria-7,3.2
2026-09-19T19:33:29Z,s-p-maria-7,6.0
2026-09-19T19:33:29.500000Z,s-p-maria-7,4.9
2026-09-19T19:33:30Z,s-p-maria-7,3.1
2026-09-19T19:33:30.500000Z,s-p-maria-7,4.2
2026-09-19T19:33:31Z,s-p-maria-7,4.1
2026-09-19T19:33:31.500000Z,s-p-maria-7,4.4
2026-09-19T19:33:32Z,s-p-maria-7,4.9
2026-09-19T19:33:32.500000Z,s-p-maria-7,5.1
2026-09-19T19:33:33Z,s-p-maria-7,3.2
2026-09-19T19:33:33.500000Z,s-p-maria-7,5.5
2026-09-19T19:33:34Z,s-p-maria-7,4.9
2026-09-19T19:33:34.500000Z,s-p-maria-7,4.0
2026-09-19T19:33:35Z,s-p-maria-7,5.9
2026-09-19T19:33:35.500000Z,s-p-maria-7,5.9
2026-09-19T19:33:36Z,s-p-maria-7,5.7
2026-09-19T19:33:36.500000Z,s-p-maria-7,5.8
2026-09-19T19:33:37Z,s-p-maria-7,3.7
2026-09-19T19:33:37.500000Z,s-p-maria-7,5.7
2026-09-19T19:33:38Z,s-p-maria-7,5.1
2026-09-19T19:33:38.500000Z,s-p-maria-7,4.7
2026-09-19T19:33:39Z,s-p-maria-7,3.8
2026-09-19T19:33:39.500000Z,s-p-maria-7,5.8
2026-09-19T19:33:40Z,s-p-maria-7,5.1
2026-09-19T19:33:40.500000Z,s-p-maria-7,3.8
2026-09-19T19:33:41Z,s-p-maria-7,4.6
2026-09-19T19:33:41.500000Z,s-p-maria-7,27.2
2026-09-19T19:33:42Z,s-p-maria-7,52.9
2026-09-19T19:33:42.500000Z,s-p-maria-7,65.8
2026-09-19T19:33:43Z,s-p-maria-7,70.5
2026-09-19T19:33:43.500000Z,s-p-maria-7,67.2
2026-09-19T19:33:44Z,s-p-maria-7,50.2
2026-09-19T19:33:44.500000Z,s-p-maria-7,27.9
2026-09-19T19:33:45Z,s-p-maria-7,4.2
2026-09-19T19:33:45.500000Z,s-p-maria-7,5.4
2026-09-19T19:33:46Z,s-p-maria-7,5.1
2026-09-19T19:33:46.500000Z,s-p-maria-7,3.2
2026-09-19T19:33:47Z,s-p-maria-7,5.2
2026-09-19T19:33:47.500000Z,s-p-maria-7,4.0
2026-09-19T19:33:48Z,s-p-maria-7,3.3
2026-09-19T19:33:48.500000Z,s-p-maria-7,3.7
2026-09-19T19:33:49Z,s-p-maria-7,3.2
2026-09-19T19:33:49.500000Z,s-p-maria-7,4.8
2026-09-19T19:33:50Z,s-p-maria-7,4.8
2026-09-19T19:33:50.500000Z,s-p-maria-7,4.8
2026-09-19T19:33:51Z,s-p-maria-7,5.9
2026-09-19T19:33:51.500000Z,s-p-maria-7,4.0
2026-09-19T19:33:52Z,s-p-maria-7,4.9
2026-09-19T19:33:52.500000Z,s-p-maria-7,5.4
2026-09-19T19:33:53Z,s-p-maria-7,4.4
2026-09-19T19:33:53.500000Z,s-p-maria-7,3.7
2026-09-19T19:33:54Z,s-p-maria-7,4.7
2026-09-19T19:33:54.500000Z,s-p-maria-7,4.1
2026-09-19T19:33:55Z,s-p-maria-7,3.6
2026-09-19T19:33:55.500000Z,s-p-maria-7,4.8
2026-09-19T19:33:56Z,s-p-maria-7,4.1
2026-09-19T19:33:56.500000Z,s-p-maria-7,5.3
2026-09-19T19:33:57Z,s-p-maria-7,3.9
2026-09-19T19:33:57.500000Z,s-p-maria-7,3.7
2026-09-19T19:33:58Z,s-p-maria-7,3.2
2026-09-19T19:33:58.500000Z,s-p-maria-7,3.8
2026-09-19T19:33:59Z,s-p-maria-7,4.1
2026-09-19T19:33:59.500000Z,s-p-maria-7,5.4
2026-09-19T19:34:00Z,s-p-maria-7,3.5
2026-09-19T19:34:00.500000Z,s-p-maria-7,4.2
2026-09-19T19:34:01Z,s-p-maria-7,27.0
2026-09-19T19:34:01.500000Z,s-p-maria-7,50.6
2026-09-19T19:34:02Z,s-p-maria-7,69.8
2026-09-19T19:34:02.500000Z,s-p-maria-7,72.8
2026-09-19T19:34:03Z,s-p-maria-7,69.7
2026-09-19T19:34:03.500000Z,s-p-maria-7,51.5
2026-09-19T19:34:04Z,s-p-maria-7,27.3
2026-09-19T19:34:04.500000Z,s-p-maria-7,5.6
2026-09-19T19:34:05Z,s-p-maria-7,4.2
2026-09-19T19:34:05.500000Z,s-p-maria-7,5.3
2026-09-19T19:34:06Z,s-p-maria-7,5.2
2026-09-19T19:34:06.500000Z,s-p-maria-7,4.7
2026-09-19T19:34:07Z,s-p-maria-7,6.0
2026-09-19T19:34:07.500000Z,s-p-maria-7,3.7
2026-09-19T19:34:08Z,s-p-maria-7,4.6
2026-09-19T19:34:08.500000Z,s-p-maria-7,5.1
2026-09-19T19:34:09Z,s-p-maria-7,3.5
2026-09-19T19:34:09.500000Z,s-p-maria-7,3.8
2026-09-19T19:34:10Z,s-p-maria-7,3.8
2026-09-19T19:34:10.500000Z,s-p-maria-7,3.4
2026-09-19T19:34:11Z,s-p-maria-7,3.5
2026-09-19T19:34:11.500000Z,s-p-maria-7,3.8
2026-09-19T19:34:12Z,s-p-maria-7,3.9
2026-09-19T19:34:12.500000Z,s-p-maria-7,5.3
2026-09-19T19:34:13Z,s-p-maria-7,4.1
2026-09-19T19:34:13.500000Z,s-p-maria-7,5.8
2026-09-19T19:34:14Z,s-p-maria-7,5.2
2026-09-19T19:34:14.500000Z,s-p-maria-7,4.5
2026-09-19T19:34:15Z,s-p-maria-7,4.9
2026-09-19T19:34:15.500000Z,s-p-maria-7,4.4
2026-09-19T19:34:16Z,s-p-maria-7,3.4
2026-09-19T19:34:16.500000Z,s-p-maria-7,3.0
2026-09-19T19:34:17Z,s-p-maria-7,4.2
2026-09-19T19:34:17.500000Z,s-p-maria-7,5.5
2026-09-19T19:34:18Z,s-p-maria-7,4.1
2026-09-19T19:34:18.500000Z,s-p-maria-7,5.6
2026-09-19T19:34:19Z,s-p-maria-7,4.3
2026-09-19T19:34:19.500000Z,s-p-maria-7,4.3
2026-09-19T19:34:20Z,s-p-maria-7,5.5
2026-09-19T19:34:20.500000Z,s-p-maria-7,5.0
2026-09-19T19:34:21Z,s-p-maria-7,4.8
2026-09-19T19:34:21.500000Z,s-p-maria-7,3.9
2026-09-19T19:34:22Z,s-p-maria-7,4.8
2026-09-19T19:34:22.500000Z,s-p-maria-7,5.1
2026-09-19T19:34:23Z,s-p-maria-7,4.4
2026-09-19T19:34:23.500000Z,s-p-maria-7,3.5
2026-09-19T19:34:24Z,s-p-maria-7,4.2
2026-09-19T19:34:24.500000Z,s-p-maria-7,4.0
2026-09-19T19:34:25Z,s-p-maria-7,5.2
2026-09-19T19:34:25.500000Z,s-p-maria-7,4.9
2026-09-19T19:34:26Z,s-p-maria-7,5.9
2026-09-19T19:34:26.500000Z,s-p-maria-7,5.3
2026-09-19T19:34:27Z,s-p-maria-7,4.0
2026-09-19T19:34:27.500000Z,s-p-maria-7,3.8
2026-09-19T19:34:28Z,s-p-maria-7,5.4
2026-09-19T19:34:28.500000Z,s-p-maria-7,4.1
2026-09-19T19:34:29Z,s-p-maria-7,5.8
2026-09-19T19:34:29.500000Z,s-p-maria-7,3.6
2026-09-19T19:34:30Z,s-p-maria-7,6.0
2026-09-19T19:34:30.500000Z,s-p-maria-7,3.5
2026-09-19T19:34:31Z,s-p-maria-7,5.3
2026-09-19T19:34:31.500000Z,s-p-maria-7,3.1
2026-09-19T19:34:32Z,s-p-maria-7,5.2
2026-09-19T19:34:32.500000Z,s-p-maria-7,5.8
2026-09-19T19:34:33Z,s-p-maria-7,3.6
2026-09-19T19:34:33.500000Z,s-p-maria-7,5.4
2026-09-19T19:34:34Z,s-p-maria-7,5.5
2026-09-19T19:34:34.500000Z,s-p-maria-7,3.2
2026-09-19T19:34:35Z,s-p-maria-7,5.5
2026-09-21T19:31:00Z,s-p-maria-5,5.4
2026-09-21T19:31:00.500000Z,s-p-maria-5,3.2
2026-09-21T19:31:01Z,s-p-maria-5,6.0
2026-09-21T19:31:01.500000Z,s-p-maria-5,4.4
2026-09-21T19:31:02Z,s-p-maria-5,4.2
2026-09-21T19:31:02.500000Z,s-p-maria-5,4.5
2026-09-21T19:31:03Z,s-p-maria-5,5.8
2026-09-21T19:31:03.500000Z,s-p-maria-5,5.1
2026-09-21T19:31:04Z,s-p-maria-5,4.6
2026-09-21T19:31:04.500000Z,s-p-maria-5,5.4
2026-09-21T19:31:05Z,s-p-maria-5,4.1
2026-09-21T19:31:05.500000Z,s-p-maria-5,28.7
2026-09-21T19:31:06Z,s-p-maria-5,52.4
2026-09-21T19:31:06.500000Z,s-p-maria-5,70.7
2026-09-21T19:31:07Z,s-p-maria-5,78.4
2026-09-21T19:31:07.500000Z,s-p-maria-5,69.0
2026-09-21T19:31:08Z,s-p-maria-5,52.5
2026-09-21T19:31:08.500000Z,s-p-maria-5,29.1
2026-09-21T19:31:09Z,s-p-maria-5,3.0
2026-09-21T19:31:09.500000Z,s-p-maria-5,4.5
2026-09-21T19:31:10Z,s-p-maria-5,4.6
2026-09-21T19:31:10.500000Z,s-p-maria-5,4.7
2026-09-21T19:31:11Z,s-p-maria-5,4.7
2026-09-21T19:31:11.500000Z,s-p-maria-5,4.3
2026-09-21T19:31:12Z,s-p-maria-5,4.2
2026-09-21T19:31:12.500000Z,s-p-maria-5,5.3
2026-09-21T19:31:13Z,s-p-maria-5,4.8
2026-09-21T19:31:13.500000Z,s-p-maria-5,4.5
2026-09-21T19:31:14Z,s-p-maria-5,4.0
2026-09-21T19:31:14.500000Z,s-p-maria-5,3.1
2026-09-21T19:31:15Z,s-p-maria-5,3.3
2026-09-21T19:31:15.500000Z,s-p-maria-5,4.2
2026-09-21T19:31:16Z,s-p-maria-5,5.9
2026-09-21T19:31:16.500000Z,s-p-maria-5,3.3
2026-09-21T19:31:17Z,s-p-maria-5,5.8
2026-09-21T19:31:17.500000Z,s-p-maria-5,3.4
2026-09-21T19:31:18Z,s-p-maria-5,3.9
2026-09-21T19:31:18.500000Z,s-p-maria-5,4.4
2026-09-21T19:31:19Z,s-p-maria-5,3.6
2026-09-21T19:31:19.500000Z,s-p-maria-5,4.4
2026-09-21T19:31:20Z,s-p-maria-5,4.4
2026-09-21T19:31:20.500000Z,s-p-maria-5,4.3
2026-09-21T19:31:21Z,s-p-maria-5,5.1
2026-09-21T19:31:21.500000Z,s-p-maria-5,4.0
2026-09-21T19:31:22Z,s-p-maria-5,3.9
2026-09-21T19:31:22.500000Z,s-p-maria-5,5.4
2026-09-21T19:31:23Z,s-p-maria-5,3.3
2026-09-21T19:31:23.500000Z,s-p-maria-5,5.5
2026-09-21T19:31:24Z,s-p-maria-5,4.9
2026-09-21T19:31:24.500000Z,s-p-maria-5,5.0
2026-09-21T19:31:25Z,s-p-maria-5,3.5
2026-09-21T19:31:25.500000Z,s-p-maria-5,6.0
2026-09-21T19:31:26Z,s-p-maria-5,3.7
2026-09-21T19:31:26.500000Z,s-p-maria-5,6.1
2026-09-21T19:31:27Z,s-p-maria-5,33.1
2026-09-21T19:31:27.500000Z,s-p-maria-5,58.0
2026-09-21T19:31:28Z,s-p-maria-5,71.2
2026-09-21T19:31:28.500000Z,s-p-maria-5,78.3
2026-09-21T19:31:29Z,s-p-maria-5,69.1
2026-09-21T19:31:29.500000Z,s-p-maria-5,49.6
2026-09-21T19:31:30Z,s-p-maria-5,23.9
2026-09-21T19:31:30.500000Z,s-p-maria-5,5.3
2026-09-21T19:31:31Z,s-p-maria-5,5.4
2026-09-21T19:31:31.500000Z,s-p-maria-5,3.2
2026-09-21T19:31:32Z,s-p-maria-5,3.3
2026-09-21T19:31:32.500000Z,s-p-maria-5,5.6
2026-09-21T19:31:33Z,s-p-maria-5,3.6
2026-09-21T19:31:33.500000Z,s-p-maria-5,4.0
2026-09-21T19:31:34Z,s-p-maria-5,4.4
2026-09-21T19:31:34.500000Z,s-p-maria-5,3.8
2026-09-21T19:31:35Z,s-p-maria-5,5.6
2026-09-21T19:31:35.500000Z,s-p-maria-5,4.6
2026-09-21T19:31:36Z,s-p-maria-5,4.9
2026-09-21T19:31:36.500000Z,s-p-maria-5,4.8
2026-09-21T19:31:37Z,s-p-maria-5,4.8
2026-09-21T19:31:37.500000Z,s-p-maria-5,4.8
2026-09-21T19:31:38Z,s-p-maria-5,4.0
2026-09-21T19:31:38.500000Z,s-p-maria-5,5.5
2026-09-21T19:31:39Z,s-p-maria-5,4.9
2026-09-21T19:31:39.500000Z,s-p-maria-5,5.4
2026-09-21T19:31:40Z,s-p-maria-5,5.1
2026-09-21T19:31:40.500000Z,s-p-maria-5,3.9
2026-09-21T19:31:41Z,s-p-maria-5,4.8
2026-09-21T19:31:41.500000Z,s-p-maria-5,3.3
2026-09-21T19:31:42Z,s-p-maria-5,3.4
2026-09-21T19:31:42.500000Z,s-p-maria-5,3.4
2026-09-21T19:31:43Z,s-p-maria-5,3.9
2026-09-21T19:31:43.500000Z,s-p-maria-5,3.5
2026-09-21T19:31:44Z,s-p-maria-5,5.1
2026-09-21T19:31:44.500000Z,s-p-maria-5,4.5
2026-09-21T19:31:45Z,s-p-maria-5,4.3
2026-09-21T19:31:45.500000Z,s-p-maria-5,3.4
2026-09-21T19:31:46Z,s-p-maria-5,4.2
2026-09-21T19:31:46.500000Z,s-p-maria-5,3.6
2026-09-21T19:31:47Z,s-p-maria-5,4.9
2026-09-21T19:31:47.500000Z,s-p-maria-5,5.1
2026-09-21T19:31:48Z,s-p-maria-5,11.4
2026-09-21T19:31:48.500000Z,s-p-maria-5,39.6
2026-09-21T19:31:49Z,s-p-maria-5,62.1
2026-09-21T19:31:49.500000Z,s-p-maria-5,76.2
2026-09-21T19:31:50Z,s-p-maria-5,77.7
2026-09-21T19:31:50.500000Z,s-p-maria-5,62.9
2026-09-21T19:31:51Z,s-p-maria-5,44.5
2026-09-21T19:31:51.500000Z,s-p-maria-5,17.4
2026-09-21T19:31:52Z,s-p-maria-5,4.2
2026-09-21T19:31:52.500000Z,s-p-maria-5,5.5
2026-09-21T19:31:53Z,s-p-maria-5,4.5
2026-09-21T19:31:53.500000Z,s-p-maria-5,3.2
2026-09-21T19:31:54Z,s-p-maria-5,3.1
2026-09-21T19:31:54.500000Z,s-p-maria-5,5.3
2026-09-21T19:31:55Z,s-p-maria-5,3.9
2026-09-21T19:31:55.500000Z,s-p-maria-5,3.8
2026-09-21T19:31:56Z,s-p-maria-5,4.6
2026-09-21T19:31:56.500000Z,s-p-maria-5,3.5
2026-09-21T19:31:57Z,s-p-maria-5,4.4
2026-09-21T19:31:57.500000Z,s-p-maria-5,5.2
2026-09-21T19:31:58Z,s-p-maria-5,5.3
2026-09-21T19:31:58.500000Z,s-p-maria-5,4.6
2026-09-21T19:31:59Z,s-p-maria-5,3.3
2026-09-21T19:31:59.500000Z,s-p-maria-5,3.3
2026-09-21T19:32:00Z,s-p-maria-5,5.3
2026-09-21T19:32:00.500000Z,s-p-maria-5,5.5
2026-09-21T19:32:01Z,s-p-maria-5,4.1
2026-09-21T19:32:01.500000Z,s-p-maria-5,5.5
2026-09-21T19:32:02Z,s-p-maria-5,3.1
2026-09-21T19:32:02.500000Z,s-p-maria-5,5.2
2026-09-21T19:32:03Z,s-p-maria-5,4.6
2026-09-21T19:32:03.500000Z,s-p-maria-5,6.0
2026-09-21T19:32:04Z,s-p-maria-5,3.3
2026-09-21T19:32:04.500000Z,s-p-maria-5,5.5
2026-09-21T19:32:05Z,s-p-maria-5,5.3
2026-09-21T19:32:05.500000Z,s-p-maria-5,3.9
2026-09-21T19:32:06Z,s-p-maria-5,6.0
2026-09-21T19:32:06.500000Z,s-p-maria-5,4.3
2026-09-21T19:32:07Z,s-p-maria-5,4.0
2026-09-21T19:32:07.500000Z,s-p-maria-5,5.5
2026-09-21T19:32:08Z,s-p-maria-5,4.3
2026-09-21T19:32:08.500000Z,s-p-maria-5,6.0
2026-09-21T19:32:09Z,s-p-maria-5,5.3
2026-09-21T19:32:09.500000Z,s-p-maria-5,17.2
2026-09-21T19:32:10Z,s-p-maria-5,45.0
2026-09-21T19:32:10.500000Z,s-p-maria-5,63.9
2026-09-21T19:32:11Z,s-p-maria-5,76.9
2026-09-21T19:32:11.500000Z,s-p-maria-5,75.3
2026-09-21T19:32:12Z,s-p-maria-5,62.0
2026-09-21T19:32:12.500000Z,s-p-maria-5,39.4
2026-09-21T19:32:13Z,s-p-maria-5,11.7
2026-09-21T19:32:13.500000Z,s-p-maria-5,3.9
2026-09-21T19:32:14Z,s-p-maria-5,3.8
2026-09-21T19:32:14.500000Z,s-p-maria-5,5.6
2026-09-21T19:32:15Z,s-p-maria-5,6.0
2026-09-21T19:32:15.500000Z,s-p-maria-5,5.0
2026-09-21T19:32:16Z,s-p-maria-5,3.3
2026-09-21T19:32:16.500000Z,s-p-maria-5,5.9
2026-09-21T19:32:17Z,s-p-maria-5,5.4
2026-09-21T19:32:17.500000Z,s-p-maria-5,5.8
2026-09-21T19:32:18Z,s-p-maria-5,6.0
2026-09-21T19:32:18.500000Z,s-p-maria-5,5.6
2026-09-21T19:32:19Z,s-p-maria-5,3.4
2026-09-21T19:32:19.500000Z,s-p-maria-5,5.6
2026-09-21T19:32:20Z,s-p-maria-5,3.7
2026-09-21T19:32:20.500000Z,s-p-maria-5,5.1
2026-09-21T19:32:21Z,s-p-maria-5,5.5
2026-09-21T19:32:21.500000Z,s-p-maria-5,5.3
2026-09-21T19:32:22Z,s-p-maria-5,5.0
2026-09-21T19:32:22.500000Z,s-p-maria-5,4.5
2026-09-21T19:32:23Z,s-p-maria-5,4.7
2026-09-21T19:32:23.500000Z,s-p-maria-5,3.8
2026-09-21T19:32:24Z,s-p-maria-5,4.2
2026-09-21T19:32:24.500000Z,s-p-maria-5,4.4
2026-09-21T19:32:25Z,s-p-maria-5,4.9
2026-09-21T19:32:25.500000Z,s-p-maria-5,5.6
2026-09-21T19:32:26Z,s-p-maria-5,3.3
2026-09-21T19:32:26.500000Z,s-p-maria-5,4.5
2026-09-21T19:32:27Z,s-p-maria-5,3.8
2026-09-21T19:32:27.500000Z,s-p-maria-5,5.8
2026-09-21T19:32:28Z,s-p-maria-5,4.1
2026-09-21T19:32:28.500000Z,s-p-maria-5,5.9
2026-09-21T19:32:29Z,s-p-maria-5,4.0
2026-09-21T19:32:29.500000Z,s-p-maria-5,3.0
2026-09-21T19:32:30Z,s-p-maria-5,5.3
2026-09-21T19:32:30.500000Z,s-p-maria-5,5.2
2026-09-21T19:32:31Z,s-p-maria-5,23.5
2026-09-21T19:32:31.500000Z,s-p-maria-5,49.7
2026-09-21T19:32:32Z,s-p-maria-5,67.3
2026-09-21T19:32:32.500000Z,s-p-maria-5,75.9
2026-09-21T19:32:33Z,s-p-maria-5,73.3
2026-09-21T19:32:33.500000Z,s-p-maria-5,58.3
2026-09-21T19:32:34Z,s-p-maria-5,34.2
2026-09-21T19:32:34.500000Z,s-p-maria-5,6.0
2026-09-21T19:32:35Z,s-p-maria-5,5.0
2026-09-21T19:32:35.500000Z,s-p-maria-5,3.1
2026-09-21T19:32:36Z,s-p-maria-5,3.3
2026-09-21T19:32:36.500000Z,s-p-maria-5,5.4
2026-09-21T19:32:37Z,s-p-maria-5,4.4
2026-09-21T19:32:37.500000Z,s-p-maria-5,3.4
2026-09-21T19:32:38Z,s-p-maria-5,5.6
2026-09-21T19:32:38.500000Z,s-p-maria-5,4.3
2026-09-21T19:32:39Z,s-p-maria-5,3.0
2026-09-21T19:32:39.500000Z,s-p-maria-5,5.9
2026-09-21T19:32:40Z,s-p-maria-5,3.6
2026-09-21T19:32:40.500000Z,s-p-maria-5,5.1
2026-09-21T19:32:41Z,s-p-maria-5,3.4
2026-09-21T19:32:41.500000Z,s-p-maria-5,4.9
2026-09-21T19:32:42Z,s-p-maria-5,3.5
2026-09-21T19:32:42.500000Z,s-p-maria-5,5.8
2026-09-21T19:32:43Z,s-p-maria-5,3.8
2026-09-21T19:32:43.500000Z,s-p-maria-5,5.0
2026-09-21T19:32:44Z,s-p-maria-5,3.8
2026-09-21T19:32:44.500000Z,s-p-maria-5,4.1
2026-09-21T19:32:45Z,s-p-maria-5,5.7
2026-09-21T19:32:45.500000Z,s-p-maria-5,3.5
2026-09-21T19:32:46Z,s-p-maria-5,4.2
2026-09-21T19:32:46.500000Z,s-p-maria-5,3.9
2026-09-21T19:32:47Z,s-p-maria-5,5.1
2026-09-21T19:32:47.500000Z,s-p-maria-5,3.7
2026-09-21T19:32:48Z,s-p-maria-5,5.0
2026-09-21T19:32:48.500000Z,s-p-maria-5,5.1
2026-09-21T19:32:49Z,s-p-maria-5,3.0
2026-09-21T19:32:49.500000Z,s-p-maria-5,4.4
2026-09-21T19:32:50Z,s-p-maria-5,3.4
2026-09-21T19:32:50.500000Z,s-p-maria-5,3.7
2026-09-21T19:32:51Z,s-p-maria-5,5.0
2026-09-21T19:32:51.500000Z,s-p-maria-5,3.0
2026-09-21T19:32:52Z,s-p-maria-5,5.1
2026-09-21T19:32:52.500000Z,s-p-maria-5,29.1
2026-09-21T19:32:53Z,s-p-maria-5,55.3
2026-09-21T19:32:53.500000Z,s-p-maria-5,68.7
2026-09-21T19:32:54Z,s-p-maria-5,76.8
2026-09-21T19:32:54.500000Z,s-p-maria-5,71.9
2026-09-21T19:32:55Z,s-p-maria-5,52.5
2026-09-21T19:32:55.500000Z,s-p-maria-5,27.8
2026-09-21T19:32:56Z,s-p-maria-5,3.4
2026-09-21T19:32:56.500000Z,s-p-maria-5,3.0
2026-09-21T19:32:57Z,s-p-maria-5,5.0
2026-09-21T19:32:57.500000Z,s-p-maria-5,4.3
2026-09-21T19:32:58Z,s-p-maria-5,5.2
2026-09-21T19:32:58.500000Z,s-p-maria-5,4.9
2026-09-21T19:32:59Z,s-p-maria-5,3.5
2026-09-21T19:32:59.500000Z,s-p-maria-5,4.2
2026-09-21T19:33:00Z,s-p-maria-5,5.1
2026-09-21T19:33:00.500000Z,s-p-maria-5,5.6
2026-09-21T19:33:01Z,s-p-maria-5,3.3
2026-09-21T19:33:01.500000Z,s-p-maria-5,3.3
2026-09-21T19:33:02Z,s-p-maria-5,5.3
2026-09-21T19:33:02.500000Z,s-p-maria-5,4.8
2026-09-21T19:33:03Z,s-p-maria-5,4.2
2026-09-21T19:33:03.500000Z,s-p-maria-5,5.9
2026-09-21T19:33:04Z,s-p-maria-5,3.9
2026-09-21T19:33:04.500000Z,s-p-maria-5,3.4
2026-09-21T19:33:05Z,s-p-maria-5,3.8
2026-09-21T19:33:05.500000Z,s-p-maria-5,3.3
2026-09-21T19:33:06Z,s-p-maria-5,4.7
2026-09-21T19:33:06.500000Z,s-p-maria-5,4.8
2026-09-21T19:33:07Z,s-p-maria-5,4.8
2026-09-21T19:33:07.500000Z,s-p-maria-5,5.3
2026-09-21T19:33:08Z,s-p-maria-5,5.1
2026-09-21T19:33:08.500000Z,s-p-maria-5,5.5
2026-09-21T19:33:09Z,s-p-maria-5,5.0
2026-09-21T19:33:09.500000Z,s-p-maria-5,3.9
2026-09-21T19:33:10Z,s-p-maria-5,4.6
2026-09-21T19:33:10.500000Z,s-p-maria-5,4.5
2026-09-21T19:33:11Z,s-p-maria-5,5.2
2026-09-21T19:33:11.500000Z,s-p-maria-5,3.9
2026-09-21T19:33:12Z,s-p-maria-5,3.2
2026-09-21T19:33:12.500000Z,s-p-maria-5,5.7
2026-09-21T19:33:13Z,s-p-maria-5,5.9
2026-09-21T19:33:13.500000Z,s-p-maria-5,6.1
2026-09-21T19:33:14Z,s-p-maria-5,34.1
2026-09-21T19:33:14.500000Z,s-p-maria-5,55.4
2026-09-21T19:33:15Z,s-p-maria-5,69.5
2026-09-21T19:33:15.500000Z,s-p-maria-5,73.3
2026-09-21T19:33:16Z,s-p-maria-5,68.2
2026-09-21T19:33:16.500000Z,s-p-maria-5,48.1
2026-09-21T19:33:17Z,s-p-maria-5,22.9
2026-09-21T19:33:17.500000Z,s-p-maria-5,3.1
2026-09-21T19:33:18Z,s-p-maria-5,3.2
2026-09-21T19:33:18.500000Z,s-p-maria-5,3.8
2026-09-21T19:33:19Z,s-p-maria-5,3.1
2026-09-21T19:33:19.500000Z,s-p-maria-5,3.2
2026-09-21T19:33:20Z,s-p-maria-5,5.4
2026-09-21T19:33:20.500000Z,s-p-maria-5,4.5
2026-09-21T19:33:21Z,s-p-maria-5,4.9
2026-09-21T19:33:21.500000Z,s-p-maria-5,4.5
2026-09-21T19:33:22Z,s-p-maria-5,4.2
2026-09-21T19:33:22.500000Z,s-p-maria-5,5.1
2026-09-21T19:33:23Z,s-p-maria-5,3.2
2026-09-21T19:33:23.500000Z,s-p-maria-5,4.6
2026-09-21T19:33:24Z,s-p-maria-5,4.8
2026-09-21T19:33:24.500000Z,s-p-maria-5,3.8
2026-09-21T19:33:25Z,s-p-maria-5,3.9
2026-09-21T19:33:25.500000Z,s-p-maria-5,4.5
2026-09-21T19:33:26Z,s-p-maria-5,3.6
2026-09-21T19:33:26.500000Z,s-p-maria-5,5.4
2026-09-21T19:33:27Z,s-p-maria-5,4.6
2026-09-21T19:33:27.500000Z,s-p-maria-5,4.2
2026-09-21T19:33:28Z,s-p-maria-5,4.9
2026-09-21T19:33:28.500000Z,s-p-maria-5,5.5
2026-09-21T19:33:29Z,s-p-maria-5,5.0
2026-09-21T19:33:29.500000Z,s-p-maria-5,3.2
2026-09-21T19:33:30Z,s-p-maria-5,5.1
2026-09-21T19:33:30.500000Z,s-p-maria-5,5.2
2026-09-21T19:33:31Z,s-p-maria-5,5.5
2026-09-21T19:33:31.500000Z,s-p-maria-5,3.2
2026-09-21T19:33:32Z,s-p-maria-5,3.3
2026-09-21T19:33:32.500000Z,s-p-maria-5,4.3
2026-09-21T19:33:33Z,s-p-maria-5,4.4
2026-09-21T19:33:33.500000Z,s-p-maria-5,4.8
2026-09-21T19:33:34Z,s-p-maria-5,3.9
2026-09-21T19:33:34.500000Z,s-p-maria-5,5.2
2026-09-21T19:33:35Z,s-p-maria-5,12.2
2026-09-21T19:33:35.500000Z,s-p-maria-5,38.9
2026-09-21T19:33:36Z,s-p-maria-5,59.0
2026-09-21T19:33:36.500000Z,s-p-maria-5,72.0
2026-09-21T19:33:37Z,s-p-maria-5,76.7
2026-09-21T19:33:37.500000Z,s-p-maria-5,63.1
2026-09-21T19:33:38Z,s-p-maria-5,43.1
2026-09-21T19:33:38.500000Z,s-p-maria-5,18.3
2026-09-21T19:33:39Z,s-p-maria-5,5.4
2026-09-21T19:33:39.500000Z,s-p-maria-5,3.8
2026-09-21T19:33:40Z,s-p-maria-5,3.2
2026-09-21T19:33:40.500000Z,s-p-maria-5,5.1
2026-09-21T19:33:41Z,s-p-maria-5,4.7
2026-09-21T19:33:41.500000Z,s-p-maria-5,3.2
2026-09-21T19:33:42Z,s-p-maria-5,4.4
2026-09-21T19:33:42.500000Z,s-p-maria-5,4.1
2026-09-21T19:33:43Z,s-p-maria-5,4.5
2026-09-21T19:33:43.500000Z,s-p-maria-5,4.7
2026-09-21T19:33:44Z,s-p-maria-5,4.1
2026-09-21T19:33:44.500000Z,s-p-maria-5,3.8
2026-09-21T19:33:45Z,s-p-maria-5,3.3
2026-09-21T19:33:45.500000Z,s-p-maria-5,4.7
2026-09-21T19:33:46Z,s-p-maria-5,5.2
2026-09-21T19:33:46.500000Z,s-p-maria-5,3.7
2026-09-21T19:33:47Z,s-p-maria-5,4.5
2026-09-21T19:33:47.500000Z,s-p-maria-5,3.1
2026-09-21T19:33:48Z,s-p-maria-5,5.6
2026-09-21T19:33:48.500000Z,s-p-maria-5,3.7
2026-09-21T19:33:49Z,s-p-maria-5,4.4
2026-09-21T19:33:49.500000Z,s-p-maria-5,4.1
2026-09-21T19:33:50Z,s-p-maria-5,3.5
2026-09-21T19:33:50.500000Z,s-p-maria-5,5.8
2026-09-21T19:33:51Z,s-p-maria-5,5.6
2026-09-21T19:33:51.500000Z,s-p-maria-5,4.7
2026-09-21T19:33:52Z,s-p-maria-5,5.7
2026-09-21T19:33:52.500000Z,s-p-maria-5,5.2
2026-09-21T19:33:53Z,s-p-maria-5,4.3
2026-09-21T19:33:53.500000Z,s-p-maria-5,4.0
2026-09-21T19:33:54Z,s-p-maria-5,4.2
2026-09-21T19:33:54.500000Z,s-p-maria-5,5.2
2026-09-21T19:33:55Z,s-p-maria-5,3.8
2026-09-21T19:33:55.500000Z,s-p-maria-5,3.2
2026-09-21T19:33:56Z,s-p-maria-5,4.1
2026-09-21T19:33:56.500000Z,s-p-maria-5,17.1
2026-09-21T19:33:57Z,s-p-maria-5,43.4
2026-09-21T19:33:57.500000Z,s-p-maria-5,62.2
2026-09-21T19:33:58Z,s-p-maria-5,75.0
2026-09-21T19:33:58.500000Z,s-p-maria-5,71.6
2026-09-21T19:33:59Z,s-p-maria-5,61.0
2026-09-21T19:33:59.500000Z,s-p-maria-5,40.5
2026-09-21T19:34:00Z,s-p-maria-5,12.0
2026-09-21T19:34:00.500000Z,s-p-maria-5,4.9
2026-09-21T19:34:01Z,s-p-maria-5,4.4
2026-09-21T19:34:01.500000Z,s-p-maria-5,4.8
2026-09-21T19:34:02Z,s-p-maria-5,4.5
2026-09-21T19:34:02.500000Z,s-p-maria-5,5.3
2026-09-21T19:34:03Z,s-p-maria-5,3.6
2026-09-21T19:34:03.500000Z,s-p-maria-5,5.7
2026-09-21T19:34:04Z,s-p-maria-5,5.3
2026-09-21T19:34:04.500000Z,s-p-maria-5,3.7
2026-09-21T19:34:05Z,s-p-maria-5,3.0
2026-09-21T19:34:05.500000Z,s-p-maria-5,4.2
2026-09-21T19:34:06Z,s-p-maria-5,3.7
2026-09-21T19:34:06.500000Z,s-p-maria-5,4.0
2026-09-21T19:34:07Z,s-p-maria-5,5.5
2026-09-21T19:34:07.500000Z,s-p-maria-5,5.6
2026-09-21T19:34:08Z,s-p-maria-5,5.9
2026-09-21T19:34:08.500000Z,s-p-maria-5,3.0
2026-09-21T19:34:09Z,s-p-maria-5,5.0
2026-09-21T19:34:09.500000Z,s-p-maria-5,5.5
2026-09-21T19:34:10Z,s-p-maria-5,5.2
2026-09-21T19:34:10.500000Z,s-p-maria-5,3.3
2026-09-21T19:34:11Z,s-p-maria-5,4.6
2026-09-21T19:34:11.500000Z,s-p-maria-5,3.7
2026-09-21T19:34:12Z,s-p-maria-5,4.5
2026-09-21T19:34:12.500000Z,s-p-maria-5,3.2
2026-09-21T19:34:13Z,s-p-maria-5,6.0
2026-09-21T19:34:13.500000Z,s-p-maria-5,5.1
2026-09-21T19:34:14Z,s-p-maria-5,3.3
2026-09-21T19:34:14.500000Z,s-p-maria-5,5.8
2026-09-21T19:34:15Z,s-p-maria-5,5.7
2026-09-21T19:34:15.500000Z,s-p-maria-5,4.6
2026-09-21T19:34:16Z,s-p-maria-5,5.1
2026-09-21T19:34:16.500000Z,s-p-maria-5,4.1
2026-09-21T19:34:17Z,s-p-maria-5,5.9
2026-09-21T19:34:17.500000Z,s-p-maria-5,3.3
2026-09-21T19:34:18Z,s-p-maria-5,24.1
2026-09-21T19:34:18.500000Z,s-p-maria-5,50.8
2026-09-21T19:34:19Z,s-p-maria-5,67.8
2026-09-21T19:34:19.500000Z,s-p-maria-5,77.0
2026-09-21T19:34:20Z,s-p-maria-5,73.1
2026-09-21T19:34:20.500000Z,s-p-maria-5,56.6
2026-09-21T19:34:21Z,s-p-maria-5,34.9
2026-09-21T19:34:21.500000Z,s-p-maria-5,6.1
2026-09-21T19:34:22Z,s-p-maria-5,3.6
2026-09-21T19:34:22.500000Z,s-p-maria-5,5.3
2026-09-21T19:34:23Z,s-p-maria-5,4.8
2026-09-21T19:34:23.500000Z,s-p-maria-5,3.5
2026-09-21T19:34:24Z,s-p-maria-5,3.5
2026-09-21T19:34:24.500000Z,s-p-maria-5,4.4
2026-09-21T19:34:25Z,s-p-maria-5,4.2
2026-09-21T19:34:25.500000Z,s-p-maria-5,4.6
2026-09-21T19:34:26Z,s-p-maria-5,5.9
2026-09-21T19:34:26.500000Z,s-p-maria-5,3.6
2026-09-21T19:34:27Z,s-p-maria-5,3.9
2026-09-21T19:34:27.500000Z,s-p-maria-5,3.8
2026-09-21T19:34:28Z,s-p-maria-5,3.4
2026-09-21T19:34:28.500000Z,s-p-maria-5,3.5
2026-09-21T19:34:29Z,s-p-maria-5,5.1
2026-09-21T19:34:29.500000Z,s-p-maria-5,5.5
2026-09-21T19:34:30Z,s-p-maria-5,5.1
2026-09-21T19:34:30.500000Z,s-p-maria-5,3.1
2026-09-21T19:34:31Z,s-p-maria-5,5.5
2026-09-21T19:34:31.500000Z,s-p-maria-5,4.0
2026-09-21T19:34:32Z,s-p-maria-5,3.3
2026-09-21T19:34:32.500000Z,s-p-maria-5,3.7
2026-09-21T19:34:33Z,s-p-maria-5,4.1
2026-09-21T19:34:33.500000Z,s-p-maria-5,4.5
2026-09-21T19:34:34Z,s-p-maria-5,5.0
2026-09-21T19:34:34.500000Z,s-p-maria-5,3.8
2026-09-21T19:34:35Z,s-p-maria-5,6.0
2026-09-21T19:34:35.500000Z,s-p-maria-5,3.1
2026-09-21T19:34:36Z,s-p-maria-5,4.2
2026-09-21T19:34:36.500000Z,s-p-maria-5,4.4
2026-09-21T19:34:37Z,s-p-maria-5,5.2
2026-09-21T19:34:37.500000Z,s-p-maria-5,3.7
2026-09-21T19:34:38Z,s-p-maria-5,4.4
2026-09-21T19:34:38.500000Z,s-p-maria-5,5.4
2026-09-21T19:34:39Z,s-p-maria-5,3.4
2026-09-21T19:34:39.500000Z,s-p-maria-5,3.0
2026-09-21T19:34:40Z,s-p-maria-5,5.5
2026-09-21T19:34:40.500000Z,s-p-maria-5,5.9
2026-09-21T19:34:41Z,s-p-maria-5,3.4
2026-09-21T19:34:41.500000Z,s-p-maria-5,5.5
2026-09-21T19:34:42Z,s-p-maria-5,4.1
2026-09-21T19:34:42.500000Z,s-p-maria-5,4.9
2026-09-21T19:34:43Z,s-p-maria-5,4.9
2026-09-21T19:34:43.500000Z,s-p-maria-5,4.7
2026-09-21T19:34:44Z,s-p-maria-5,3.8
2026-09-21T19:34:44.500000Z,s-p-maria-5,5.4
2026-09-21T19:34:45Z,s-p-maria-5,3.1
2026-09-21T19:34:45.500000Z,s-p-maria-5,3.2
2026-09-21T19:34:46Z,s-p-maria-5,5.7
2026-09-21T19:34:46.500000Z,s-p-maria-5,4.3
2026-09-21T19:34:47Z,s-p-maria-5,3.4
2026-09-21T19:34:47.500000Z,s-p-maria-5,5.7
2026-09-21T19:34:48Z,s-p-maria-5,5.5
2026-09-21T19:34:48.500000Z,s-p-maria-5,4.0
2026-09-21T19:34:49Z,s-p-maria-5,3.1
2026-09-21T19:34:49.500000Z,s-p-maria-5,4.4
2026-09-21T19:34:50Z,s-p-maria-5,3.5
2026-09-21T19:34:50.500000Z,s-p-maria-5,4.7
2026-09-21T19:34:51Z,s-p-maria-5,5.5
2026-09-21T19:34:51.500000Z,s-p-maria-5,4.2
2026-09-21T19:34:52Z,s-p-maria-5,3.1
2026-09-21T19:34:52.500000Z,s-p-maria-5,5.0
2026-09-21T19:34:53Z,s-p-maria-5,3.5
2026-09-21T19:34:53.500000Z,s-p-maria-5,3.6
2026-09-21T19:34:54Z,s-p-maria-5,3.6
2026-09-22T18:56:00Z,s-p-maria-4,3.9
2026-09-22T18:56:00.500000Z,s-p-maria-4,4.2
2026-09-22T18:56:01Z,s-p-maria-4,4.7
2026-09-22T18:56:01.500000Z,s-p-maria-4,3.2
2026-09-22T18:56:02Z,s-p-maria-4,3.8
2026-09-22T18:56:02.500000Z,s-p-maria-4,3.4
2026-09-22T18:56:03Z,s-p-maria-4,3.6
2026-09-22T18:56:03.500000Z,s-p-maria-4,5.7
2026-09-22T18:56:04Z,s-p-maria-4,4.6
2026-09-22T18:56:04.500000Z,s-p-maria-4,4.9
2026-09-22T18:56:05Z,s-p-maria-4,5.4
2026-09-22T18:56:05.500000Z,s-p-maria-4,28.9
2026-09-22T18:56:06Z,s-p-maria-4,54.5
2026-09-22T18:56:06.500000Z,s-p-maria-4,69.1
2026-09-22T18:56:07Z,s-p-maria-4,78.0
2026-09-22T18:56:07.500000Z,s-p-maria-4,72.4
2026-09-22T18:56:08Z,s-p-maria-4,53.0
2026-09-22T18:56:08.500000Z,s-p-maria-4,30.6
2026-09-22T18:56:09Z,s-p-maria-4,6.0
2026-09-22T18:56:09.500000Z,s-p-maria-4,5.3
2026-09-22T18:56:10Z,s-p-maria-4,6.0
2026-09-22T18:56:10.500000Z,s-p-maria-4,5.9
2026-09-22T18:56:11Z,s-p-maria-4,3.3
2026-09-22T18:56:11.500000Z,s-p-maria-4,5.0
2026-09-22T18:56:12Z,s-p-maria-4,3.8
2026-09-22T18:56:12.500000Z,s-p-maria-4,5.4
2026-09-22T18:56:13Z,s-p-maria-4,5.8
2026-09-22T18:56:13.500000Z,s-p-maria-4,3.2
2026-09-22T18:56:14Z,s-p-maria-4,6.0
2026-09-22T18:56:14.500000Z,s-p-maria-4,3.7
2026-09-22T18:56:15Z,s-p-maria-4,5.5
2026-09-22T18:56:15.500000Z,s-p-maria-4,5.4
2026-09-22T18:56:16Z,s-p-maria-4,4.1
2026-09-22T18:56:16.500000Z,s-p-maria-4,5.5
2026-09-22T18:56:17Z,s-p-maria-4,5.5
2026-09-22T18:56:17.500000Z,s-p-maria-4,3.5
2026-09-22T18:56:18Z,s-p-maria-4,4.8
2026-09-22T18:56:18.500000Z,s-p-maria-4,5.4
2026-09-22T18:56:19Z,s-p-maria-4,5.1
2026-09-22T18:56:19.500000Z,s-p-maria-4,5.7
2026-09-22T18:56:20Z,s-p-maria-4,3.1
2026-09-22T18:56:20.500000Z,s-p-maria-4,5.1
2026-09-22T18:56:21Z,s-p-maria-4,5.8
2026-09-22T18:56:21.500000Z,s-p-maria-4,4.7
2026-09-22T18:56:22Z,s-p-maria-4,4.7
2026-09-22T18:56:22.500000Z,s-p-maria-4,3.6
2026-09-22T18:56:23Z,s-p-maria-4,6.0
2026-09-22T18:56:23.500000Z,s-p-maria-4,5.6
2026-09-22T18:56:24Z,s-p-maria-4,4.5
2026-09-22T18:56:24.500000Z,s-p-maria-4,3.9
2026-09-22T18:56:25Z,s-p-maria-4,4.5
2026-09-22T18:56:25.500000Z,s-p-maria-4,3.3
2026-09-22T18:56:26Z,s-p-maria-4,3.7
2026-09-22T18:56:26.500000Z,s-p-maria-4,3.7
2026-09-22T18:56:27Z,s-p-maria-4,4.6
2026-09-22T18:56:27.500000Z,s-p-maria-4,3.0
2026-09-22T18:56:28Z,s-p-maria-4,5.8
2026-09-22T18:56:28.500000Z,s-p-maria-4,3.6
2026-09-22T18:56:29Z,s-p-maria-4,3.4
2026-09-22T18:56:29.500000Z,s-p-maria-4,17.5
2026-09-22T18:56:30Z,s-p-maria-4,46.1
2026-09-22T18:56:30.500000Z,s-p-maria-4,65.5
2026-09-22T18:56:31Z,s-p-maria-4,74.7
2026-09-22T18:56:31.500000Z,s-p-maria-4,73.1
2026-09-22T18:56:32Z,s-p-maria-4,63.2
2026-09-22T18:56:32.500000Z,s-p-maria-4,40.7
2026-09-22T18:56:33Z,s-p-maria-4,12.3
2026-09-22T18:56:33.500000Z,s-p-maria-4,3.4
2026-09-22T18:56:34Z,s-p-maria-4,3.5
2026-09-22T18:56:34.500000Z,s-p-maria-4,5.8
2026-09-22T18:56:35Z,s-p-maria-4,5.4
2026-09-22T18:56:35.500000Z,s-p-maria-4,5.9
2026-09-22T18:56:36Z,s-p-maria-4,4.9
2026-09-22T18:56:36.500000Z,s-p-maria-4,3.5
2026-09-22T18:56:37Z,s-p-maria-4,5.9
2026-09-22T18:56:37.500000Z,s-p-maria-4,5.1
2026-09-22T18:56:38Z,s-p-maria-4,5.8
2026-09-22T18:56:38.500000Z,s-p-maria-4,5.4
2026-09-22T18:56:39Z,s-p-maria-4,3.7
2026-09-22T18:56:39.500000Z,s-p-maria-4,4.8
2026-09-22T18:56:40Z,s-p-maria-4,3.5
2026-09-22T18:56:40.500000Z,s-p-maria-4,3.9
2026-09-22T18:56:41Z,s-p-maria-4,5.1
2026-09-22T18:56:41.500000Z,s-p-maria-4,3.4
2026-09-22T18:56:42Z,s-p-maria-4,5.2
2026-09-22T18:56:42.500000Z,s-p-maria-4,5.8
2026-09-22T18:56:43Z,s-p-maria-4,5.8
2026-09-22T18:56:43.500000Z,s-p-maria-4,4.2
2026-09-22T18:56:44Z,s-p-maria-4,6.0
2026-09-22T18:56:44.500000Z,s-p-maria-4,5.9
2026-09-22T18:56:45Z,s-p-maria-4,3.1
2026-09-22T18:56:45.500000Z,s-p-maria-4,4.8
2026-09-22T18:56:46Z,s-p-maria-4,5.8
2026-09-22T18:56:46.500000Z,s-p-maria-4,5.9
2026-09-22T18:56:47Z,s-p-maria-4,3.7
2026-09-22T18:56:47.500000Z,s-p-maria-4,4.7
2026-09-22T18:56:48Z,s-p-maria-4,5.8
2026-09-22T18:56:48.500000Z,s-p-maria-4,3.4
2026-09-22T18:56:49Z,s-p-maria-4,5.2
2026-09-22T18:56:49.500000Z,s-p-maria-4,3.7
2026-09-22T18:56:50Z,s-p-maria-4,5.9
2026-09-22T18:56:50.500000Z,s-p-maria-4,3.5
2026-09-22T18:56:51Z,s-p-maria-4,5.7
2026-09-22T18:56:51.500000Z,s-p-maria-4,3.3
2026-09-22T18:56:52Z,s-p-maria-4,5.1
2026-09-22T18:56:52.500000Z,s-p-maria-4,4.9
2026-09-22T18:56:53Z,s-p-maria-4,5.7
2026-09-22T18:56:53.500000Z,s-p-maria-4,6.2
2026-09-22T18:56:54Z,s-p-maria-4,36.3
2026-09-22T18:56:54.500000Z,s-p-maria-4,60.6
2026-09-22T18:56:55Z,s-p-maria-4,74.2
2026-09-22T18:56:55.500000Z,s-p-maria-4,74.3
2026-09-22T18:56:56Z,s-p-maria-4,68.9
2026-09-22T18:56:56.500000Z,s-p-maria-4,50.0
2026-09-22T18:56:57Z,s-p-maria-4,23.9
2026-09-22T18:56:57.500000Z,s-p-maria-4,5.6
2026-09-22T18:56:58Z,s-p-maria-4,5.0
2026-09-22T18:56:58.500000Z,s-p-maria-4,5.1
2026-09-22T18:56:59Z,s-p-maria-4,3.5
2026-09-22T18:56:59.500000Z,s-p-maria-4,3.2
2026-09-22T18:57:00Z,s-p-maria-4,5.5
2026-09-22T18:57:00.500000Z,s-p-maria-4,3.9
2026-09-22T18:57:01Z,s-p-maria-4,4.0
2026-09-22T18:57:01.500000Z,s-p-maria-4,5.9
2026-09-22T18:57:02Z,s-p-maria-4,3.2
2026-09-22T18:57:02.500000Z,s-p-maria-4,3.5
2026-09-22T18:57:03Z,s-p-maria-4,4.1
2026-09-22T18:57:03.500000Z,s-p-maria-4,5.2
2026-09-22T18:57:04Z,s-p-maria-4,4.6
2026-09-22T18:57:04.500000Z,s-p-maria-4,5.7
2026-09-22T18:57:05Z,s-p-maria-4,3.3
2026-09-22T18:57:05.500000Z,s-p-maria-4,4.8
2026-09-22T18:57:06Z,s-p-maria-4,4.8
2026-09-22T18:57:06.500000Z,s-p-maria-4,4.4
2026-09-22T18:57:07Z,s-p-maria-4,3.1
2026-09-22T18:57:07.500000Z,s-p-maria-4,5.8
2026-09-22T18:57:08Z,s-p-maria-4,3.5
2026-09-22T18:57:08.500000Z,s-p-maria-4,5.7
2026-09-22T18:57:09Z,s-p-maria-4,3.5
2026-09-22T18:57:09.500000Z,s-p-maria-4,3.3
2026-09-22T18:57:10Z,s-p-maria-4,3.6
2026-09-22T18:57:10.500000Z,s-p-maria-4,3.6
2026-09-22T18:57:11Z,s-p-maria-4,5.1
2026-09-22T18:57:11.500000Z,s-p-maria-4,5.2
2026-09-22T18:57:12Z,s-p-maria-4,5.2
2026-09-22T18:57:12.500000Z,s-p-maria-4,3.8
2026-09-22T18:57:13Z,s-p-maria-4,3.8
2026-09-22T18:57:13.500000Z,s-p-maria-4,3.7
2026-09-22T18:57:14Z,s-p-maria-4,3.1
2026-09-22T18:57:14.500000Z,s-p-maria-4,4.7
2026-09-22T18:57:15Z,s-p-maria-4,5.5
2026-09-22T18:57:15.500000Z,s-p-maria-4,3.5
2026-09-22T18:57:16Z,s-p-maria-4,4.1
2026-09-22T18:57:16.500000Z,s-p-maria-4,4.3
2026-09-22T18:57:17Z,s-p-maria-4,3.9
2026-09-22T18:57:17.500000Z,s-p-maria-4,5.0
2026-09-22T18:57:18Z,s-p-maria-4,24.4
2026-09-22T18:57:18.500000Z,s-p-maria-4,51.5
2026-09-22T18:57:19Z,s-p-maria-4,71.1
2026-09-22T18:57:19.500000Z,s-p-maria-4,78.2
2026-09-22T18:57:20Z,s-p-maria-4,73.6
2026-09-22T18:57:20.500000Z,s-p-maria-4,60.6
2026-09-22T18:57:21Z,s-p-maria-4,36.0
2026-09-22T18:57:21.500000Z,s-p-maria-4,6.1
2026-09-22T18:57:22Z,s-p-maria-4,4.3
2026-09-22T18:57:22.500000Z,s-p-maria-4,3.8
2026-09-22T18:57:23Z,s-p-maria-4,4.4
2026-09-22T18:57:23.500000Z,s-p-maria-4,3.7
2026-09-22T18:57:24Z,s-p-maria-4,3.8
2026-09-22T18:57:24.500000Z,s-p-maria-4,3.2
2026-09-22T18:57:25Z,s-p-maria-4,5.3
2026-09-22T18:57:25.500000Z,s-p-maria-4,5.0
2026-09-22T18:57:26Z,s-p-maria-4,3.3
2026-09-22T18:57:26.500000Z,s-p-maria-4,4.0
2026-09-22T18:57:27Z,s-p-maria-4,4.6
2026-09-22T18:57:27.500000Z,s-p-maria-4,5.9
2026-09-22T18:57:28Z,s-p-maria-4,4.8
2026-09-22T18:57:28.500000Z,s-p-maria-4,4.7
2026-09-22T18:57:29Z,s-p-maria-4,5.5
2026-09-22T18:57:29.500000Z,s-p-maria-4,5.5
2026-09-22T18:57:30Z,s-p-maria-4,4.3
2026-09-22T18:57:30.500000Z,s-p-maria-4,4.6
2026-09-22T18:57:31Z,s-p-maria-4,5.6
2026-09-22T18:57:31.500000Z,s-p-maria-4,4.4
2026-09-22T18:57:32Z,s-p-maria-4,5.6
2026-09-22T18:57:32.500000Z,s-p-maria-4,4.4
2026-09-22T18:57:33Z,s-p-maria-4,3.2
2026-09-22T18:57:33.500000Z,s-p-maria-4,5.7
2026-09-22T18:57:34Z,s-p-maria-4,5.1
2026-09-22T18:57:34.500000Z,s-p-maria-4,4.5
2026-09-22T18:57:35Z,s-p-maria-4,5.7
2026-09-22T18:57:35.500000Z,s-p-maria-4,5.4
2026-09-22T18:57:36Z,s-p-maria-4,5.0
2026-09-22T18:57:36.500000Z,s-p-maria-4,4.9
2026-09-22T18:57:37Z,s-p-maria-4,3.4
2026-09-22T18:57:37.500000Z,s-p-maria-4,5.3
2026-09-22T18:57:38Z,s-p-maria-4,3.5
2026-09-22T18:57:38.500000Z,s-p-maria-4,6.0
2026-09-22T18:57:39Z,s-p-maria-4,5.9
2026-09-22T18:57:39.500000Z,s-p-maria-4,5.4
2026-09-22T18:57:40Z,s-p-maria-4,3.4
2026-09-22T18:57:40.500000Z,s-p-maria-4,4.3
2026-09-22T18:57:41Z,s-p-maria-4,6.0
2026-09-22T18:57:41.500000Z,s-p-maria-4,4.3
2026-09-22T18:57:42Z,s-p-maria-4,12.0
2026-09-22T18:57:42.500000Z,s-p-maria-4,41.1
2026-09-22T18:57:43Z,s-p-maria-4,60.5
2026-09-22T18:57:43.500000Z,s-p-maria-4,75.8
2026-09-22T18:57:44Z,s-p-maria-4,77.4
2026-09-22T18:57:44.500000Z,s-p-maria-4,66.1
2026-09-22T18:57:45Z,s-p-maria-4,44.4
2026-09-22T18:57:45.500000Z,s-p-maria-4,18.0
2026-09-22T18:57:46Z,s-p-maria-4,4.3
2026-09-22T18:57:46.500000Z,s-p-maria-4,4.2
2026-09-22T18:57:47Z,s-p-maria-4,3.4
2026-09-22T18:57:47.500000Z,s-p-maria-4,4.8
2026-09-22T18:57:48Z,s-p-maria-4,5.3
2026-09-22T18:57:48.500000Z,s-p-maria-4,5.8
2026-09-22T18:57:49Z,s-p-maria-4,5.8
2026-09-22T18:57:49.500000Z,s-p-maria-4,4.7
2026-09-22T18:57:50Z,s-p-maria-4,3.3
2026-09-22T18:57:50.500000Z,s-p-maria-4,3.9
2026-09-22T18:57:51Z,s-p-maria-4,4.6
2026-09-22T18:57:51.500000Z,s-p-maria-4,4.0
2026-09-22T18:57:52Z,s-p-maria-4,4.2
2026-09-22T18:57:52.500000Z,s-p-maria-4,4.1
2026-09-22T18:57:53Z,s-p-maria-4,4.5
2026-09-22T18:57:53.500000Z,s-p-maria-4,4.8
2026-09-22T18:57:54Z,s-p-maria-4,3.1
2026-09-22T18:57:54.500000Z,s-p-maria-4,3.8
2026-09-22T18:57:55Z,s-p-maria-4,3.4
2026-09-22T18:57:55.500000Z,s-p-maria-4,4.8
2026-09-22T18:57:56Z,s-p-maria-4,5.1
2026-09-22T18:57:56.500000Z,s-p-maria-4,3.1
2026-09-22T18:57:57Z,s-p-maria-4,5.7
2026-09-22T18:57:57.500000Z,s-p-maria-4,4.0
2026-09-22T18:57:58Z,s-p-maria-4,3.7
2026-09-22T18:57:58.500000Z,s-p-maria-4,5.2
2026-09-22T18:57:59Z,s-p-maria-4,5.8
2026-09-22T18:57:59.500000Z,s-p-maria-4,5.7
2026-09-22T18:58:00Z,s-p-maria-4,3.1
2026-09-22T18:58:00.500000Z,s-p-maria-4,5.5
2026-09-22T18:58:01Z,s-p-maria-4,3.9
2026-09-22T18:58:01.500000Z,s-p-maria-4,3.8
2026-09-22T18:58:02Z,s-p-maria-4,4.5
2026-09-22T18:58:02.500000Z,s-p-maria-4,5.1
2026-09-22T18:58:03Z,s-p-maria-4,3.3
2026-09-22T18:58:03.500000Z,s-p-maria-4,5.6
2026-09-22T18:58:04Z,s-p-maria-4,3.4
2026-09-22T18:58:04.500000Z,s-p-maria-4,5.9
2026-09-22T18:58:05Z,s-p-maria-4,4.3
2026-09-22T18:58:05.500000Z,s-p-maria-4,5.5
2026-09-22T18:58:06Z,s-p-maria-4,3.8
2026-09-22T18:58:06.500000Z,s-p-maria-4,30.3
2026-09-22T18:58:07Z,s-p-maria-4,53.3
2026-09-22T18:58:07.500000Z,s-p-maria-4,70.0
2026-09-22T18:58:08Z,s-p-maria-4,75.4
2026-09-22T18:58:08.500000Z,s-p-maria-4,73.3
2026-09-22T18:58:09Z,s-p-maria-4,54.6
2026-09-22T18:58:09.500000Z,s-p-maria-4,28.8
2026-09-22T18:58:10Z,s-p-maria-4,5.6
2026-09-22T18:58:10.500000Z,s-p-maria-4,3.6
2026-09-22T18:58:11Z,s-p-maria-4,5.5
2026-09-22T18:58:11.500000Z,s-p-maria-4,5.5
2026-09-22T18:58:12Z,s-p-maria-4,3.7
2026-09-22T18:58:12.500000Z,s-p-maria-4,4.4
2026-09-22T18:58:13Z,s-p-maria-4,5.8
2026-09-22T18:58:13.500000Z,s-p-maria-4,5.1
2026-09-22T18:58:14Z,s-p-maria-4,3.8
2026-09-22T18:58:14.500000Z,s-p-maria-4,5.5
2026-09-22T18:58:15Z,s-p-maria-4,4.5
2026-09-22T18:58:15.500000Z,s-p-maria-4,4.9
2026-09-22T18:58:16Z,s-p-maria-4,3.4
2026-09-22T18:58:16.500000Z,s-p-maria-4,3.1
2026-09-22T18:58:17Z,s-p-maria-4,4.1
2026-09-22T18:58:17.500000Z,s-p-maria-4,4.8
2026-09-22T18:58:18Z,s-p-maria-4,3.5
2026-09-22T18:58:18.500000Z,s-p-maria-4,5.6
2026-09-22T18:58:19Z,s-p-maria-4,4.8
2026-09-22T18:58:19.500000Z,s-p-maria-4,4.0
2026-09-22T18:58:20Z,s-p-maria-4,3.5
2026-09-22T18:58:20.500000Z,s-p-maria-4,5.7
2026-09-22T18:58:21Z,s-p-maria-4,5.2
2026-09-22T18:58:21.500000Z,s-p-maria-4,5.1
2026-09-22T18:58:22Z,s-p-maria-4,3.9
2026-09-22T18:58:22.500000Z,s-p-maria-4,4.2
2026-09-22T18:58:23Z,s-p-maria-4,3.5
2026-09-22T18:58:23.500000Z,s-p-maria-4,4.7
2026-09-22T18:58:24Z,s-p-maria-4,5.9
2026-09-22T18:58:24.500000Z,s-p-maria-4,5.6
2026-09-22T18:58:25Z,s-p-maria-4,4.9
2026-09-22T18:58:25.500000Z,s-p-maria-4,5.0
2026-09-22T18:58:26Z,s-p-maria-4,3.8
2026-09-22T18:58:26.500000Z,s-p-maria-4,4.2
2026-09-22T18:58:27Z,s-p-maria-4,3.1
2026-09-22T18:58:27.500000Z,s-p-maria-4,5.3
2026-09-22T18:58:28Z,s-p-maria-4,5.3
2026-09-22T18:58:28.500000Z,s-p-maria-4,3.0
2026-09-22T18:58:29Z,s-p-maria-4,5.7
2026-09-22T18:58:29.500000Z,s-p-maria-4,4.9
2026-09-22T18:58:30Z,s-p-maria-4,4.8
2026-09-22T18:58:30.500000Z,s-p-maria-4,18.4
2026-09-22T18:58:31Z,s-p-maria-4,46.1
2026-09-22T18:58:31.500000Z,s-p-maria-4,65.2
2026-09-22T18:58:32Z,s-p-maria-4,77.1
2026-09-22T18:58:32.500000Z,s-p-maria-4,76.6
2026-09-22T18:58:33Z,s-p-maria-4,61.7
2026-09-22T18:58:33.500000Z,s-p-maria-4,40.7
2026-09-22T18:58:34Z,s-p-maria-4,12.1
2026-09-22T18:58:34.500000Z,s-p-maria-4,5.0
2026-09-22T18:58:35Z,s-p-maria-4,5.5
2026-09-22T18:58:35.500000Z,s-p-maria-4,4.1
2026-09-22T18:58:36Z,s-p-maria-4,4.9
2026-09-22T18:58:36.500000Z,s-p-maria-4,4.8
2026-09-22T18:58:37Z,s-p-maria-4,3.9
2026-09-22T18:58:37.500000Z,s-p-maria-4,3.3
2026-09-22T18:58:38Z,s-p-maria-4,3.2
2026-09-22T18:58:38.500000Z,s-p-maria-4,6.0
2026-09-22T18:58:39Z,s-p-maria-4,4.9
2026-09-22T18:58:39.500000Z,s-p-maria-4,5.6
2026-09-22T18:58:40Z,s-p-maria-4,3.8
2026-09-22T18:58:40.500000Z,s-p-maria-4,5.1
2026-09-22T18:58:41Z,s-p-maria-4,5.7
2026-09-22T18:58:41.500000Z,s-p-maria-4,3.9
2026-09-22T18:58:42Z,s-p-maria-4,3.4
2026-09-22T18:58:42.500000Z,s-p-maria-4,5.3
2026-09-22T18:58:43Z,s-p-maria-4,5.7
2026-09-22T18:58:43.500000Z,s-p-maria-4,5.4
2026-09-22T18:58:44Z,s-p-maria-4,5.4
2026-09-22T18:58:44.500000Z,s-p-maria-4,4.8
2026-09-22T18:58:45Z,s-p-maria-4,5.0
2026-09-22T18:58:45.500000Z,s-p-maria-4,5.0
2026-09-22T18:58:46Z,s-p-maria-4,5.2
2026-09-22T18:58:46.500000Z,s-p-maria-4,5.0
2026-09-22T18:58:47Z,s-p-maria-4,6.0
2026-09-22T18:58:47.500000Z,s-p-maria-4,3.8
2026-09-22T18:58:48Z,s-p-maria-4,4.3
2026-09-22T18:58:48.500000Z,s-p-maria-4,4.2
2026-09-22T18:58:49Z,s-p-maria-4,3.1
2026-09-22T18:58:49.500000Z,s-p-maria-4,5.1
2026-09-22T18:58:50Z,s-p-maria-4,4.7
2026-09-22T18:58:50.500000Z,s-p-maria-4,3.6
2026-09-22T18:58:51Z,s-p-maria-4,5.2
2026-09-22T18:58:51.500000Z,s-p-maria-4,3.7
2026-09-22T18:58:52Z,s-p-maria-4,4.6
2026-09-22T18:58:52.500000Z,s-p-maria-4,5.4
2026-09-22T18:58:53Z,s-p-maria-4,5.7
2026-09-22T18:58:53.500000Z,s-p-maria-4,5.0
2026-09-22T18:58:54Z,s-p-maria-4,4.5
2026-09-22T18:58:54.500000Z,s-p-maria-4,5.9
2026-09-22T18:58:55Z,s-p-maria-4,36.0
2026-09-22T18:58:55.500000Z,s-p-maria-4,60.5
2026-09-22T18:58:56Z,s-p-maria-4,71.8
2026-09-22T18:58:56.500000Z,s-p-maria-4,79.0
2026-09-22T18:58:57Z,s-p-maria-4,69.8
2026-09-22T18:58:57.500000Z,s-p-maria-4,50.8
2026-09-22T18:58:58Z,s-p-maria-4,24.2
2026-09-22T18:58:58.500000Z,s-p-maria-4,5.4
2026-09-22T18:58:59Z,s-p-maria-4,4.0
2026-09-22T18:58:59.500000Z,s-p-maria-4,3.8
2026-09-22T18:59:00Z,s-p-maria-4,3.9
2026-09-22T18:59:00.500000Z,s-p-maria-4,5.6
2026-09-22T18:59:01Z,s-p-maria-4,4.4
2026-09-22T18:59:01.500000Z,s-p-maria-4,5.6
2026-09-22T18:59:02Z,s-p-maria-4,4.8
2026-09-22T18:59:02.500000Z,s-p-maria-4,5.8
2026-09-22T18:59:03Z,s-p-maria-4,3.2
2026-09-22T18:59:03.500000Z,s-p-maria-4,5.7
2026-09-22T18:59:04Z,s-p-maria-4,4.5
2026-09-22T18:59:04.500000Z,s-p-maria-4,5.6
2026-09-22T18:59:05Z,s-p-maria-4,4.1
2026-09-22T18:59:05.500000Z,s-p-maria-4,3.9
2026-09-22T18:59:06Z,s-p-maria-4,3.2
2026-09-22T18:59:06.500000Z,s-p-maria-4,5.6
2026-09-22T18:59:07Z,s-p-maria-4,3.4
2026-09-22T18:59:07.500000Z,s-p-maria-4,3.6
2026-09-22T18:59:08Z,s-p-maria-4,4.2
2026-09-22T18:59:08.500000Z,s-p-maria-4,4.7
2026-09-22T18:59:09Z,s-p-maria-4,5.7
2026-09-22T18:59:09.500000Z,s-p-maria-4,4.4
2026-09-22T18:59:10Z,s-p-maria-4,3.9
2026-09-22T18:59:10.500000Z,s-p-maria-4,5.1
2026-09-22T18:59:11Z,s-p-maria-4,5.3
2026-09-22T18:59:11.500000Z,s-p-maria-4,4.5
2026-09-22T18:59:12Z,s-p-maria-4,4.9
2026-09-22T18:59:12.500000Z,s-p-maria-4,3.5
2026-09-22T18:59:13Z,s-p-maria-4,4.9
2026-09-22T18:59:13.500000Z,s-p-maria-4,3.0
2026-09-22T18:59:14Z,s-p-maria-4,3.8
2026-09-22T18:59:14.500000Z,s-p-maria-4,5.3
2026-09-22T18:59:15Z,s-p-maria-4,3.5
2026-09-22T18:59:15.500000Z,s-p-maria-4,5.3
2026-09-22T18:59:16Z,s-p-maria-4,4.5
2026-09-22T18:59:16.500000Z,s-p-maria-4,5.3
2026-09-22T18:59:17Z,s-p-maria-4,3.3
2026-09-22T18:59:17.500000Z,s-p-maria-4,4.8
2026-09-22T18:59:18Z,s-p-maria-4,4.9
2026-09-22T18:59:18.500000Z,s-p-maria-4,4.2
2026-09-22T18:59:19Z,s-p-maria-4,24.1
2026-09-22T18:59:19.500000Z,s-p-maria-4,51.4
2026-09-22T18:59:20Z,s-p-maria-4,71.5
2026-09-22T18:59:20.500000Z,s-p-maria-4,75.1
2026-09-22T18:59:21Z,s-p-maria-4,72.5
2026-09-22T18:59:21.500000Z,s-p-maria-4,59.9
2026-09-22T18:59:22Z,s-p-maria-4,35.5
2026-09-22T18:59:22.500000Z,s-p-maria-4,6.1
2026-09-22T18:59:23Z,s-p-maria-4,4.8
2026-09-22T18:59:23.500000Z,s-p-maria-4,3.5
2026-09-22T18:59:24Z,s-p-maria-4,5.5
2026-09-22T18:59:24.500000Z,s-p-maria-4,3.9
2026-09-22T18:59:25Z,s-p-maria-4,3.9
2026-09-22T18:59:25.500000Z,s-p-maria-4,5.2
2026-09-22T18:59:26Z,s-p-maria-4,4.8
2026-09-22T18:59:26.500000Z,s-p-maria-4,4.0
2026-09-22T18:59:27Z,s-p-maria-4,5.7
2026-09-22T18:59:27.500000Z,s-p-maria-4,6.0
2026-09-22T18:59:28Z,s-p-maria-4,4.0
2026-09-22T18:59:28.500000Z,s-p-maria-4,5.7
2026-09-22T18:59:29Z,s-p-maria-4,4.1
2026-09-22T18:59:29.500000Z,s-p-maria-4,3.6
2026-09-22T18:59:30Z,s-p-maria-4,5.8
2026-09-22T18:59:30.500000Z,s-p-maria-4,5.8
2026-09-22T18:59:31Z,s-p-maria-4,4.2
2026-09-22T18:59:31.500000Z,s-p-maria-4,3.7
2026-09-22T18:59:32Z,s-p-maria-4,5.2
2026-09-22T18:59:32.500000Z,s-p-maria-4,3.4
2026-09-22T18:59:33Z,s-p-maria-4,5.2
2026-09-22T18:59:33.500000Z,s-p-maria-4,4.8
2026-09-22T18:59:34Z,s-p-maria-4,3.5
2026-09-22T18:59:34.500000Z,s-p-maria-4,4.1
2026-09-22T18:59:35Z,s-p-maria-4,5.0
2026-09-22T18:59:35.500000Z,s-p-maria-4,3.1
2026-09-22T18:59:36Z,s-p-maria-4,5.6
2026-09-22T18:59:36.500000Z,s-p-maria-4,3.8
2026-09-22T18:59:37Z,s-p-maria-4,4.6
2026-09-22T18:59:37.500000Z,s-p-maria-4,3.1
2026-09-22T18:59:38Z,s-p-maria-4,6.0
2026-09-22T18:59:38.500000Z,s-p-maria-4,5.0
2026-09-22T18:59:39Z,s-p-maria-4,5.0
2026-09-22T18:59:39.500000Z,s-p-maria-4,3.1
2026-09-22T18:59:40Z,s-p-maria-4,5.1
2026-09-22T18:59:40.500000Z,s-p-maria-4,4.3
2026-09-22T18:59:41Z,s-p-maria-4,4.1
2026-09-22T18:59:41.500000Z,s-p-maria-4,4.6
2026-09-22T18:59:42Z,s-p-maria-4,4.4
2026-09-22T18:59:42.500000Z,s-p-maria-4,3.5
2026-09-22T18:59:43Z,s-p-maria-4,12.0
2026-09-22T18:59:43.500000Z,s-p-maria-4,39.9
2026-09-22T18:59:44Z,s-p-maria-4,63.7
2026-09-22T18:59:44.500000Z,s-p-maria-4,77.3
2026-09-22T18:59:45Z,s-p-maria-4,78.7
2026-09-22T18:59:45.500000Z,s-p-maria-4,67.9
2026-09-22T18:59:46Z,s-p-maria-4,46.8
2026-09-22T18:59:46.500000Z,s-p-maria-4,18.5
2026-09-22T18:59:47Z,s-p-maria-4,3.8
2026-09-22T18:59:47.500000Z,s-p-maria-4,4.6
2026-09-22T18:59:48Z,s-p-maria-4,3.6
2026-09-22T18:59:48.500000Z,s-p-maria-4,5.1
2026-09-22T18:59:49Z,s-p-maria-4,3.9
2026-09-22T18:59:49.500000Z,s-p-maria-4,3.1
2026-09-22T18:59:50Z,s-p-maria-4,4.5
2026-09-22T18:59:50.500000Z,s-p-maria-4,3.6
2026-09-22T18:59:51Z,s-p-maria-4,5.8
2026-09-22T18:59:51.500000Z,s-p-maria-4,4.0
2026-09-22T18:59:52Z,s-p-maria-4,3.0
2026-09-22T18:59:52.500000Z,s-p-maria-4,5.0
2026-09-22T18:59:53Z,s-p-maria-4,5.7
2026-09-22T18:59:53.500000Z,s-p-maria-4,5.5
2026-09-22T18:59:54Z,s-p-maria-4,5.0
2026-09-22T18:59:54.500000Z,s-p-maria-4,3.4
2026-09-22T18:59:55Z,s-p-maria-4,3.3
2026-09-22T18:59:55.500000Z,s-p-maria-4,4.5
2026-09-22T18:59:56Z,s-p-maria-4,5.2
2026-09-22T18:59:56.500000Z,s-p-maria-4,3.3
2026-09-22T18:59:57Z,s-p-maria-4,3.8
2026-09-22T18:59:57.500000Z,s-p-maria-4,3.7
2026-09-22T18:59:58Z,s-p-maria-4,6.0
2026-09-22T18:59:58.500000Z,s-p-maria-4,3.9
2026-09-22T18:59:59Z,s-p-maria-4,4.4
2026-09-22T18:59:59.500000Z,s-p-maria-4,3.3
2026-09-22T19:00:00Z,s-p-maria-4,3.5
2026-09-22T19:00:00.500000Z,s-p-maria-4,3.1
2026-09-22T19:00:01Z,s-p-maria-4,3.9
2026-09-22T19:00:01.500000Z,s-p-maria-4,5.4
2026-09-22T19:00:02Z,s-p-maria-4,3.9
2026-09-22T19:00:02.500000Z,s-p-maria-4,5.2
2026-09-22T19:00:03Z,s-p-maria-4,3.3
2026-09-22T19:00:03.500000Z,s-p-maria-4,5.3
2026-09-22T19:00:04Z,s-p-maria-4,3.1
2026-09-22T19:00:04.500000Z,s-p-maria-4,5.6
2026-09-22T19:00:05Z,s-p-maria-4,5.0
2026-09-22T19:00:05.500000Z,s-p-maria-4,3.5
2026-09-22T19:00:06Z,s-p-maria-4,4.1
2026-09-22T19:00:06.500000Z,s-p-maria-4,4.3
2026-09-22T19:00:07Z,s-p-maria-4,4.9
2026-09-22T19:00:07.500000Z,s-p-maria-4,5.6
2026-09-22T19:00:08Z,s-p-maria-4,3.3
2026-09-22T19:00:08.500000Z,s-p-maria-4,5.4
2026-09-22T19:00:09Z,s-p-maria-4,3.5
2026-09-22T19:00:09.500000Z,s-p-maria-4,4.2
2026-09-22T19:00:10Z,s-p-maria-4,5.9
2026-09-22T19:00:10.500000Z,s-p-maria-4,3.8
2026-09-22T19:00:11Z,s-p-maria-4,4.2
2026-09-22T19:00:11.500000Z,s-p-maria-4,5.6
2026-09-22T19:00:12Z,s-p-maria-4,5.4
2026-09-22T19:00:12.500000Z,s-p-maria-4,4.9
2026-09-22T19:00:13Z,s-p-maria-4,5.4
2026-09-22T19:00:13.500000Z,s-p-maria-4,3.3
2026-09-22T19:00:14Z,s-p-maria-4,5.1
2026-09-22T19:00:14.500000Z,s-p-maria-4,3.2
2026-09-22T19:00:15Z,s-p-maria-4,5.8
2026-09-22T19:00:15.500000Z,s-p-maria-4,3.5
2026-09-22T19:00:16Z,s-p-maria-4,4.2
2026-09-22T19:00:16.500000Z,s-p-maria-4,4.8
2026-09-22T19:00:17Z,s-p-maria-4,5.4
2026-09-22T19:00:17.500000Z,s-p-maria-4,5.0
2026-09-22T19:00:18Z,s-p-maria-4,3.5
2026-09-22T19:00:18.500000Z,s-p-maria-4,4.1
2026-09-22T19:00:19Z,s-p-maria-4,4.1
2026-09-22T19:00:19.500000Z,s-p-maria-4,3.1
2026-09-22T19:00:20Z,s-p-maria-4,5.1
2026-09-22T19:00:20.500000Z,s-p-maria-4,5.5
2026-09-22T19:00:21Z,s-p-maria-4,5.9
2026-09-22T19:00:21.500000Z,s-p-maria-4,3.4
2026-09-22T19:00:22Z,s-p-maria-4,5.8
2026-09-24T18:28:00Z,s-p-maria-2,5.6
2026-09-24T18:28:00.500000Z,s-p-maria-2,4.6
2026-09-24T18:28:01Z,s-p-maria-2,5.2
2026-09-24T18:28:01.500000Z,s-p-maria-2,5.2
2026-09-24T18:28:02Z,s-p-maria-2,3.7
2026-09-24T18:28:02.500000Z,s-p-maria-2,5.9
2026-09-24T18:28:03Z,s-p-maria-2,5.6
2026-09-24T18:28:03.500000Z,s-p-maria-2,4.6
2026-09-24T18:28:04Z,s-p-maria-2,5.1
2026-09-24T18:28:04.500000Z,s-p-maria-2,4.9
2026-09-24T18:28:05Z,s-p-maria-2,4.3
2026-09-24T18:28:05.500000Z,s-p-maria-2,30.3
2026-09-24T18:28:06Z,s-p-maria-2,58.1
2026-09-24T18:28:06.500000Z,s-p-maria-2,71.8
2026-09-24T18:28:07Z,s-p-maria-2,83.0
2026-09-24T18:28:07.500000Z,s-p-maria-2,74.0
2026-09-24T18:28:08Z,s-p-maria-2,56.7
2026-09-24T18:28:08.500000Z,s-p-maria-2,30.1
2026-09-24T18:28:09Z,s-p-maria-2,4.0
2026-09-24T18:28:09.500000Z,s-p-maria-2,3.8
2026-09-24T18:28:10Z,s-p-maria-2,4.5
2026-09-24T18:28:10.500000Z,s-p-maria-2,4.7
2026-09-24T18:28:11Z,s-p-maria-2,4.1
2026-09-24T18:28:11.500000Z,s-p-maria-2,5.5
2026-09-24T18:28:12Z,s-p-maria-2,3.2
2026-09-24T18:28:12.500000Z,s-p-maria-2,4.3
2026-09-24T18:28:13Z,s-p-maria-2,4.7
2026-09-24T18:28:13.500000Z,s-p-maria-2,3.3
2026-09-24T18:28:14Z,s-p-maria-2,4.5
2026-09-24T18:28:14.500000Z,s-p-maria-2,3.9
2026-09-24T18:28:15Z,s-p-maria-2,5.9
2026-09-24T18:28:15.500000Z,s-p-maria-2,5.2
2026-09-24T18:28:16Z,s-p-maria-2,3.1
2026-09-24T18:28:16.500000Z,s-p-maria-2,4.2
2026-09-24T18:28:17Z,s-p-maria-2,3.1
2026-09-24T18:28:17.500000Z,s-p-maria-2,4.6
2026-09-24T18:28:18Z,s-p-maria-2,5.5
2026-09-24T18:28:18.500000Z,s-p-maria-2,5.4
2026-09-24T18:28:19Z,s-p-maria-2,5.9
2026-09-24T18:28:19.500000Z,s-p-maria-2,4.9
2026-09-24T18:28:20Z,s-p-maria-2,5.7
2026-09-24T18:28:20.500000Z,s-p-maria-2,4.7
2026-09-24T18:28:21Z,s-p-maria-2,5.0
2026-09-24T18:28:21.500000Z,s-p-maria-2,4.4
2026-09-24T18:28:22Z,s-p-maria-2,4.0
2026-09-24T18:28:22.500000Z,s-p-maria-2,5.5
2026-09-24T18:28:23Z,s-p-maria-2,5.4
2026-09-24T18:28:23.500000Z,s-p-maria-2,5.5
2026-09-24T18:28:24Z,s-p-maria-2,4.0
2026-09-24T18:28:24.500000Z,s-p-maria-2,5.3
2026-09-24T18:28:25Z,s-p-maria-2,4.8
2026-09-24T18:28:25.500000Z,s-p-maria-2,5.1
2026-09-24T18:28:26Z,s-p-maria-2,4.1
2026-09-24T18:28:26.500000Z,s-p-maria-2,4.4
2026-09-24T18:28:27Z,s-p-maria-2,3.3
2026-09-24T18:28:27.500000Z,s-p-maria-2,5.0
2026-09-24T18:28:28Z,s-p-maria-2,3.0
2026-09-24T18:28:28.500000Z,s-p-maria-2,4.1
2026-09-24T18:28:29Z,s-p-maria-2,4.9
2026-09-24T18:28:29.500000Z,s-p-maria-2,5.4
2026-09-24T18:28:30Z,s-p-maria-2,4.6
2026-09-24T18:28:30.500000Z,s-p-maria-2,29.7
2026-09-24T18:28:31Z,s-p-maria-2,55.3
2026-09-24T18:28:31.500000Z,s-p-maria-2,74.5
2026-09-24T18:28:32Z,s-p-maria-2,81.9
2026-09-24T18:28:32.500000Z,s-p-maria-2,72.1
2026-09-24T18:28:33Z,s-p-maria-2,55.3
2026-09-24T18:28:33.500000Z,s-p-maria-2,31.0
2026-09-24T18:28:34Z,s-p-maria-2,5.3
2026-09-24T18:28:34.500000Z,s-p-maria-2,4.9
2026-09-24T18:28:35Z,s-p-maria-2,5.0
2026-09-24T18:28:35.500000Z,s-p-maria-2,3.4
2026-09-24T18:28:36Z,s-p-maria-2,5.7
2026-09-24T18:28:36.500000Z,s-p-maria-2,4.4
2026-09-24T18:28:37Z,s-p-maria-2,4.8
2026-09-24T18:28:37.500000Z,s-p-maria-2,4.5
2026-09-24T18:28:38Z,s-p-maria-2,5.9
2026-09-24T18:28:38.500000Z,s-p-maria-2,3.0
2026-09-24T18:28:39Z,s-p-maria-2,5.2
2026-09-24T18:28:39.500000Z,s-p-maria-2,4.7
2026-09-24T18:28:40Z,s-p-maria-2,4.3
2026-09-24T18:28:40.500000Z,s-p-maria-2,4.8
2026-09-24T18:28:41Z,s-p-maria-2,5.8
2026-09-24T18:28:41.500000Z,s-p-maria-2,5.3
2026-09-24T18:28:42Z,s-p-maria-2,5.7
2026-09-24T18:28:42.500000Z,s-p-maria-2,5.1
2026-09-24T18:28:43Z,s-p-maria-2,3.5
2026-09-24T18:28:43.500000Z,s-p-maria-2,5.4
2026-09-24T18:28:44Z,s-p-maria-2,3.3
2026-09-24T18:28:44.500000Z,s-p-maria-2,5.0
2026-09-24T18:28:45Z,s-p-maria-2,4.8
2026-09-24T18:28:45.500000Z,s-p-maria-2,4.0
2026-09-24T18:28:46Z,s-p-maria-2,5.6
2026-09-24T18:28:46.500000Z,s-p-maria-2,4.3
2026-09-24T18:28:47Z,s-p-maria-2,4.8
2026-09-24T18:28:47.500000Z,s-p-maria-2,5.1
2026-09-24T18:28:48Z,s-p-maria-2,3.7
2026-09-24T18:28:48.500000Z,s-p-maria-2,4.2
2026-09-24T18:28:49Z,s-p-maria-2,4.0
2026-09-24T18:28:49.500000Z,s-p-maria-2,3.9
2026-09-24T18:28:50Z,s-p-maria-2,5.4
2026-09-24T18:28:50.500000Z,s-p-maria-2,3.4
2026-09-24T18:28:51Z,s-p-maria-2,4.8
2026-09-24T18:28:51.500000Z,s-p-maria-2,5.7
2026-09-24T18:28:52Z,s-p-maria-2,4.5
2026-09-24T18:28:52.500000Z,s-p-maria-2,5.5
2026-09-24T18:28:53Z,s-p-maria-2,4.6
2026-09-24T18:28:53.500000Z,s-p-maria-2,3.9
2026-09-24T18:28:54Z,s-p-maria-2,5.2
2026-09-24T18:28:54.500000Z,s-p-maria-2,4.7
2026-09-24T18:28:55Z,s-p-maria-2,3.7
2026-09-24T18:28:55.500000Z,s-p-maria-2,30.2
2026-09-24T18:28:56Z,s-p-maria-2,58.2
2026-09-24T18:28:56.500000Z,s-p-maria-2,71.4
2026-09-24T18:28:57Z,s-p-maria-2,79.8
2026-09-24T18:28:57.500000Z,s-p-maria-2,72.8
2026-09-24T18:28:58Z,s-p-maria-2,56.4
2026-09-24T18:28:58.500000Z,s-p-maria-2,29.6
2026-09-24T18:28:59Z,s-p-maria-2,5.1
2026-09-24T18:28:59.500000Z,s-p-maria-2,5.7
2026-09-24T18:29:00Z,s-p-maria-2,4.6
2026-09-24T18:29:00.500000Z,s-p-maria-2,5.6
2026-09-24T18:29:01Z,s-p-maria-2,4.3
2026-09-24T18:29:01.500000Z,s-p-maria-2,3.0
2026-09-24T18:29:02Z,s-p-maria-2,3.3
2026-09-24T18:29:02.500000Z,s-p-maria-2,4.1
2026-09-24T18:29:03Z,s-p-maria-2,3.2
2026-09-24T18:29:03.500000Z,s-p-maria-2,3.2
2026-09-24T18:29:04Z,s-p-maria-2,3.8
2026-09-24T18:29:04.500000Z,s-p-maria-2,5.4
2026-09-24T18:29:05Z,s-p-maria-2,6.0
2026-09-24T18:29:05.500000Z,s-p-maria-2,5.1
2026-09-24T18:29:06Z,s-p-maria-2,3.4
2026-09-24T18:29:06.500000Z,s-p-maria-2,3.2
2026-09-24T18:29:07Z,s-p-maria-2,5.4
2026-09-24T18:29:07.500000Z,s-p-maria-2,3.6
2026-09-24T18:29:08Z,s-p-maria-2,4.6
2026-09-24T18:29:08.500000Z,s-p-maria-2,4.1
2026-09-24T18:29:09Z,s-p-maria-2,4.4
2026-09-24T18:29:09.500000Z,s-p-maria-2,4.8
2026-09-24T18:29:10Z,s-p-maria-2,5.0
2026-09-24T18:29:10.500000Z,s-p-maria-2,4.7
2026-09-24T18:29:11Z,s-p-maria-2,3.7
2026-09-24T18:29:11.500000Z,s-p-maria-2,4.9
2026-09-24T18:29:12Z,s-p-maria-2,4.2
2026-09-24T18:29:12.500000Z,s-p-maria-2,4.5
2026-09-24T18:29:13Z,s-p-maria-2,5.4
2026-09-24T18:29:13.500000Z,s-p-maria-2,5.1
2026-09-24T18:29:14Z,s-p-maria-2,5.1
2026-09-24T18:29:14.500000Z,s-p-maria-2,3.1
2026-09-24T18:29:15Z,s-p-maria-2,4.1
2026-09-24T18:29:15.500000Z,s-p-maria-2,4.2
2026-09-24T18:29:16Z,s-p-maria-2,5.4
2026-09-24T18:29:16.500000Z,s-p-maria-2,5.1
2026-09-24T18:29:17Z,s-p-maria-2,5.9
2026-09-24T18:29:17.500000Z,s-p-maria-2,3.2
2026-09-24T18:29:18Z,s-p-maria-2,5.2
2026-09-24T18:29:18.500000Z,s-p-maria-2,3.6
2026-09-24T18:29:19Z,s-p-maria-2,5.6
2026-09-24T18:29:19.500000Z,s-p-maria-2,5.6
2026-09-24T18:29:20Z,s-p-maria-2,4.3
2026-09-24T18:29:20.500000Z,s-p-maria-2,30.2
2026-09-24T18:29:21Z,s-p-maria-2,56.3
2026-09-24T18:29:21.500000Z,s-p-maria-2,75.7
2026-09-24T18:29:22Z,s-p-maria-2,81.9
2026-09-24T18:29:22.500000Z,s-p-maria-2,71.3
2026-09-24T18:29:23Z,s-p-maria-2,54.7
2026-09-24T18:29:23.500000Z,s-p-maria-2,31.5
2026-09-24T18:29:24Z,s-p-maria-2,3.1
2026-09-24T18:29:24.500000Z,s-p-maria-2,3.8
2026-09-24T18:29:25Z,s-p-maria-2,3.5
2026-09-24T18:29:25.500000Z,s-p-maria-2,5.5
2026-09-24T18:29:26Z,s-p-maria-2,3.0
2026-09-24T18:29:26.500000Z,s-p-maria-2,4.4
2026-09-24T18:29:27Z,s-p-maria-2,5.8
2026-09-24T18:29:27.500000Z,s-p-maria-2,3.1
2026-09-24T18:29:28Z,s-p-maria-2,5.8
2026-09-24T18:29:28.500000Z,s-p-maria-2,4.8
2026-09-24T18:29:29Z,s-p-maria-2,5.3
2026-09-24T18:29:29.500000Z,s-p-maria-2,4.9
2026-09-24T18:29:30Z,s-p-maria-2,5.5
2026-09-24T18:29:30.500000Z,s-p-maria-2,3.9
2026-09-24T18:29:31Z,s-p-maria-2,5.4
2026-09-24T18:29:31.500000Z,s-p-maria-2,4.7
2026-09-24T18:29:32Z,s-p-maria-2,3.2
2026-09-24T18:29:32.500000Z,s-p-maria-2,5.1
2026-09-24T18:29:33Z,s-p-maria-2,4.6
2026-09-24T18:29:33.500000Z,s-p-maria-2,5.9
2026-09-24T18:29:34Z,s-p-maria-2,4.6
2026-09-24T18:29:34.500000Z,s-p-maria-2,5.4
2026-09-24T18:29:35Z,s-p-maria-2,3.5
2026-09-24T18:29:35.500000Z,s-p-maria-2,4.6
2026-09-24T18:29:36Z,s-p-maria-2,4.2
2026-09-24T18:29:36.500000Z,s-p-maria-2,4.0
2026-09-24T18:29:37Z,s-p-maria-2,5.7
2026-09-24T18:29:37.500000Z,s-p-maria-2,5.0
2026-09-24T18:29:38Z,s-p-maria-2,4.0
2026-09-24T18:29:38.500000Z,s-p-maria-2,3.9
2026-09-24T18:29:39Z,s-p-maria-2,5.9
2026-09-24T18:29:39.500000Z,s-p-maria-2,4.9
2026-09-24T18:29:40Z,s-p-maria-2,4.4
2026-09-24T18:29:40.500000Z,s-p-maria-2,4.7
2026-09-24T18:29:41Z,s-p-maria-2,5.3
2026-09-24T18:29:41.500000Z,s-p-maria-2,4.9
2026-09-24T18:29:42Z,s-p-maria-2,3.3
2026-09-24T18:29:42.500000Z,s-p-maria-2,4.0
2026-09-24T18:29:43Z,s-p-maria-2,3.7
2026-09-24T18:29:43.500000Z,s-p-maria-2,4.9
2026-09-24T18:29:44Z,s-p-maria-2,5.8
2026-09-24T18:29:44.500000Z,s-p-maria-2,3.7
2026-09-24T18:29:45Z,s-p-maria-2,3.1
2026-09-24T18:29:45.500000Z,s-p-maria-2,30.0
2026-09-24T18:29:46Z,s-p-maria-2,57.7
2026-09-24T18:29:46.500000Z,s-p-maria-2,76.6
2026-09-24T18:29:47Z,s-p-maria-2,78.5
2026-09-24T18:29:47.500000Z,s-p-maria-2,74.0
2026-09-24T18:29:48Z,s-p-maria-2,57.5
2026-09-24T18:29:48.500000Z,s-p-maria-2,31.1
2026-09-24T18:29:49Z,s-p-maria-2,3.2
2026-09-24T18:29:49.500000Z,s-p-maria-2,5.9
2026-09-24T18:29:50Z,s-p-maria-2,5.3
2026-09-24T18:29:50.500000Z,s-p-maria-2,4.6
2026-09-24T18:29:51Z,s-p-maria-2,4.9
2026-09-24T18:29:51.500000Z,s-p-maria-2,3.6
2026-09-24T18:29:52Z,s-p-maria-2,4.9
2026-09-24T18:29:52.500000Z,s-p-maria-2,3.6
2026-09-24T18:29:53Z,s-p-maria-2,5.1
2026-09-24T18:29:53.500000Z,s-p-maria-2,5.5
2026-09-24T18:29:54Z,s-p-maria-2,3.6
2026-09-24T18:29:54.500000Z,s-p-maria-2,5.5
2026-09-24T18:29:55Z,s-p-maria-2,5.6
2026-09-24T18:29:55.500000Z,s-p-maria-2,5.2
2026-09-24T18:29:56Z,s-p-maria-2,4.3
2026-09-24T18:29:56.500000Z,s-p-maria-2,5.5
2026-09-24T18:29:57Z,s-p-maria-2,3.2
2026-09-24T18:29:57.500000Z,s-p-maria-2,5.1
2026-09-24T18:29:58Z,s-p-maria-2,3.1
2026-09-24T18:29:58.500000Z,s-p-maria-2,5.2
2026-09-24T18:29:59Z,s-p-maria-2,3.1
2026-09-24T18:29:59.500000Z,s-p-maria-2,3.2
2026-09-24T18:30:00Z,s-p-maria-2,3.5
2026-09-24T18:30:00.500000Z,s-p-maria-2,3.8
2026-09-24T18:30:01Z,s-p-maria-2,3.2
2026-09-24T18:30:01.500000Z,s-p-maria-2,5.5
2026-09-24T18:30:02Z,s-p-maria-2,5.7
2026-09-24T18:30:02.500000Z,s-p-maria-2,4.2
2026-09-24T18:30:03Z,s-p-maria-2,4.4
2026-09-24T18:30:03.500000Z,s-p-maria-2,4.2
2026-09-24T18:30:04Z,s-p-maria-2,3.9
2026-09-24T18:30:04.500000Z,s-p-maria-2,4.2
2026-09-24T18:30:05Z,s-p-maria-2,3.4
2026-09-24T18:30:05.500000Z,s-p-maria-2,3.0
2026-09-24T18:30:06Z,s-p-maria-2,5.2
2026-09-24T18:30:06.500000Z,s-p-maria-2,3.2
2026-09-24T18:30:07Z,s-p-maria-2,5.2
2026-09-24T18:30:07.500000Z,s-p-maria-2,3.1
2026-09-24T18:30:08Z,s-p-maria-2,5.5
2026-09-24T18:30:08.500000Z,s-p-maria-2,4.1
2026-09-24T18:30:09Z,s-p-maria-2,4.5
2026-09-24T18:30:09.500000Z,s-p-maria-2,3.9
2026-09-24T18:30:10Z,s-p-maria-2,5.1
2026-09-24T18:30:10.500000Z,s-p-maria-2,29.7
2026-09-24T18:30:11Z,s-p-maria-2,55.3
2026-09-24T18:30:11.500000Z,s-p-maria-2,75.9
2026-09-24T18:30:12Z,s-p-maria-2,78.6
2026-09-24T18:30:12.500000Z,s-p-maria-2,72.1
2026-09-24T18:30:13Z,s-p-maria-2,56.1
2026-09-24T18:30:13.500000Z,s-p-maria-2,29.8
2026-09-24T18:30:14Z,s-p-maria-2,5.9
2026-09-24T18:30:14.500000Z,s-p-maria-2,4.9
2026-09-24T18:30:15Z,s-p-maria-2,5.9
2026-09-24T18:30:15.500000Z,s-p-maria-2,3.0
2026-09-24T18:30:16Z,s-p-maria-2,5.6
2026-09-24T18:30:16.500000Z,s-p-maria-2,3.4
2026-09-24T18:30:17Z,s-p-maria-2,3.1
2026-09-24T18:30:17.500000Z,s-p-maria-2,4.7
2026-09-24T18:30:18Z,s-p-maria-2,4.2
2026-09-24T18:30:18.500000Z,s-p-maria-2,4.6
2026-09-24T18:30:19Z,s-p-maria-2,3.3
2026-09-24T18:30:19.500000Z,s-p-maria-2,3.6
2026-09-24T18:30:20Z,s-p-maria-2,5.2
2026-09-24T18:30:20.500000Z,s-p-maria-2,5.2
2026-09-24T18:30:21Z,s-p-maria-2,3.6
2026-09-24T18:30:21.500000Z,s-p-maria-2,5.7
2026-09-24T18:30:22Z,s-p-maria-2,5.6
2026-09-24T18:30:22.500000Z,s-p-maria-2,3.4
2026-09-24T18:30:23Z,s-p-maria-2,3.6
2026-09-24T18:30:23.500000Z,s-p-maria-2,4.9
2026-09-24T18:30:24Z,s-p-maria-2,3.8
2026-09-24T18:30:24.500000Z,s-p-maria-2,3.3
2026-09-24T18:30:25Z,s-p-maria-2,5.0
2026-09-24T18:30:25.500000Z,s-p-maria-2,4.7
2026-09-24T18:30:26Z,s-p-maria-2,3.2
2026-09-24T18:30:26.500000Z,s-p-maria-2,5.3
2026-09-24T18:30:27Z,s-p-maria-2,6.0
2026-09-24T18:30:27.500000Z,s-p-maria-2,4.6
2026-09-24T18:30:28Z,s-p-maria-2,4.9
2026-09-24T18:30:28.500000Z,s-p-maria-2,3.2
2026-09-24T18:30:29Z,s-p-maria-2,5.0
2026-09-24T18:30:29.500000Z,s-p-maria-2,3.8
2026-09-24T18:30:30Z,s-p-maria-2,3.6
2026-09-24T18:30:30.500000Z,s-p-maria-2,4.7
2026-09-24T18:30:31Z,s-p-maria-2,5.9
2026-09-24T18:30:31.500000Z,s-p-maria-2,4.1
2026-09-24T18:30:32Z,s-p-maria-2,5.0
2026-09-24T18:30:32.500000Z,s-p-maria-2,3.7
2026-09-24T18:30:33Z,s-p-maria-2,3.9
2026-09-24T18:30:33.500000Z,s-p-maria-2,3.2
2026-09-24T18:30:34Z,s-p-maria-2,3.6
2026-09-24T18:30:34.500000Z,s-p-maria-2,4.5
2026-09-24T18:30:35Z,s-p-maria-2,4.0
2026-09-24T18:30:35.500000Z,s-p-maria-2,31.5
2026-09-24T18:30:36Z,s-p-maria-2,55.3
2026-09-24T18:30:36.500000Z,s-p-maria-2,75.8
2026-09-24T18:30:37Z,s-p-maria-2,78.4
2026-09-24T18:30:37.500000Z,s-p-maria-2,73.2
2026-09-24T18:30:38Z,s-p-maria-2,57.2
2026-09-24T18:30:38.500000Z,s-p-maria-2,31.0
2026-09-24T18:30:39Z,s-p-maria-2,4.4
2026-09-24T18:30:39.500000Z,s-p-maria-2,5.3
2026-09-24T18:30:40Z,s-p-maria-2,4.5
2026-09-24T18:30:40.500000Z,s-p-maria-2,3.3
2026-09-24T18:30:41Z,s-p-maria-2,4.9
2026-09-24T18:30:41.500000Z,s-p-maria-2,3.2
2026-09-24T18:30:42Z,s-p-maria-2,3.8
2026-09-24T18:30:42.500000Z,s-p-maria-2,5.5
2026-09-24T18:30:43Z,s-p-maria-2,5.7
2026-09-24T18:30:43.500000Z,s-p-maria-2,3.6
2026-09-24T18:30:44Z,s-p-maria-2,5.2
2026-09-24T18:30:44.500000Z,s-p-maria-2,4.9
2026-09-24T18:30:45Z,s-p-maria-2,5.2
2026-09-24T18:30:45.500000Z,s-p-maria-2,5.7
2026-09-24T18:30:46Z,s-p-maria-2,5.5
2026-09-24T18:30:46.500000Z,s-p-maria-2,4.9
2026-09-24T18:30:47Z,s-p-maria-2,5.4
2026-09-24T18:30:47.500000Z,s-p-maria-2,4.7
2026-09-24T18:30:48Z,s-p-maria-2,5.3
2026-09-24T18:30:48.500000Z,s-p-maria-2,3.6
2026-09-24T18:30:49Z,s-p-maria-2,3.1
2026-09-24T18:30:49.500000Z,s-p-maria-2,3.8
2026-09-24T18:30:50Z,s-p-maria-2,5.7
2026-09-24T18:30:50.500000Z,s-p-maria-2,4.6
2026-09-24T18:30:51Z,s-p-maria-2,5.0
2026-09-24T18:30:51.500000Z,s-p-maria-2,3.4
2026-09-24T18:30:52Z,s-p-maria-2,4.2
2026-09-24T18:30:52.500000Z,s-p-maria-2,5.7
2026-09-24T18:30:53Z,s-p-maria-2,4.8
2026-09-24T18:30:53.500000Z,s-p-maria-2,5.6
2026-09-24T18:30:54Z,s-p-maria-2,3.4
2026-09-24T18:30:54.500000Z,s-p-maria-2,4.5
2026-09-24T18:30:55Z,s-p-maria-2,3.3
2026-09-24T18:30:55.500000Z,s-p-maria-2,4.1
2026-09-24T18:30:56Z,s-p-maria-2,3.0
2026-09-24T18:30:56.500000Z,s-p-maria-2,3.7
2026-09-24T18:30:57Z,s-p-maria-2,5.9
2026-09-24T18:30:57.500000Z,s-p-maria-2,5.9
2026-09-24T18:30:58Z,s-p-maria-2,5.1
2026-09-24T18:30:58.500000Z,s-p-maria-2,5.3
2026-09-24T18:30:59Z,s-p-maria-2,3.4
2026-09-24T18:30:59.500000Z,s-p-maria-2,3.5
2026-09-24T18:31:00Z,s-p-maria-2,4.7
2026-09-24T18:31:00.500000Z,s-p-maria-2,31.5
2026-09-24T18:31:01Z,s-p-maria-2,54.8
2026-09-24T18:31:01.500000Z,s-p-maria-2,72.6
2026-09-24T18:31:02Z,s-p-maria-2,81.5
2026-09-24T18:31:02.500000Z,s-p-maria-2,73.1
2026-09-24T18:31:03Z,s-p-maria-2,55.4
2026-09-24T18:31:03.500000Z,s-p-maria-2,29.7
2026-09-24T18:31:04Z,s-p-maria-2,5.6
2026-09-24T18:31:04.500000Z,s-p-maria-2,4.9
2026-09-24T18:31:05Z,s-p-maria-2,3.3
2026-09-24T18:31:05.500000Z,s-p-maria-2,5.9
2026-09-24T18:31:06Z,s-p-maria-2,4.9
2026-09-24T18:31:06.500000Z,s-p-maria-2,3.8
2026-09-24T18:31:07Z,s-p-maria-2,5.2
2026-09-24T18:31:07.500000Z,s-p-maria-2,4.7
2026-09-24T18:31:08Z,s-p-maria-2,4.7
2026-09-24T18:31:08.500000Z,s-p-maria-2,4.1
2026-09-24T18:31:09Z,s-p-maria-2,4.1
2026-09-24T18:31:09.500000Z,s-p-maria-2,4.8
2026-09-24T18:31:10Z,s-p-maria-2,5.7
2026-09-24T18:31:10.500000Z,s-p-maria-2,3.2
2026-09-24T18:31:11Z,s-p-maria-2,3.8
2026-09-24T18:31:11.500000Z,s-p-maria-2,5.9
2026-09-24T18:31:12Z,s-p-maria-2,3.7
2026-09-24T18:31:12.500000Z,s-p-maria-2,4.2
2026-09-24T18:31:13Z,s-p-maria-2,5.5
2026-09-24T18:31:13.500000Z,s-p-maria-2,4.0
2026-09-24T18:31:14Z,s-p-maria-2,5.4
2026-09-24T18:31:14.500000Z,s-p-maria-2,5.7
2026-09-24T18:31:15Z,s-p-maria-2,3.0
2026-09-24T18:31:15.500000Z,s-p-maria-2,5.6
2026-09-24T18:31:16Z,s-p-maria-2,4.3
2026-09-24T18:31:16.500000Z,s-p-maria-2,3.7
2026-09-24T18:31:17Z,s-p-maria-2,4.5
2026-09-24T18:31:17.500000Z,s-p-maria-2,3.8
2026-09-24T18:31:18Z,s-p-maria-2,3.5
2026-09-24T18:31:18.500000Z,s-p-maria-2,3.5
2026-09-24T18:31:19Z,s-p-maria-2,4.8
2026-09-24T18:31:19.500000Z,s-p-maria-2,5.5
2026-09-24T18:31:20Z,s-p-maria-2,5.0
2026-09-24T18:31:20.500000Z,s-p-maria-2,4.2
2026-09-24T18:31:21Z,s-p-maria-2,4.0
2026-09-24T18:31:21.500000Z,s-p-maria-2,3.3
2026-09-24T18:31:22Z,s-p-maria-2,5.0
2026-09-24T18:31:22.500000Z,s-p-maria-2,4.4
2026-09-24T18:31:23Z,s-p-maria-2,4.8
2026-09-24T18:31:23.500000Z,s-p-maria-2,4.9
2026-09-24T18:31:24Z,s-p-maria-2,4.2
2026-09-24T18:31:24.500000Z,s-p-maria-2,3.7
2026-09-24T18:31:25Z,s-p-maria-2,3.4
2026-09-24T18:31:25.500000Z,s-p-maria-2,30.6
2026-09-24T18:31:26Z,s-p-maria-2,58.1
2026-09-24T18:31:26.500000Z,s-p-maria-2,71.7
2026-09-24T18:31:27Z,s-p-maria-2,80.7
2026-09-24T18:31:27.500000Z,s-p-maria-2,73.2
2026-09-24T18:31:28Z,s-p-maria-2,55.7
2026-09-24T18:31:28.500000Z,s-p-maria-2,29.6
2026-09-24T18:31:29Z,s-p-maria-2,3.6
2026-09-24T18:31:29.500000Z,s-p-maria-2,4.4
2026-09-24T18:31:30Z,s-p-maria-2,4.4
2026-09-24T18:31:30.500000Z,s-p-maria-2,3.7
2026-09-24T18:31:31Z,s-p-maria-2,4.2
2026-09-24T18:31:31.500000Z,s-p-maria-2,3.4
2026-09-24T18:31:32Z,s-p-maria-2,4.7
2026-09-24T18:31:32.500000Z,s-p-maria-2,5.3
2026-09-24T18:31:33Z,s-p-maria-2,4.9
2026-09-24T18:31:33.500000Z,s-p-maria-2,4.5
2026-09-24T18:31:34Z,s-p-maria-2,3.5
2026-09-24T18:31:34.500000Z,s-p-maria-2,5.1
2026-09-24T18:31:35Z,s-p-maria-2,5.8
2026-09-24T18:31:35.500000Z,s-p-maria-2,4.8
2026-09-24T18:31:36Z,s-p-maria-2,3.2
2026-09-24T18:31:36.500000Z,s-p-maria-2,4.1
2026-09-24T18:31:37Z,s-p-maria-2,3.4
2026-09-24T18:31:37.500000Z,s-p-maria-2,3.0
2026-09-24T18:31:38Z,s-p-maria-2,4.6
2026-09-24T18:31:38.500000Z,s-p-maria-2,5.7
2026-09-24T18:31:39Z,s-p-maria-2,5.1
2026-09-24T18:31:39.500000Z,s-p-maria-2,5.5
2026-09-24T18:31:40Z,s-p-maria-2,4.8
2026-09-24T18:31:40.500000Z,s-p-maria-2,3.5
2026-09-24T18:31:41Z,s-p-maria-2,5.7
2026-09-24T18:31:41.500000Z,s-p-maria-2,4.8
2026-09-24T18:31:42Z,s-p-maria-2,5.6
2026-09-24T18:31:42.500000Z,s-p-maria-2,4.6
2026-09-24T18:31:43Z,s-p-maria-2,5.3
2026-09-24T18:31:43.500000Z,s-p-maria-2,3.3
2026-09-24T18:31:44Z,s-p-maria-2,5.0
2026-09-24T18:31:44.500000Z,s-p-maria-2,5.7
2026-09-24T18:31:45Z,s-p-maria-2,4.6
2026-09-24T18:31:45.500000Z,s-p-maria-2,3.0
2026-09-24T18:31:46Z,s-p-maria-2,5.8
2026-09-24T18:31:46.500000Z,s-p-maria-2,5.0
2026-09-24T18:31:47Z,s-p-maria-2,4.3
2026-09-24T18:31:47.500000Z,s-p-maria-2,4.3
2026-09-24T18:31:48Z,s-p-maria-2,5.6
2026-09-24T18:31:48.500000Z,s-p-maria-2,5.1
2026-09-24T18:31:49Z,s-p-maria-2,4.3
2026-09-24T18:31:49.500000Z,s-p-maria-2,5.8
2026-09-24T18:31:50Z,s-p-maria-2,4.4
2026-09-24T18:31:50.500000Z,s-p-maria-2,30.0
2026-09-24T18:31:51Z,s-p-maria-2,55.2
2026-09-24T18:31:51.500000Z,s-p-maria-2,74.4
2026-09-24T18:31:52Z,s-p-maria-2,78.5
2026-09-24T18:31:52.500000Z,s-p-maria-2,76.3
2026-09-24T18:31:53Z,s-p-maria-2,56.5
2026-09-24T18:31:53.500000Z,s-p-maria-2,31.8
2026-09-24T18:31:54Z,s-p-maria-2,5.2
2026-09-24T18:31:54.500000Z,s-p-maria-2,4.6
2026-09-24T18:31:55Z,s-p-maria-2,4.6
2026-09-24T18:31:55.500000Z,s-p-maria-2,4.1
2026-09-24T18:31:56Z,s-p-maria-2,3.6
2026-09-24T18:31:56.500000Z,s-p-maria-2,5.4
2026-09-24T18:31:57Z,s-p-maria-2,4.2
2026-09-24T18:31:57.500000Z,s-p-maria-2,3.3
2026-09-24T18:31:58Z,s-p-maria-2,4.3
2026-09-24T18:31:58.500000Z,s-p-maria-2,4.8
2026-09-24T18:31:59Z,s-p-maria-2,3.8
2026-09-24T18:31:59.500000Z,s-p-maria-2,4.6
2026-09-24T18:32:00Z,s-p-maria-2,4.7
2026-09-24T18:32:00.500000Z,s-p-maria-2,4.8
2026-09-24T18:32:01Z,s-p-maria-2,6.0
2026-09-24T18:32:01.500000Z,s-p-maria-2,4.2
2026-09-24T18:32:02Z,s-p-maria-2,3.6
2026-09-24T18:32:02.500000Z,s-p-maria-2,4.7
2026-09-24T18:32:03Z,s-p-maria-2,4.7
2026-09-24T18:32:03.500000Z,s-p-maria-2,3.5
2026-09-24T18:32:04Z,s-p-maria-2,4.7
2026-09-24T18:32:04.500000Z,s-p-maria-2,4.5
2026-09-24T18:32:05Z,s-p-maria-2,6.0
2026-09-24T18:32:05.500000Z,s-p-maria-2,4.7
2026-09-24T18:32:06Z,s-p-maria-2,5.3
2026-09-24T18:32:06.500000Z,s-p-maria-2,4.2
2026-09-24T18:32:07Z,s-p-maria-2,3.4
2026-09-24T18:32:07.500000Z,s-p-maria-2,5.6
2026-09-24T18:32:08Z,s-p-maria-2,3.4
2026-09-24T18:32:08.500000Z,s-p-maria-2,3.7
2026-09-24T18:32:09Z,s-p-maria-2,5.3
2026-09-24T18:32:09.500000Z,s-p-maria-2,5.8
2026-09-24T18:32:10Z,s-p-maria-2,3.3
2026-09-24T18:32:10.500000Z,s-p-maria-2,4.5
2026-09-24T18:32:11Z,s-p-maria-2,5.4
2026-09-24T18:32:11.500000Z,s-p-maria-2,5.4
2026-09-24T18:32:12Z,s-p-maria-2,4.8
2026-09-24T18:32:12.500000Z,s-p-maria-2,5.1
2026-09-24T18:32:13Z,s-p-maria-2,3.2
2026-09-24T18:32:13.500000Z,s-p-maria-2,4.2
2026-09-24T18:32:14Z,s-p-maria-2,4.9
2026-09-24T18:32:14.500000Z,s-p-maria-2,5.4
2026-09-24T18:32:15Z,s-p-maria-2,5.5
2026-09-24T18:32:15.500000Z,s-p-maria-2,4.4
2026-09-24T18:32:16Z,s-p-maria-2,4.8
2026-09-24T18:32:16.500000Z,s-p-maria-2,3.3
2026-09-24T18:32:17Z,s-p-maria-2,3.8
2026-09-24T18:32:17.500000Z,s-p-maria-2,4.1
2026-09-24T18:32:18Z,s-p-maria-2,4.8
2026-09-24T18:32:18.500000Z,s-p-maria-2,5.2
2026-09-24T18:32:19Z,s-p-maria-2,5.8
2026-09-24T18:32:19.500000Z,s-p-maria-2,4.2
2026-09-24T18:32:20Z,s-p-maria-2,5.0
2026-09-24T18:32:20.500000Z,s-p-maria-2,3.9
2026-09-24T18:32:21Z,s-p-maria-2,5.9
2026-09-24T18:32:21.500000Z,s-p-maria-2,3.2
2026-09-24T18:32:22Z,s-p-maria-2,5.3
2026-09-24T18:32:22.500000Z,s-p-maria-2,3.5
2026-09-24T18:32:23Z,s-p-maria-2,4.5
2026-09-24T18:32:23.500000Z,s-p-maria-2,3.0
2026-09-24T18:32:24Z,s-p-maria-2,5.6
2026-09-24T18:32:24.500000Z,s-p-maria-2,5.8
2026-09-24T18:32:25Z,s-p-maria-2,4.6
2026-09-24T18:32:25.500000Z,s-p-maria-2,3.6
2026-09-24T18:32:26Z,s-p-maria-2,5.4
2026-09-24T18:32:26.500000Z,s-p-maria-2,4.5
2026-09-24T18:32:27Z,s-p-maria-2,5.1
2026-09-24T18:32:27.500000Z,s-p-maria-2,4.8
2026-09-24T18:32:28Z,s-p-maria-2,5.0
2026-09-24T18:32:28.500000Z,s-p-maria-2,4.1
2026-09-24T18:32:29Z,s-p-maria-2,5.0
2026-09-24T18:32:29.500000Z,s-p-maria-2,5.9
2026-09-24T18:32:30Z,s-p-maria-2,3.3
2026-09-25T18:22:00Z,s-p-maria-1,5.2
2026-09-25T18:22:00.500000Z,s-p-maria-1,3.2
2026-09-25T18:22:01Z,s-p-maria-1,3.3
2026-09-25T18:22:01.500000Z,s-p-maria-1,3.9
2026-09-25T18:22:02Z,s-p-maria-1,5.5
2026-09-25T18:22:02.500000Z,s-p-maria-1,5.7
2026-09-25T18:22:03Z,s-p-maria-1,4.0
2026-09-25T18:22:03.500000Z,s-p-maria-1,5.9
2026-09-25T18:22:04Z,s-p-maria-1,3.8
2026-09-25T18:22:04.500000Z,s-p-maria-1,4.8
2026-09-25T18:22:05Z,s-p-maria-1,3.6
2026-09-25T18:22:05.500000Z,s-p-maria-1,32.5
2026-09-25T18:22:06Z,s-p-maria-1,60.7
2026-09-25T18:22:06.500000Z,s-p-maria-1,78.3
2026-09-25T18:22:07Z,s-p-maria-1,81.7
2026-09-25T18:22:07.500000Z,s-p-maria-1,75.1
2026-09-25T18:22:08Z,s-p-maria-1,58.7
2026-09-25T18:22:08.500000Z,s-p-maria-1,30.9
2026-09-25T18:22:09Z,s-p-maria-1,4.7
2026-09-25T18:22:09.500000Z,s-p-maria-1,5.3
2026-09-25T18:22:10Z,s-p-maria-1,5.9
2026-09-25T18:22:10.500000Z,s-p-maria-1,4.4
2026-09-25T18:22:11Z,s-p-maria-1,4.4
2026-09-25T18:22:11.500000Z,s-p-maria-1,4.8
2026-09-25T18:22:12Z,s-p-maria-1,3.1
2026-09-25T18:22:12.500000Z,s-p-maria-1,3.3
2026-09-25T18:22:13Z,s-p-maria-1,3.2
2026-09-25T18:22:13.500000Z,s-p-maria-1,4.9
2026-09-25T18:22:14Z,s-p-maria-1,6.0
2026-09-25T18:22:14.500000Z,s-p-maria-1,5.0
2026-09-25T18:22:15Z,s-p-maria-1,3.7
2026-09-25T18:22:15.500000Z,s-p-maria-1,3.9
2026-09-25T18:22:16Z,s-p-maria-1,5.9
2026-09-25T18:22:16.500000Z,s-p-maria-1,4.5
2026-09-25T18:22:17Z,s-p-maria-1,3.0
2026-09-25T18:22:17.500000Z,s-p-maria-1,5.5
2026-09-25T18:22:18Z,s-p-maria-1,3.7
2026-09-25T18:22:18.500000Z,s-p-maria-1,3.3
2026-09-25T18:22:19Z,s-p-maria-1,5.0
2026-09-25T18:22:19.500000Z,s-p-maria-1,5.5
2026-09-25T18:22:20Z,s-p-maria-1,3.2
2026-09-25T18:22:20.500000Z,s-p-maria-1,5.8
2026-09-25T18:22:21Z,s-p-maria-1,4.4
2026-09-25T18:22:21.500000Z,s-p-maria-1,25.1
2026-09-25T18:22:22Z,s-p-maria-1,52.5
2026-09-25T18:22:22.500000Z,s-p-maria-1,72.2
2026-09-25T18:22:23Z,s-p-maria-1,85.0
2026-09-25T18:22:23.500000Z,s-p-maria-1,77.3
2026-09-25T18:22:24Z,s-p-maria-1,64.9
2026-09-25T18:22:24.500000Z,s-p-maria-1,37.6
2026-09-25T18:22:25Z,s-p-maria-1,6.7
2026-09-25T18:22:25.500000Z,s-p-maria-1,5.8
2026-09-25T18:22:26Z,s-p-maria-1,5.0
2026-09-25T18:22:26.500000Z,s-p-maria-1,5.0
2026-09-25T18:22:27Z,s-p-maria-1,4.8
2026-09-25T18:22:27.500000Z,s-p-maria-1,5.3
2026-09-25T18:22:28Z,s-p-maria-1,4.6
2026-09-25T18:22:28.500000Z,s-p-maria-1,3.1
2026-09-25T18:22:29Z,s-p-maria-1,4.4
2026-09-25T18:22:29.500000Z,s-p-maria-1,4.9
2026-09-25T18:22:30Z,s-p-maria-1,4.5
2026-09-25T18:22:30.500000Z,s-p-maria-1,6.0
2026-09-25T18:22:31Z,s-p-maria-1,5.7
2026-09-25T18:22:31.500000Z,s-p-maria-1,5.6
2026-09-25T18:22:32Z,s-p-maria-1,4.5
2026-09-25T18:22:32.500000Z,s-p-maria-1,6.0
2026-09-25T18:22:33Z,s-p-maria-1,5.7
2026-09-25T18:22:33.500000Z,s-p-maria-1,3.8
2026-09-25T18:22:34Z,s-p-maria-1,3.7
2026-09-25T18:22:34.500000Z,s-p-maria-1,4.7
2026-09-25T18:22:35Z,s-p-maria-1,3.2
2026-09-25T18:22:35.500000Z,s-p-maria-1,5.4
2026-09-25T18:22:36Z,s-p-maria-1,4.4
2026-09-25T18:22:36.500000Z,s-p-maria-1,4.6
2026-09-25T18:22:37Z,s-p-maria-1,4.5
2026-09-25T18:22:37.500000Z,s-p-maria-1,19.2
2026-09-25T18:22:38Z,s-p-maria-1,47.4
2026-09-25T18:22:38.500000Z,s-p-maria-1,71.4
2026-09-25T18:22:39Z,s-p-maria-1,85.4
2026-09-25T18:22:39.500000Z,s-p-maria-1,80.7
2026-09-25T18:22:40Z,s-p-maria-1,67.0
2026-09-25T18:22:40.500000Z,s-p-maria-1,43.5
2026-09-25T18:22:41Z,s-p-maria-1,13.1
2026-09-25T18:22:41.500000Z,s-p-maria-1,4.8
2026-09-25T18:22:42Z,s-p-maria-1,4.1
2026-09-25T18:22:42.500000Z,s-p-maria-1,4.5
2026-09-25T18:22:43Z,s-p-maria-1,3.6
2026-09-25T18:22:43.500000Z,s-p-maria-1,5.1
2026-09-25T18:22:44Z,s-p-maria-1,4.1
2026-09-25T18:22:44.500000Z,s-p-maria-1,5.6
2026-09-25T18:22:45Z,s-p-maria-1,3.8
2026-09-25T18:22:45.500000Z,s-p-maria-1,3.5
2026-09-25T18:22:46Z,s-p-maria-1,3.4
2026-09-25T18:22:46.500000Z,s-p-maria-1,4.7
2026-09-25T18:22:47Z,s-p-maria-1,3.7
2026-09-25T18:22:47.500000Z,s-p-maria-1,3.3
2026-09-25T18:22:48Z,s-p-maria-1,3.8
2026-09-25T18:22:48.500000Z,s-p-maria-1,3.7
2026-09-25T18:22:49Z,s-p-maria-1,4.3
2026-09-25T18:22:49.500000Z,s-p-maria-1,4.1
2026-09-25T18:22:50Z,s-p-maria-1,3.4
2026-09-25T18:22:50.500000Z,s-p-maria-1,5.9
2026-09-25T18:22:51Z,s-p-maria-1,3.4
2026-09-25T18:22:51.500000Z,s-p-maria-1,5.4
2026-09-25T18:22:52Z,s-p-maria-1,3.5
2026-09-25T18:22:52.500000Z,s-p-maria-1,4.5
2026-09-25T18:22:53Z,s-p-maria-1,6.0
2026-09-25T18:22:53.500000Z,s-p-maria-1,13.0
2026-09-25T18:22:54Z,s-p-maria-1,42.7
2026-09-25T18:22:54.500000Z,s-p-maria-1,67.3
2026-09-25T18:22:55Z,s-p-maria-1,81.8
2026-09-25T18:22:55.500000Z,s-p-maria-1,85.1
2026-09-25T18:22:56Z,s-p-maria-1,71.3
2026-09-25T18:22:56.500000Z,s-p-maria-1,49.3
2026-09-25T18:22:57Z,s-p-maria-1,19.7
2026-09-25T18:22:57.500000Z,s-p-maria-1,4.7
2026-09-25T18:22:58Z,s-p-maria-1,5.8
2026-09-25T18:22:58.500000Z,s-p-maria-1,3.8
2026-09-25T18:22:59Z,s-p-maria-1,3.1
2026-09-25T18:22:59.500000Z,s-p-maria-1,3.4
2026-09-25T18:23:00Z,s-p-maria-1,5.6
2026-09-25T18:23:00.500000Z,s-p-maria-1,5.9
2026-09-25T18:23:01Z,s-p-maria-1,3.6
2026-09-25T18:23:01.500000Z,s-p-maria-1,4.7
2026-09-25T18:23:02Z,s-p-maria-1,4.9
2026-09-25T18:23:02.500000Z,s-p-maria-1,3.5
2026-09-25T18:23:03Z,s-p-maria-1,5.3
2026-09-25T18:23:03.500000Z,s-p-maria-1,4.1
2026-09-25T18:23:04Z,s-p-maria-1,5.0
2026-09-25T18:23:04.500000Z,s-p-maria-1,4.5
2026-09-25T18:23:05Z,s-p-maria-1,5.2
2026-09-25T18:23:05.500000Z,s-p-maria-1,5.7
2026-09-25T18:23:06Z,s-p-maria-1,4.1
2026-09-25T18:23:06.500000Z,s-p-maria-1,3.9
2026-09-25T18:23:07Z,s-p-maria-1,4.9
2026-09-25T18:23:07.500000Z,s-p-maria-1,3.4
2026-09-25T18:23:08Z,s-p-maria-1,3.5
2026-09-25T18:23:08.500000Z,s-p-maria-1,5.4
2026-09-25T18:23:09Z,s-p-maria-1,4.0
2026-09-25T18:23:09.500000Z,s-p-maria-1,6.5
2026-09-25T18:23:10Z,s-p-maria-1,39.1
2026-09-25T18:23:10.500000Z,s-p-maria-1,64.7
2026-09-25T18:23:11Z,s-p-maria-1,80.6
2026-09-25T18:23:11.500000Z,s-p-maria-1,82.4
2026-09-25T18:23:12Z,s-p-maria-1,74.7
2026-09-25T18:23:12.500000Z,s-p-maria-1,54.8
2026-09-25T18:23:13Z,s-p-maria-1,24.9
2026-09-25T18:23:13.500000Z,s-p-maria-1,4.2
2026-09-25T18:23:14Z,s-p-maria-1,3.6
2026-09-25T18:23:14.500000Z,s-p-maria-1,3.1
2026-09-25T18:23:15Z,s-p-maria-1,5.2
2026-09-25T18:23:15.500000Z,s-p-maria-1,5.0
2026-09-25T18:23:16Z,s-p-maria-1,5.8
2026-09-25T18:23:16.500000Z,s-p-maria-1,5.1
2026-09-25T18:23:17Z,s-p-maria-1,3.2
2026-09-25T18:23:17.500000Z,s-p-maria-1,3.5
2026-09-25T18:23:18Z,s-p-maria-1,3.3
2026-09-25T18:23:18.500000Z,s-p-maria-1,3.2
2026-09-25T18:23:19Z,s-p-maria-1,5.6
2026-09-25T18:23:19.500000Z,s-p-maria-1,4.6
2026-09-25T18:23:20Z,s-p-maria-1,3.1
2026-09-25T18:23:20.500000Z,s-p-maria-1,4.2
2026-09-25T18:23:21Z,s-p-maria-1,5.3
2026-09-25T18:23:21.500000Z,s-p-maria-1,3.2
2026-09-25T18:23:22Z,s-p-maria-1,3.8
2026-09-25T18:23:22.500000Z,s-p-maria-1,3.5
2026-09-25T18:23:23Z,s-p-maria-1,5.0
2026-09-25T18:23:23.500000Z,s-p-maria-1,5.7
2026-09-25T18:23:24Z,s-p-maria-1,3.9
2026-09-25T18:23:24.500000Z,s-p-maria-1,3.7
2026-09-25T18:23:25Z,s-p-maria-1,3.9
2026-09-25T18:23:25.500000Z,s-p-maria-1,4.9
2026-09-25T18:23:26Z,s-p-maria-1,33.0
2026-09-25T18:23:26.500000Z,s-p-maria-1,57.5
2026-09-25T18:23:27Z,s-p-maria-1,77.3
2026-09-25T18:23:27.500000Z,s-p-maria-1,83.3
2026-09-25T18:23:28Z,s-p-maria-1,77.4
2026-09-25T18:23:28.500000Z,s-p-maria-1,58.2
2026-09-25T18:23:29Z,s-p-maria-1,31.7
2026-09-25T18:23:29.500000Z,s-p-maria-1,4.9
2026-09-25T18:23:30Z,s-p-maria-1,4.7
2026-09-25T18:23:30.500000Z,s-p-maria-1,4.6
2026-09-25T18:23:31Z,s-p-maria-1,4.9
2026-09-25T18:23:31.500000Z,s-p-maria-1,3.9
2026-09-25T18:23:32Z,s-p-maria-1,4.0
2026-09-25T18:23:32.500000Z,s-p-maria-1,4.6
2026-09-25T18:23:33Z,s-p-maria-1,5.4
2026-09-25T18:23:33.500000Z,s-p-maria-1,4.3
2026-09-25T18:23:34Z,s-p-maria-1,4.1
2026-09-25T18:23:34.500000Z,s-p-maria-1,3.8
2026-09-25T18:23:35Z,s-p-maria-1,3.9
2026-09-25T18:23:35.500000Z,s-p-maria-1,3.0
2026-09-25T18:23:36Z,s-p-maria-1,5.4
2026-09-25T18:23:36.500000Z,s-p-maria-1,5.5
2026-09-25T18:23:37Z,s-p-maria-1,4.0
2026-09-25T18:23:37.500000Z,s-p-maria-1,4.4
2026-09-25T18:23:38Z,s-p-maria-1,3.0
2026-09-25T18:23:38.500000Z,s-p-maria-1,5.8
2026-09-25T18:23:39Z,s-p-maria-1,5.8
2026-09-25T18:23:39.500000Z,s-p-maria-1,4.4
2026-09-25T18:23:40Z,s-p-maria-1,3.0
2026-09-25T18:23:40.500000Z,s-p-maria-1,4.3
2026-09-25T18:23:41Z,s-p-maria-1,3.9
2026-09-25T18:23:41.500000Z,s-p-maria-1,3.7
2026-09-25T18:23:42Z,s-p-maria-1,26.0
2026-09-25T18:23:42.500000Z,s-p-maria-1,54.0
2026-09-25T18:23:43Z,s-p-maria-1,76.2
2026-09-25T18:23:43.500000Z,s-p-maria-1,83.9
2026-09-25T18:23:44Z,s-p-maria-1,80.8
2026-09-25T18:23:44.500000Z,s-p-maria-1,64.7
2026-09-25T18:23:45Z,s-p-maria-1,36.8
2026-09-25T18:23:45.500000Z,s-p-maria-1,6.5
2026-09-25T18:23:46Z,s-p-maria-1,3.9
2026-09-25T18:23:46.500000Z,s-p-maria-1,5.2
2026-09-25T18:23:47Z,s-p-maria-1,5.4
2026-09-25T18:23:47.500000Z,s-p-maria-1,4.2
2026-09-25T18:23:48Z,s-p-maria-1,5.6
2026-09-25T18:23:48.500000Z,s-p-maria-1,3.5
2026-09-25T18:23:49Z,s-p-maria-1,3.9
2026-09-25T18:23:49.500000Z,s-p-maria-1,4.9
2026-09-25T18:23:50Z,s-p-maria-1,4.9
2026-09-25T18:23:50.500000Z,s-p-maria-1,3.8
2026-09-25T18:23:51Z,s-p-maria-1,4.9
2026-09-25T18:23:51.500000Z,s-p-maria-1,3.6
2026-09-25T18:23:52Z,s-p-maria-1,3.1
2026-09-25T18:23:52.500000Z,s-p-maria-1,3.1
2026-09-25T18:23:53Z,s-p-maria-1,4.6
2026-09-25T18:23:53.500000Z,s-p-maria-1,3.6
2026-09-25T18:23:54Z,s-p-maria-1,3.3
2026-09-25T18:23:54.500000Z,s-p-maria-1,3.8
2026-09-25T18:23:55Z,s-p-maria-1,5.1
2026-09-25T18:23:55.500000Z,s-p-maria-1,5.2
2026-09-25T18:23:56Z,s-p-maria-1,3.7
2026-09-25T18:23:56.500000Z,s-p-maria-1,3.5
2026-09-25T18:23:57Z,s-p-maria-1,4.5
2026-09-25T18:23:57.500000Z,s-p-maria-1,4.0
2026-09-25T18:23:58Z,s-p-maria-1,19.1
2026-09-25T18:23:58.500000Z,s-p-maria-1,49.2
2026-09-25T18:23:59Z,s-p-maria-1,72.1
2026-09-25T18:23:59.500000Z,s-p-maria-1,79.8
2026-09-25T18:24:00Z,s-p-maria-1,79.6
2026-09-25T18:24:00.500000Z,s-p-maria-1,67.7
2026-09-25T18:24:01Z,s-p-maria-1,42.6
2026-09-25T18:24:01.500000Z,s-p-maria-1,12.8
2026-09-25T18:24:02Z,s-p-maria-1,3.4
2026-09-25T18:24:02.500000Z,s-p-maria-1,5.3
2026-09-25T18:24:03Z,s-p-maria-1,3.7
2026-09-25T18:24:03.500000Z,s-p-maria-1,5.3
2026-09-25T18:24:04Z,s-p-maria-1,4.3
2026-09-25T18:24:04.500000Z,s-p-maria-1,5.2
2026-09-25T18:24:05Z,s-p-maria-1,3.1
2026-09-25T18:24:05.500000Z,s-p-maria-1,4.4
2026-09-25T18:24:06Z,s-p-maria-1,5.3
2026-09-25T18:24:06.500000Z,s-p-maria-1,4.6
2026-09-25T18:24:07Z,s-p-maria-1,5.9
2026-09-25T18:24:07.500000Z,s-p-maria-1,4.4
2026-09-25T18:24:08Z,s-p-maria-1,5.0
2026-09-25T18:24:08.500000Z,s-p-maria-1,3.9
2026-09-25T18:24:09Z,s-p-maria-1,4.0
2026-09-25T18:24:09.500000Z,s-p-maria-1,4.9
2026-09-25T18:24:10Z,s-p-maria-1,3.1
2026-09-25T18:24:10.500000Z,s-p-maria-1,5.8
2026-09-25T18:24:11Z,s-p-maria-1,4.6
2026-09-25T18:24:11.500000Z,s-p-maria-1,3.8
2026-09-25T18:24:12Z,s-p-maria-1,4.9
2026-09-25T18:24:12.500000Z,s-p-maria-1,3.6
2026-09-25T18:24:13Z,s-p-maria-1,5.7
2026-09-25T18:24:13.500000Z,s-p-maria-1,5.6
2026-09-25T18:24:14Z,s-p-maria-1,13.4
2026-09-25T18:24:14.500000Z,s-p-maria-1,44.2
2026-09-25T18:24:15Z,s-p-maria-1,68.6
2026-09-25T18:24:15.500000Z,s-p-maria-1,79.5
2026-09-25T18:24:16Z,s-p-maria-1,85.2
2026-09-25T18:24:16.500000Z,s-p-maria-1,71.3
2026-09-25T18:24:17Z,s-p-maria-1,49.5
2026-09-25T18:24:17.500000Z,s-p-maria-1,20.0
2026-09-25T18:24:18Z,s-p-maria-1,3.3
2026-09-25T18:24:18.500000Z,s-p-maria-1,4.9
2026-09-25T18:24:19Z,s-p-maria-1,5.8
2026-09-25T18:24:19.500000Z,s-p-maria-1,6.0
2026-09-25T18:24:20Z,s-p-maria-1,4.9
2026-09-25T18:24:20.500000Z,s-p-maria-1,3.2
2026-09-25T18:24:21Z,s-p-maria-1,4.9
2026-09-25T18:24:21.500000Z,s-p-maria-1,5.1
2026-09-25T18:24:22Z,s-p-maria-1,5.4
2026-09-25T18:24:22.500000Z,s-p-maria-1,3.4
2026-09-25T18:24:23Z,s-p-maria-1,3.7
2026-09-25T18:24:23.500000Z,s-p-maria-1,5.9
2026-09-25T18:24:24Z,s-p-maria-1,5.4
2026-09-25T18:24:24.500000Z,s-p-maria-1,5.3
2026-09-25T18:24:25Z,s-p-maria-1,5.4
2026-09-25T18:24:25.500000Z,s-p-maria-1,4.3
2026-09-25T18:24:26Z,s-p-maria-1,3.6
2026-09-25T18:24:26.500000Z,s-p-maria-1,5.1
2026-09-25T18:24:27Z,s-p-maria-1,4.1
2026-09-25T18:24:27.500000Z,s-p-maria-1,3.4
2026-09-25T18:24:28Z,s-p-maria-1,5.7
2026-09-25T18:24:28.500000Z,s-p-maria-1,4.5
2026-09-25T18:24:29Z,s-p-maria-1,4.3
2026-09-25T18:24:29.500000Z,s-p-maria-1,3.9
2026-09-25T18:24:30Z,s-p-maria-1,6.7
2026-09-25T18:24:30.500000Z,s-p-maria-1,38.3
2026-09-25T18:24:31Z,s-p-maria-1,64.5
2026-09-25T18:24:31.500000Z,s-p-maria-1,77.0
2026-09-25T18:24:32Z,s-p-maria-1,85.8
2026-09-25T18:24:32.500000Z,s-p-maria-1,75.5
2026-09-25T18:24:33Z,s-p-maria-1,54.7
2026-09-25T18:24:33.500000Z,s-p-maria-1,25.5
2026-09-25T18:24:34Z,s-p-maria-1,4.1
2026-09-25T18:24:34.500000Z,s-p-maria-1,3.6
2026-09-25T18:24:35Z,s-p-maria-1,3.1
2026-09-25T18:24:35.500000Z,s-p-maria-1,5.6
2026-09-25T18:24:36Z,s-p-maria-1,5.3
2026-09-25T18:24:36.500000Z,s-p-maria-1,3.7
2026-09-25T18:24:37Z,s-p-maria-1,5.2
2026-09-25T18:24:37.500000Z,s-p-maria-1,5.0
2026-09-25T18:24:38Z,s-p-maria-1,4.6
2026-09-25T18:24:38.500000Z,s-p-maria-1,4.2
2026-09-25T18:24:39Z,s-p-maria-1,4.6
2026-09-25T18:24:39.500000Z,s-p-maria-1,4.5
2026-09-25T18:24:40Z,s-p-maria-1,4.7
2026-09-25T18:24:40.500000Z,s-p-maria-1,4.8
2026-09-25T18:24:41Z,s-p-maria-1,4.0
2026-09-25T18:24:41.500000Z,s-p-maria-1,4.9
2026-09-25T18:24:42Z,s-p-maria-1,3.3
2026-09-25T18:24:42.500000Z,s-p-maria-1,4.6
2026-09-25T18:24:43Z,s-p-maria-1,3.2
2026-09-25T18:24:43.500000Z,s-p-maria-1,5.5
2026-09-25T18:24:44Z,s-p-maria-1,3.4
2026-09-25T18:24:44.500000Z,s-p-maria-1,5.6
2026-09-25T18:24:45Z,s-p-maria-1,3.6
2026-09-25T18:24:45.500000Z,s-p-maria-1,4.5
2026-09-25T18:24:46Z,s-p-maria-1,3.3
2026-09-25T18:24:46.500000Z,s-p-maria-1,4.7
2026-09-25T18:24:47Z,s-p-maria-1,5.5
2026-09-25T18:24:47.500000Z,s-p-maria-1,5.0
2026-09-25T18:24:48Z,s-p-maria-1,4.6
2026-09-25T18:24:48.500000Z,s-p-maria-1,5.1
2026-09-25T18:24:49Z,s-p-maria-1,3.8
2026-09-25T18:24:49.500000Z,s-p-maria-1,4.1
2026-09-25T18:24:50Z,s-p-maria-1,4.8
2026-09-25T18:24:50.500000Z,s-p-maria-1,3.2
2026-09-25T18:24:51Z,s-p-maria-1,5.8
2026-09-25T18:24:51.500000Z,s-p-maria-1,3.6
2026-09-25T18:24:52Z,s-p-maria-1,4.5
2026-09-25T18:24:52.500000Z,s-p-maria-1,5.7
2026-09-25T18:24:53Z,s-p-maria-1,3.2
2026-09-25T18:24:53.500000Z,s-p-maria-1,5.4
2026-09-25T18:24:54Z,s-p-maria-1,3.2
2026-09-25T18:24:54.500000Z,s-p-maria-1,4.7
2026-09-25T18:24:55Z,s-p-maria-1,5.8
2026-09-25T18:24:55.500000Z,s-p-maria-1,4.2
2026-09-25T18:24:56Z,s-p-maria-1,4.1
2026-09-25T18:24:56.500000Z,s-p-maria-1,5.1
2026-09-25T18:24:57Z,s-p-maria-1,5.5
2026-09-25T18:24:57.500000Z,s-p-maria-1,3.8
2026-09-25T18:24:58Z,s-p-maria-1,3.1
2026-09-25T18:24:58.500000Z,s-p-maria-1,3.2
2026-09-25T18:24:59Z,s-p-maria-1,3.9
2026-09-25T18:24:59.500000Z,s-p-maria-1,5.8
2026-09-25T18:25:00Z,s-p-maria-1,5.9
2026-09-25T18:25:00.500000Z,s-p-maria-1,3.3
2026-09-25T18:25:01Z,s-p-maria-1,5.2
2026-09-18T18:12:00Z,s-p-james-8,5.2
2026-09-18T18:12:00.500000Z,s-p-james-8,4.2
2026-09-18T18:12:01Z,s-p-james-8,3.3
2026-09-18T18:12:01.500000Z,s-p-james-8,4.9
2026-09-18T18:12:02Z,s-p-james-8,4.1
2026-09-18T18:12:02.500000Z,s-p-james-8,4.4
2026-09-18T18:12:03Z,s-p-james-8,5.0
2026-09-18T18:12:03.500000Z,s-p-james-8,5.6
2026-09-18T18:12:04Z,s-p-james-8,3.5
2026-09-18T18:12:04.500000Z,s-p-james-8,3.5
2026-09-18T18:12:05Z,s-p-james-8,4.2
2026-09-18T18:12:05.500000Z,s-p-james-8,24.2
2026-09-18T18:12:06Z,s-p-james-8,47.4
2026-09-18T18:12:06.500000Z,s-p-james-8,58.3
2026-09-18T18:12:07Z,s-p-james-8,66.9
2026-09-18T18:12:07.500000Z,s-p-james-8,61.5
2026-09-18T18:12:08Z,s-p-james-8,46.3
2026-09-18T18:12:08.500000Z,s-p-james-8,26.0
2026-09-18T18:12:09Z,s-p-james-8,5.3
2026-09-18T18:12:09.500000Z,s-p-james-8,3.8
2026-09-18T18:12:10Z,s-p-james-8,5.9
2026-09-18T18:12:10.500000Z,s-p-james-8,4.3
2026-09-18T18:12:11Z,s-p-james-8,4.2
2026-09-18T18:12:11.500000Z,s-p-james-8,5.2
2026-09-18T18:12:12Z,s-p-james-8,5.9
2026-09-18T18:12:12.500000Z,s-p-james-8,4.8
2026-09-18T18:12:13Z,s-p-james-8,4.6
2026-09-18T18:12:13.500000Z,s-p-james-8,6.0
2026-09-18T18:12:14Z,s-p-james-8,3.9
2026-09-18T18:12:14.500000Z,s-p-james-8,3.9
2026-09-18T18:12:15Z,s-p-james-8,3.7
2026-09-18T18:12:15.500000Z,s-p-james-8,5.6
2026-09-18T18:12:16Z,s-p-james-8,3.1
2026-09-18T18:12:16.500000Z,s-p-james-8,5.5
2026-09-18T18:12:17Z,s-p-james-8,5.1
2026-09-18T18:12:17.500000Z,s-p-james-8,3.8
2026-09-18T18:12:18Z,s-p-james-8,4.7
2026-09-18T18:12:18.500000Z,s-p-james-8,4.7
2026-09-18T18:12:19Z,s-p-james-8,5.8
2026-09-18T18:12:19.500000Z,s-p-james-8,3.5
2026-09-18T18:12:20Z,s-p-james-8,3.1
2026-09-18T18:12:20.500000Z,s-p-james-8,4.1
2026-09-18T18:12:21Z,s-p-james-8,3.4
2026-09-18T18:12:21.500000Z,s-p-james-8,4.1
2026-09-18T18:12:22Z,s-p-james-8,4.7
2026-09-18T18:12:22.500000Z,s-p-james-8,3.7
2026-09-18T18:12:23Z,s-p-james-8,5.4
2026-09-18T18:12:23.500000Z,s-p-james-8,3.3
2026-09-18T18:12:24Z,s-p-james-8,4.2
2026-09-18T18:12:24.500000Z,s-p-james-8,5.8
2026-09-18T18:12:25Z,s-p-james-8,5.2
2026-09-18T18:12:25.500000Z,s-p-james-8,5.2
2026-09-18T18:12:26Z,s-p-james-8,5.4
2026-09-18T18:12:26.500000Z,s-p-james-8,3.5
2026-09-18T18:12:27Z,s-p-james-8,5.5
2026-09-18T18:12:27.500000Z,s-p-james-8,5.1
2026-09-18T18:12:28Z,s-p-james-8,4.7
2026-09-18T18:12:28.500000Z,s-p-james-8,20.2
2026-09-18T18:12:29Z,s-p-james-8,42.0
2026-09-18T18:12:29.500000Z,s-p-james-8,61.1
2026-09-18T18:12:30Z,s-p-james-8,64.3
2026-09-18T18:12:30.500000Z,s-p-james-8,61.1
2026-09-18T18:12:31Z,s-p-james-8,48.6
2026-09-18T18:12:31.500000Z,s-p-james-8,30.8
2026-09-18T18:12:32Z,s-p-james-8,5.1
2026-09-18T18:12:32.500000Z,s-p-james-8,3.0
2026-09-18T18:12:33Z,s-p-james-8,5.3
2026-09-18T18:12:33.500000Z,s-p-james-8,4.1
2026-09-18T18:12:34Z,s-p-james-8,3.9
2026-09-18T18:12:34.500000Z,s-p-james-8,3.1
2026-09-18T18:12:35Z,s-p-james-8,4.6
2026-09-18T18:12:35.500000Z,s-p-james-8,3.4
2026-09-18T18:12:36Z,s-p-james-8,4.5
2026-09-18T18:12:36.500000Z,s-p-james-8,3.7
2026-09-18T18:12:37Z,s-p-james-8,3.2
2026-09-18T18:12:37.500000Z,s-p-james-8,5.2
2026-09-18T18:12:38Z,s-p-james-8,4.2
2026-09-18T18:12:38.500000Z,s-p-james-8,4.3
2026-09-18T18:12:39Z,s-p-james-8,4.8
2026-09-18T18:12:39.500000Z,s-p-james-8,4.5
2026-09-18T18:12:40Z,s-p-james-8,3.7
2026-09-18T18:12:40.500000Z,s-p-james-8,3.9
2026-09-18T18:12:41Z,s-p-james-8,4.2
2026-09-18T18:12:41.500000Z,s-p-james-8,3.4
2026-09-18T18:12:42Z,s-p-james-8,3.2
2026-09-18T18:12:42.500000Z,s-p-james-8,4.7
2026-09-18T18:12:43Z,s-p-james-8,3.1
2026-09-18T18:12:43.500000Z,s-p-james-8,4.2
2026-09-18T18:12:44Z,s-p-james-8,3.3
2026-09-18T18:12:44.500000Z,s-p-james-8,4.5
2026-09-18T18:12:45Z,s-p-james-8,5.3
2026-09-18T18:12:45.500000Z,s-p-james-8,3.4
2026-09-18T18:12:46Z,s-p-james-8,3.4
2026-09-18T18:12:46.500000Z,s-p-james-8,4.7
2026-09-18T18:12:47Z,s-p-james-8,4.5
2026-09-18T18:12:47.500000Z,s-p-james-8,5.0
2026-09-18T18:12:48Z,s-p-james-8,3.6
2026-09-18T18:12:48.500000Z,s-p-james-8,4.8
2026-09-18T18:12:49Z,s-p-james-8,5.2
2026-09-18T18:12:49.500000Z,s-p-james-8,3.7
2026-09-18T18:12:50Z,s-p-james-8,3.2
2026-09-18T18:12:50.500000Z,s-p-james-8,5.3
2026-09-18T18:12:51Z,s-p-james-8,4.0
2026-09-18T18:12:51.500000Z,s-p-james-8,16.0
2026-09-18T18:12:52Z,s-p-james-8,39.1
2026-09-18T18:12:52.500000Z,s-p-james-8,57.3
2026-09-18T18:12:53Z,s-p-james-8,68.1
2026-09-18T18:12:53.500000Z,s-p-james-8,61.4
2026-09-18T18:12:54Z,s-p-james-8,51.1
2026-09-18T18:12:54.500000Z,s-p-james-8,35.6
2026-09-18T18:12:55Z,s-p-james-8,10.0
2026-09-18T18:12:55.500000Z,s-p-james-8,3.6
2026-09-18T18:12:56Z,s-p-james-8,4.1
2026-09-18T18:12:56.500000Z,s-p-james-8,5.3
2026-09-18T18:12:57Z,s-p-james-8,5.6
2026-09-18T18:12:57.500000Z,s-p-james-8,3.3
2026-09-18T18:12:58Z,s-p-james-8,3.2
2026-09-18T18:12:58.500000Z,s-p-james-8,5.8
2026-09-18T18:12:59Z,s-p-james-8,5.8
2026-09-18T18:12:59.500000Z,s-p-james-8,5.6
2026-09-18T18:13:00Z,s-p-james-8,5.5
2026-09-18T18:13:00.500000Z,s-p-james-8,3.0
2026-09-18T18:13:01Z,s-p-james-8,5.1
2026-09-18T18:13:01.500000Z,s-p-james-8,3.3
2026-09-18T18:13:02Z,s-p-james-8,4.4
2026-09-18T18:13:02.500000Z,s-p-james-8,3.1
2026-09-18T18:13:03Z,s-p-james-8,3.6
2026-09-18T18:13:03.500000Z,s-p-james-8,4.6
2026-09-18T18:13:04Z,s-p-james-8,3.6
2026-09-18T18:13:04.500000Z,s-p-james-8,4.6
2026-09-18T18:13:05Z,s-p-james-8,3.8
2026-09-18T18:13:05.500000Z,s-p-james-8,4.4
2026-09-18T18:13:06Z,s-p-james-8,5.2
2026-09-18T18:13:06.500000Z,s-p-james-8,3.4
2026-09-18T18:13:07Z,s-p-james-8,5.1
2026-09-18T18:13:07.500000Z,s-p-james-8,3.1
2026-09-18T18:13:08Z,s-p-james-8,4.7
2026-09-18T18:13:08.500000Z,s-p-james-8,5.0
2026-09-18T18:13:09Z,s-p-james-8,3.1
2026-09-18T18:13:09.500000Z,s-p-james-8,3.5
2026-09-18T18:13:10Z,s-p-james-8,3.9
2026-09-18T18:13:10.500000Z,s-p-james-8,5.4
2026-09-18T18:13:11Z,s-p-james-8,4.9
2026-09-18T18:13:11.500000Z,s-p-james-8,3.2
2026-09-18T18:13:12Z,s-p-james-8,5.0
2026-09-18T18:13:12.500000Z,s-p-james-8,3.0
2026-09-18T18:13:13Z,s-p-james-8,4.2
2026-09-18T18:13:13.500000Z,s-p-james-8,3.8
2026-09-18T18:13:14Z,s-p-james-8,5.6
2026-09-18T18:13:14.500000Z,s-p-james-8,10.0
2026-09-18T18:13:15Z,s-p-james-8,33.4
2026-09-18T18:13:15.500000Z,s-p-james-8,54.8
2026-09-18T18:13:16Z,s-p-james-8,61.5
2026-09-18T18:13:16.500000Z,s-p-james-8,66.4
2026-09-18T18:13:17Z,s-p-james-8,56.2
2026-09-18T18:13:17.500000Z,s-p-james-8,38.9
2026-09-18T18:13:18Z,s-p-james-8,14.8
2026-09-18T18:13:18.500000Z,s-p-james-8,3.1
2026-09-18T18:13:19Z,s-p-james-8,3.7
2026-09-18T18:13:19.500000Z,s-p-james-8,4.6
2026-09-18T18:13:20Z,s-p-james-8,4.0
2026-09-18T18:13:20.500000Z,s-p-james-8,4.2
2026-09-18T18:13:21Z,s-p-james-8,3.5
2026-09-18T18:13:21.500000Z,s-p-james-8,4.0
2026-09-18T18:13:22Z,s-p-james-8,4.1
2026-09-18T18:13:22.500000Z,s-p-james-8,4.9
2026-09-18T18:13:23Z,s-p-james-8,3.7
2026-09-18T18:13:23.500000Z,s-p-james-8,5.9
2026-09-18T18:13:24Z,s-p-james-8,4.5
2026-09-18T18:13:24.500000Z,s-p-james-8,5.4
2026-09-18T18:13:25Z,s-p-james-8,4.9
2026-09-18T18:13:25.500000Z,s-p-james-8,5.6
2026-09-18T18:13:26Z,s-p-james-8,5.7
2026-09-18T18:13:26.500000Z,s-p-james-8,5.4
2026-09-18T18:13:27Z,s-p-james-8,3.1
2026-09-18T18:13:27.500000Z,s-p-james-8,4.7
2026-09-18T18:13:28Z,s-p-james-8,3.8
2026-09-18T18:13:28.500000Z,s-p-james-8,3.5
2026-09-18T18:13:29Z,s-p-james-8,5.7
2026-09-18T18:13:29.500000Z,s-p-james-8,5.0
2026-09-18T18:13:30Z,s-p-james-8,3.3
2026-09-18T18:13:30.500000Z,s-p-james-8,4.1
2026-09-18T18:13:31Z,s-p-james-8,5.9
2026-09-18T18:13:31.500000Z,s-p-james-8,4.8
2026-09-18T18:13:32Z,s-p-james-8,4.9
2026-09-18T18:13:32.500000Z,s-p-james-8,3.7
2026-09-18T18:13:33Z,s-p-james-8,3.7
2026-09-18T18:13:33.500000Z,s-p-james-8,3.5
2026-09-18T18:13:34Z,s-p-james-8,5.9
2026-09-18T18:13:34.500000Z,s-p-james-8,5.7
2026-09-18T18:13:35Z,s-p-james-8,4.0
2026-09-18T18:13:35.500000Z,s-p-james-8,4.6
2026-09-18T18:13:36Z,s-p-james-8,3.6
2026-09-18T18:13:36.500000Z,s-p-james-8,3.4
2026-09-18T18:13:37Z,s-p-james-8,4.6
2026-09-18T18:13:37.500000Z,s-p-james-8,5.4
2026-09-18T18:13:38Z,s-p-james-8,29.4
2026-09-18T18:13:38.500000Z,s-p-james-8,51.9
2026-09-18T18:13:39Z,s-p-james-8,60.1
2026-09-18T18:13:39.500000Z,s-p-james-8,63.3
2026-09-18T18:13:40Z,s-p-james-8,59.9
2026-09-18T18:13:40.500000Z,s-p-james-8,41.2
2026-09-18T18:13:41Z,s-p-james-8,20.8
2026-09-18T18:13:41.500000Z,s-p-james-8,5.6
2026-09-18T18:13:42Z,s-p-james-8,5.2
2026-09-18T18:13:42.500000Z,s-p-james-8,5.3
2026-09-18T18:13:43Z,s-p-james-8,5.6
2026-09-18T18:13:43.500000Z,s-p-james-8,4.2
2026-09-18T18:13:44Z,s-p-james-8,4.2
2026-09-18T18:13:44.500000Z,s-p-james-8,4.3
2026-09-18T18:13:45Z,s-p-james-8,5.8
2026-09-18T18:13:45.500000Z,s-p-james-8,5.7
2026-09-18T18:13:46Z,s-p-james-8,5.8
2026-09-18T18:13:46.500000Z,s-p-james-8,3.8
2026-09-18T18:13:47Z,s-p-james-8,5.3
2026-09-18T18:13:47.500000Z,s-p-james-8,3.3
2026-09-18T18:13:48Z,s-p-james-8,3.6
2026-09-18T18:13:48.500000Z,s-p-james-8,5.3
2026-09-18T18:13:49Z,s-p-james-8,4.8
2026-09-18T18:13:49.500000Z,s-p-james-8,3.8
2026-09-18T18:13:50Z,s-p-james-8,4.7
2026-09-18T18:13:50.500000Z,s-p-james-8,3.7
2026-09-18T18:13:51Z,s-p-james-8,3.7
2026-09-18T18:13:51.500000Z,s-p-james-8,5.1
2026-09-18T18:13:52Z,s-p-james-8,4.1
2026-09-18T18:13:52.500000Z,s-p-james-8,5.1
2026-09-18T18:13:53Z,s-p-james-8,4.4
2026-09-18T18:13:53.500000Z,s-p-james-8,4.5
2026-09-18T18:13:54Z,s-p-james-8,4.8
2026-09-18T18:13:54.500000Z,s-p-james-8,5.1
2026-09-18T18:13:55Z,s-p-james-8,4.1
2026-09-18T18:13:55.500000Z,s-p-james-8,5.6
2026-09-18T18:13:56Z,s-p-james-8,4.5
2026-09-18T18:13:56.500000Z,s-p-james-8,3.4
2026-09-18T18:13:57Z,s-p-james-8,3.6
2026-09-18T18:13:57.500000Z,s-p-james-8,3.1
2026-09-18T18:13:58Z,s-p-james-8,5.3
2026-09-18T18:13:58.500000Z,s-p-james-8,3.0
2026-09-18T18:13:59Z,s-p-james-8,3.8
2026-09-18T18:13:59.500000Z,s-p-james-8,4.2
2026-09-18T18:14:00Z,s-p-james-8,5.2
2026-09-18T18:14:00.500000Z,s-p-james-8,6.0
2026-09-18T18:14:01Z,s-p-james-8,24.3
2026-09-18T18:14:01.500000Z,s-p-james-8,45.2
2026-09-18T18:14:02Z,s-p-james-8,62.0
2026-09-18T18:14:02.500000Z,s-p-james-8,67.6
2026-09-18T18:14:03Z,s-p-james-8,63.6
2026-09-18T18:14:03.500000Z,s-p-james-8,47.2
2026-09-18T18:14:04Z,s-p-james-8,25.0
2026-09-18T18:14:04.500000Z,s-p-james-8,5.2
2026-09-18T18:14:05Z,s-p-james-8,4.6
2026-09-18T18:14:05.500000Z,s-p-james-8,5.6
2026-09-18T18:14:06Z,s-p-james-8,5.4
2026-09-18T18:14:06.500000Z,s-p-james-8,4.6
2026-09-18T18:14:07Z,s-p-james-8,4.4
2026-09-18T18:14:07.500000Z,s-p-james-8,5.5
2026-09-18T18:14:08Z,s-p-james-8,3.1
2026-09-18T18:14:08.500000Z,s-p-james-8,6.0
2026-09-18T18:14:09Z,s-p-james-8,4.6
2026-09-18T18:14:09.500000Z,s-p-james-8,4.2
2026-09-18T18:14:10Z,s-p-james-8,5.2
2026-09-18T18:14:10.500000Z,s-p-james-8,4.7
2026-09-18T18:14:11Z,s-p-james-8,4.5
2026-09-18T18:14:11.500000Z,s-p-james-8,4.9
2026-09-18T18:14:12Z,s-p-james-8,3.1
2026-09-18T18:14:12.500000Z,s-p-james-8,3.9
2026-09-18T18:14:13Z,s-p-james-8,4.2
2026-09-18T18:14:13.500000Z,s-p-james-8,3.9
2026-09-18T18:14:14Z,s-p-james-8,5.5
2026-09-18T18:14:14.500000Z,s-p-james-8,4.4
2026-09-18T18:14:15Z,s-p-james-8,4.3
2026-09-18T18:14:15.500000Z,s-p-james-8,4.8
2026-09-18T18:14:16Z,s-p-james-8,3.2
2026-09-18T18:14:16.500000Z,s-p-james-8,4.6
2026-09-18T18:14:17Z,s-p-james-8,3.4
2026-09-18T18:14:17.500000Z,s-p-james-8,5.5
2026-09-18T18:14:18Z,s-p-james-8,4.4
2026-09-18T18:14:18.500000Z,s-p-james-8,5.2
2026-09-18T18:14:19Z,s-p-james-8,3.3
2026-09-18T18:14:19.500000Z,s-p-james-8,5.3
2026-09-18T18:14:20Z,s-p-james-8,5.8
2026-09-18T18:14:20.500000Z,s-p-james-8,5.1
2026-09-18T18:14:21Z,s-p-james-8,3.4
2026-09-18T18:14:21.500000Z,s-p-james-8,4.2
2026-09-18T18:14:22Z,s-p-james-8,4.4
2026-09-18T18:14:22.500000Z,s-p-james-8,3.5
2026-09-18T18:14:23Z,s-p-james-8,4.8
2026-09-18T18:14:23.500000Z,s-p-james-8,5.1
2026-09-18T18:14:24Z,s-p-james-8,20.5
2026-09-18T18:14:24.500000Z,s-p-james-8,42.2
2026-09-18T18:14:25Z,s-p-james-8,57.3
2026-09-18T18:14:25.500000Z,s-p-james-8,68.1
2026-09-18T18:14:26Z,s-p-james-8,63.2
2026-09-18T18:14:26.500000Z,s-p-james-8,50.2
2026-09-18T18:14:27Z,s-p-james-8,29.2
2026-09-18T18:14:27.500000Z,s-p-james-8,5.0
2026-09-18T18:14:28Z,s-p-james-8,4.1
2026-09-18T18:14:28.500000Z,s-p-james-8,4.1
2026-09-18T18:14:29Z,s-p-james-8,5.3
2026-09-18T18:14:29.500000Z,s-p-james-8,5.7
2026-09-18T18:14:30Z,s-p-james-8,4.7
2026-09-18T18:14:30.500000Z,s-p-james-8,5.0
2026-09-18T18:14:31Z,s-p-james-8,3.5
2026-09-18T18:14:31.500000Z,s-p-james-8,5.6
2026-09-18T18:14:32Z,s-p-james-8,3.5
2026-09-18T18:14:32.500000Z,s-p-james-8,5.1
2026-09-18T18:14:33Z,s-p-james-8,4.3
2026-09-18T18:14:33.500000Z,s-p-james-8,3.9
2026-09-18T18:14:34Z,s-p-james-8,5.3
2026-09-18T18:14:34.500000Z,s-p-james-8,4.3
2026-09-18T18:14:35Z,s-p-james-8,4.9
2026-09-18T18:14:35.500000Z,s-p-james-8,3.4
2026-09-18T18:14:36Z,s-p-james-8,3.4
2026-09-18T18:14:36.500000Z,s-p-james-8,3.6
2026-09-18T18:14:37Z,s-p-james-8,4.9
2026-09-18T18:14:37.500000Z,s-p-james-8,3.8
2026-09-18T18:14:38Z,s-p-james-8,4.4
2026-09-18T18:14:38.500000Z,s-p-james-8,5.6
2026-09-18T18:14:39Z,s-p-james-8,4.6
2026-09-18T18:14:39.500000Z,s-p-james-8,3.0
2026-09-18T18:14:40Z,s-p-james-8,5.6
2026-09-18T18:14:40.500000Z,s-p-james-8,3.7
2026-09-18T18:14:41Z,s-p-james-8,4.8
2026-09-18T18:14:41.500000Z,s-p-james-8,4.4
2026-09-18T18:14:42Z,s-p-james-8,4.2
2026-09-18T18:14:42.500000Z,s-p-james-8,3.2
2026-09-18T18:14:43Z,s-p-james-8,4.8
2026-09-18T18:14:43.500000Z,s-p-james-8,3.7
2026-09-18T18:14:44Z,s-p-james-8,4.6
2026-09-18T18:14:44.500000Z,s-p-james-8,4.9
2026-09-18T18:14:45Z,s-p-james-8,4.7
2026-09-18T18:14:45.500000Z,s-p-james-8,5.5
2026-09-18T18:14:46Z,s-p-james-8,3.1
2026-09-18T18:14:46.500000Z,s-p-james-8,3.4
2026-09-18T18:14:47Z,s-p-james-8,16.1
2026-09-18T18:14:47.500000Z,s-p-james-8,38.3
2026-09-18T18:14:48Z,s-p-james-8,57.4
2026-09-18T18:14:48.500000Z,s-p-james-8,68.0
2026-09-18T18:14:49Z,s-p-james-8,66.2
2026-09-18T18:14:49.500000Z,s-p-james-8,52.9
2026-09-18T18:14:50Z,s-p-james-8,34.2
2026-09-18T18:14:50.500000Z,s-p-james-8,10.6
2026-09-18T18:14:51Z,s-p-james-8,4.4
2026-09-18T18:14:51.500000Z,s-p-james-8,4.7
2026-09-18T18:14:52Z,s-p-james-8,5.8
2026-09-18T18:14:52.500000Z,s-p-james-8,3.3
2026-09-18T18:14:53Z,s-p-james-8,3.9
2026-09-18T18:14:53.500000Z,s-p-james-8,4.1
2026-09-18T18:14:54Z,s-p-james-8,4.1
2026-09-18T18:14:54.500000Z,s-p-james-8,3.2
2026-09-18T18:14:55Z,s-p-james-8,4.3
2026-09-18T18:14:55.500000Z,s-p-james-8,4.7
2026-09-18T18:14:56Z,s-p-james-8,3.9
2026-09-18T18:14:56.500000Z,s-p-james-8,3.4
2026-09-18T18:14:57Z,s-p-james-8,5.1
2026-09-18T18:14:57.500000Z,s-p-james-8,3.8
2026-09-18T18:14:58Z,s-p-james-8,4.6
2026-09-18T18:14:58.500000Z,s-p-james-8,4.6
2026-09-18T18:14:59Z,s-p-james-8,5.1
2026-09-18T18:14:59.500000Z,s-p-james-8,4.8
2026-09-18T18:15:00Z,s-p-james-8,3.3
2026-09-18T18:15:00.500000Z,s-p-james-8,5.2
2026-09-18T18:15:01Z,s-p-james-8,4.9
2026-09-18T18:15:01.500000Z,s-p-james-8,6.0
2026-09-18T18:15:02Z,s-p-james-8,4.5
2026-09-18T18:15:02.500000Z,s-p-james-8,5.1
2026-09-18T18:15:03Z,s-p-james-8,5.8
2026-09-18T18:15:03.500000Z,s-p-james-8,6.0
2026-09-18T18:15:04Z,s-p-james-8,3.9
2026-09-18T18:15:04.500000Z,s-p-james-8,4.8
2026-09-18T18:15:05Z,s-p-james-8,3.9
2026-09-18T18:15:05.500000Z,s-p-james-8,4.6
2026-09-18T18:15:06Z,s-p-james-8,6.0
2026-09-18T18:15:06.500000Z,s-p-james-8,4.1
2026-09-18T18:15:07Z,s-p-james-8,3.4
2026-09-18T18:15:07.500000Z,s-p-james-8,4.7
2026-09-18T18:15:08Z,s-p-james-8,4.6
2026-09-18T18:15:08.500000Z,s-p-james-8,4.9
2026-09-18T18:15:09Z,s-p-james-8,4.5
2026-09-18T18:15:09.500000Z,s-p-james-8,3.5
2026-09-18T18:15:10Z,s-p-james-8,10.1
2026-09-18T18:15:10.500000Z,s-p-james-8,36.1
2026-09-18T18:15:11Z,s-p-james-8,52.9
2026-09-18T18:15:11.500000Z,s-p-james-8,62.2
2026-09-18T18:15:12Z,s-p-james-8,62.3
2026-09-18T18:15:12.500000Z,s-p-james-8,57.2
2026-09-18T18:15:13Z,s-p-james-8,38.4
2026-09-18T18:15:13.500000Z,s-p-james-8,15.8
2026-09-18T18:15:14Z,s-p-james-8,3.8
2026-09-18T18:15:14.500000Z,s-p-james-8,5.4
2026-09-18T18:15:15Z,s-p-james-8,3.9
2026-09-18T18:15:15.500000Z,s-p-james-8,4.5
2026-09-18T18:15:16Z,s-p-james-8,4.0
2026-09-18T18:15:16.500000Z,s-p-james-8,3.0
2026-09-18T18:15:17Z,s-p-james-8,5.1
2026-09-18T18:15:17.500000Z,s-p-james-8,4.0
2026-09-18T18:15:18Z,s-p-james-8,5.2
2026-09-18T18:15:18.500000Z,s-p-james-8,4.8
2026-09-18T18:15:19Z,s-p-james-8,3.1
2026-09-18T18:15:19.500000Z,s-p-james-8,3.5
2026-09-18T18:15:20Z,s-p-james-8,4.0
2026-09-18T18:15:20.500000Z,s-p-james-8,4.0
2026-09-18T18:15:21Z,s-p-james-8,5.0
2026-09-18T18:15:21.500000Z,s-p-james-8,5.7
2026-09-18T18:15:22Z,s-p-james-8,5.4
2026-09-18T18:15:22.500000Z,s-p-james-8,4.9
2026-09-18T18:15:23Z,s-p-james-8,4.4
2026-09-18T18:15:23.500000Z,s-p-james-8,4.9
2026-09-18T18:15:24Z,s-p-james-8,5.7
2026-09-18T18:15:24.500000Z,s-p-james-8,4.6
2026-09-18T18:15:25Z,s-p-james-8,4.0
2026-09-18T18:15:25.500000Z,s-p-james-8,5.4
2026-09-18T18:15:26Z,s-p-james-8,4.2
2026-09-18T18:15:26.500000Z,s-p-james-8,5.2
2026-09-18T18:15:27Z,s-p-james-8,5.5
2026-09-18T18:15:27.500000Z,s-p-james-8,3.9
2026-09-18T18:15:28Z,s-p-james-8,5.2
2026-09-18T18:15:28.500000Z,s-p-james-8,3.9
2026-09-18T18:15:29Z,s-p-james-8,4.6
2026-09-18T18:15:29.500000Z,s-p-james-8,3.6
2026-09-18T18:15:30Z,s-p-james-8,5.1
2026-09-18T18:15:30.500000Z,s-p-james-8,5.4
2026-09-18T18:15:31Z,s-p-james-8,5.7
2026-09-18T18:15:31.500000Z,s-p-james-8,4.1
2026-09-18T18:15:32Z,s-p-james-8,5.9
2026-09-18T18:15:32.500000Z,s-p-james-8,3.8
2026-09-18T18:15:33Z,s-p-james-8,5.0
2026-09-18T18:15:33.500000Z,s-p-james-8,29.1
2026-09-18T18:15:34Z,s-p-james-8,50.8
2026-09-18T18:15:34.500000Z,s-p-james-8,60.8
2026-09-18T18:15:35Z,s-p-james-8,64.7
2026-09-18T18:15:35.500000Z,s-p-james-8,61.4
2026-09-18T18:15:36Z,s-p-james-8,42.9
2026-09-18T18:15:36.500000Z,s-p-james-8,20.5
2026-09-18T18:15:37Z,s-p-james-8,5.9
2026-09-18T18:15:37.500000Z,s-p-james-8,3.6
2026-09-18T18:15:38Z,s-p-james-8,3.9
2026-09-18T18:15:38.500000Z,s-p-james-8,3.3
2026-09-18T18:15:39Z,s-p-james-8,5.4
2026-09-18T18:15:39.500000Z,s-p-james-8,5.3
2026-09-18T18:15:40Z,s-p-james-8,5.7
2026-09-18T18:15:40.500000Z,s-p-james-8,4.3
2026-09-18T18:15:41Z,s-p-james-8,3.1
2026-09-18T18:15:41.500000Z,s-p-james-8,4.4
2026-09-18T18:15:42Z,s-p-james-8,4.5
2026-09-18T18:15:42.500000Z,s-p-james-8,3.6
2026-09-18T18:15:43Z,s-p-james-8,5.8
2026-09-18T18:15:43.500000Z,s-p-james-8,5.2
2026-09-18T18:15:44Z,s-p-james-8,4.6
2026-09-18T18:15:44.500000Z,s-p-james-8,5.3
2026-09-18T18:15:45Z,s-p-james-8,3.4
2026-09-18T18:15:45.500000Z,s-p-james-8,5.6
2026-09-18T18:15:46Z,s-p-james-8,5.5
2026-09-18T18:15:46.500000Z,s-p-james-8,5.8
2026-09-18T18:15:47Z,s-p-james-8,5.0
2026-09-18T18:15:47.500000Z,s-p-james-8,3.4
2026-09-18T18:15:48Z,s-p-james-8,5.2
2026-09-18T18:15:48.500000Z,s-p-james-8,4.4
2026-09-18T18:15:49Z,s-p-james-8,5.1
2026-09-18T18:15:49.500000Z,s-p-james-8,4.6
2026-09-18T18:15:50Z,s-p-james-8,3.0
2026-09-18T18:15:50.500000Z,s-p-james-8,5.8
2026-09-18T18:15:51Z,s-p-james-8,5.1
2026-09-18T18:15:51.500000Z,s-p-james-8,4.8
2026-09-18T18:15:52Z,s-p-james-8,3.3
2026-09-18T18:15:52.500000Z,s-p-james-8,4.4
2026-09-18T18:15:53Z,s-p-james-8,3.1
2026-09-18T18:15:53.500000Z,s-p-james-8,4.6
2026-09-18T18:15:54Z,s-p-james-8,5.0
2026-09-18T18:15:54.500000Z,s-p-james-8,3.9
2026-09-18T18:15:55Z,s-p-james-8,4.7
2026-09-18T18:15:55.500000Z,s-p-james-8,3.9
2026-09-18T18:15:56Z,s-p-james-8,5.7
2026-09-18T18:15:56.500000Z,s-p-james-8,4.0
2026-09-18T18:15:57Z,s-p-james-8,3.6
2026-09-18T18:15:57.500000Z,s-p-james-8,3.8
2026-09-18T18:15:58Z,s-p-james-8,4.0
2026-09-18T18:15:58.500000Z,s-p-james-8,4.3
2026-09-18T18:15:59Z,s-p-james-8,3.4
2026-09-18T18:15:59.500000Z,s-p-james-8,3.4
2026-09-18T18:16:00Z,s-p-james-8,3.8
2026-09-18T18:16:00.500000Z,s-p-james-8,3.0
2026-09-18T18:16:01Z,s-p-james-8,4.9
2026-09-18T18:16:01.500000Z,s-p-james-8,4.5
2026-09-18T18:16:02Z,s-p-james-8,3.6
2026-09-18T18:16:02.500000Z,s-p-james-8,4.1
2026-09-18T18:16:03Z,s-p-james-8,4.0
2026-09-18T18:16:03.500000Z,s-p-james-8,3.4
2026-09-18T18:16:04Z,s-p-james-8,5.1
2026-09-18T18:16:04.500000Z,s-p-james-8,3.8
2026-09-18T18:16:05Z,s-p-james-8,3.7
2026-09-18T18:16:05.500000Z,s-p-james-8,3.2
2026-09-18T18:16:06Z,s-p-james-8,4.8
2026-09-18T18:16:06.500000Z,s-p-james-8,4.0
2026-09-18T18:16:07Z,s-p-james-8,4.3
2026-09-18T18:16:07.500000Z,s-p-james-8,3.4
2026-09-18T18:16:08Z,s-p-james-8,4.4
2026-09-18T18:16:08.500000Z,s-p-james-8,5.0
2026-09-18T18:16:09Z,s-p-james-8,3.3
2026-09-18T18:16:09.500000Z,s-p-james-8,3.2
2026-09-18T18:16:10Z,s-p-james-8,4.3
2026-09-18T18:16:10.500000Z,s-p-james-8,3.5
2026-09-18T18:16:11Z,s-p-james-8,4.8
2026-09-22T19:53:00Z,s-p-james-4,5.1
2026-09-22T19:53:00.500000Z,s-p-james-4,5.0
2026-09-22T19:53:01Z,s-p-james-4,4.6
2026-09-22T19:53:01.500000Z,s-p-james-4,5.9
2026-09-22T19:53:02Z,s-p-james-4,5.3
2026-09-22T19:53:02.500000Z,s-p-james-4,4.4
2026-09-22T19:53:03Z,s-p-james-4,3.4
2026-09-22T19:53:03.500000Z,s-p-james-4,5.4
2026-09-22T19:53:04Z,s-p-james-4,5.8
2026-09-22T19:53:04.500000Z,s-p-james-4,4.4
2026-09-22T19:53:05Z,s-p-james-4,4.4
2026-09-22T19:53:05.500000Z,s-p-james-4,27.9
2026-09-22T19:53:06Z,s-p-james-4,52.6
2026-09-22T19:53:06.500000Z,s-p-james-4,66.5
2026-09-22T19:53:07Z,s-p-james-4,73.3
2026-09-22T19:53:07.500000Z,s-p-james-4,66.3
2026-09-22T19:53:08Z,s-p-james-4,49.8
2026-09-22T19:53:08.500000Z,s-p-james-4,28.9
2026-09-22T19:53:09Z,s-p-james-4,4.4
2026-09-22T19:53:09.500000Z,s-p-james-4,4.4
2026-09-22T19:53:10Z,s-p-james-4,3.5
2026-09-22T19:53:10.500000Z,s-p-james-4,5.3
2026-09-22T19:53:11Z,s-p-james-4,4.8
2026-09-22T19:53:11.500000Z,s-p-james-4,3.4
2026-09-22T19:53:12Z,s-p-james-4,3.3
2026-09-22T19:53:12.500000Z,s-p-james-4,5.5
2026-09-22T19:53:13Z,s-p-james-4,5.4
2026-09-22T19:53:13.500000Z,s-p-james-4,4.0
2026-09-22T19:53:14Z,s-p-james-4,4.9
2026-09-22T19:53:14.500000Z,s-p-james-4,5.4
2026-09-22T19:53:15Z,s-p-james-4,4.6
2026-09-22T19:53:15.500000Z,s-p-james-4,4.2
2026-09-22T19:53:16Z,s-p-james-4,4.2
2026-09-22T19:53:16.500000Z,s-p-james-4,4.9
2026-09-22T19:53:17Z,s-p-james-4,4.6
2026-09-22T19:53:17.500000Z,s-p-james-4,5.9
2026-09-22T19:53:18Z,s-p-james-4,4.2
2026-09-22T19:53:18.500000Z,s-p-james-4,4.0
2026-09-22T19:53:19Z,s-p-james-4,5.4
2026-09-22T19:53:19.500000Z,s-p-james-4,4.8
2026-09-22T19:53:20Z,s-p-james-4,5.4
2026-09-22T19:53:20.500000Z,s-p-james-4,4.3
2026-09-22T19:53:21Z,s-p-james-4,5.4
2026-09-22T19:53:21.500000Z,s-p-james-4,4.6
2026-09-22T19:53:22Z,s-p-james-4,3.7
2026-09-22T19:53:22.500000Z,s-p-james-4,5.0
2026-09-22T19:53:23Z,s-p-james-4,3.2
2026-09-22T19:53:23.500000Z,s-p-james-4,5.8
2026-09-22T19:53:24Z,s-p-james-4,27.6
2026-09-22T19:53:24.500000Z,s-p-james-4,51.2
2026-09-22T19:53:25Z,s-p-james-4,69.0
2026-09-22T19:53:25.500000Z,s-p-james-4,75.3
2026-09-22T19:53:26Z,s-p-james-4,65.4
2026-09-22T19:53:26.500000Z,s-p-james-4,51.9
2026-09-22T19:53:27Z,s-p-james-4,27.5
2026-09-22T19:53:27.500000Z,s-p-james-4,3.3
2026-09-22T19:53:28Z,s-p-james-4,5.7
2026-09-22T19:53:28.500000Z,s-p-james-4,5.7
2026-09-22T19:53:29Z,s-p-james-4,4.9
2026-09-22T19:53:29.500000Z,s-p-james-4,3.0
2026-09-22T19:53:30Z,s-p-james-4,3.4
2026-09-22T19:53:30.500000Z,s-p-james-4,3.4
2026-09-22T19:53:31Z,s-p-james-4,4.6
2026-09-22T19:53:31.500000Z,s-p-james-4,4.2
2026-09-22T19:53:32Z,s-p-james-4,4.7
2026-09-22T19:53:32.500000Z,s-p-james-4,3.6
2026-09-22T19:53:33Z,s-p-james-4,5.0
2026-09-22T19:53:33.500000Z,s-p-james-4,3.9
2026-09-22T19:53:34Z,s-p-james-4,4.7
2026-09-22T19:53:34.500000Z,s-p-james-4,5.7
2026-09-22T19:53:35Z,s-p-james-4,3.9
2026-09-22T19:53:35.500000Z,s-p-james-4,5.8
2026-09-22T19:53:36Z,s-p-james-4,4.3
2026-09-22T19:53:36.500000Z,s-p-james-4,5.9
2026-09-22T19:53:37Z,s-p-james-4,4.0
2026-09-22T19:53:37.500000Z,s-p-james-4,3.3
2026-09-22T19:53:38Z,s-p-james-4,3.0
2026-09-22T19:53:38.500000Z,s-p-james-4,6.0
2026-09-22T19:53:39Z,s-p-james-4,4.2
2026-09-22T19:53:39.500000Z,s-p-james-4,3.4
2026-09-22T19:53:40Z,s-p-james-4,3.9
2026-09-22T19:53:40.500000Z,s-p-james-4,4.1
2026-09-22T19:53:41Z,s-p-james-4,4.6
2026-09-22T19:53:41.500000Z,s-p-james-4,3.2
2026-09-22T19:53:42Z,s-p-james-4,5.1
2026-09-22T19:53:42.500000Z,s-p-james-4,27.0
2026-09-22T19:53:43Z,s-p-james-4,52.5
2026-09-22T19:53:43.500000Z,s-p-james-4,67.8
2026-09-22T19:53:44Z,s-p-james-4,73.4
2026-09-22T19:53:44.500000Z,s-p-james-4,66.9
2026-09-22T19:53:45Z,s-p-james-4,51.5
2026-09-22T19:53:45.500000Z,s-p-james-4,28.1
2026-09-22T19:53:46Z,s-p-james-4,5.8
2026-09-22T19:53:46.500000Z,s-p-james-4,3.5
2026-09-22T19:53:47Z,s-p-james-4,6.0
2026-09-22T19:53:47.500000Z,s-p-james-4,5.0
2026-09-22T19:53:48Z,s-p-james-4,3.4
2026-09-22T19:53:48.500000Z,s-p-james-4,3.2
2026-09-22T19:53:49Z,s-p-james-4,3.0
2026-09-22T19:53:49.500000Z,s-p-james-4,5.2
2026-09-22T19:53:50Z,s-p-james-4,4.5
2026-09-22T19:53:50.500000Z,s-p-james-4,4.3
2026-09-22T19:53:51Z,s-p-james-4,6.0
2026-09-22T19:53:51.500000Z,s-p-james-4,3.3
2026-09-22T19:53:52Z,s-p-james-4,4.9
2026-09-22T19:53:52.500000Z,s-p-james-4,4.2
2026-09-22T19:53:53Z,s-p-james-4,4.4
2026-09-22T19:53:53.500000Z,s-p-james-4,5.4
2026-09-22T19:53:54Z,s-p-james-4,4.8
2026-09-22T19:53:54.500000Z,s-p-james-4,4.3
2026-09-22T19:53:55Z,s-p-james-4,3.5
2026-09-22T19:53:55.500000Z,s-p-james-4,4.5
2026-09-22T19:53:56Z,s-p-james-4,4.7
2026-09-22T19:53:56.500000Z,s-p-james-4,4.4
2026-09-22T19:53:57Z,s-p-james-4,4.1
2026-09-22T19:53:57.500000Z,s-p-james-4,3.6
2026-09-22T19:53:58Z,s-p-james-4,4.8
2026-09-22T19:53:58.500000Z,s-p-james-4,4.7
2026-09-22T19:53:59Z,s-p-james-4,5.5
2026-09-22T19:53:59.500000Z,s-p-james-4,3.7
2026-09-22T19:54:00Z,s-p-james-4,4.5
2026-09-22T19:54:00.500000Z,s-p-james-4,4.2
2026-09-22T19:54:01Z,s-p-james-4,26.7
2026-09-22T19:54:01.500000Z,s-p-james-4,50.5
2026-09-22T19:54:02Z,s-p-james-4,67.3
2026-09-22T19:54:02.500000Z,s-p-james-4,74.8
2026-09-22T19:54:03Z,s-p-james-4,64.5
2026-09-22T19:54:03.500000Z,s-p-james-4,50.2
2026-09-22T19:54:04Z,s-p-james-4,28.8
2026-09-22T19:54:04.500000Z,s-p-james-4,5.7
2026-09-22T19:54:05Z,s-p-james-4,4.4
2026-09-22T19:54:05.500000Z,s-p-james-4,5.2
2026-09-22T19:54:06Z,s-p-james-4,5.9
2026-09-22T19:54:06.500000Z,s-p-james-4,3.2
2026-09-22T19:54:07Z,s-p-james-4,4.9
2026-09-22T19:54:07.500000Z,s-p-james-4,5.4
2026-09-22T19:54:08Z,s-p-james-4,3.9
2026-09-22T19:54:08.500000Z,s-p-james-4,3.2
2026-09-22T19:54:09Z,s-p-james-4,4.0
2026-09-22T19:54:09.500000Z,s-p-james-4,5.3
2026-09-22T19:54:10Z,s-p-james-4,4.4
2026-09-22T19:54:10.500000Z,s-p-james-4,4.5
2026-09-22T19:54:11Z,s-p-james-4,4.4
2026-09-22T19:54:11.500000Z,s-p-james-4,5.2
2026-09-22T19:54:12Z,s-p-james-4,4.3
2026-09-22T19:54:12.500000Z,s-p-james-4,5.9
2026-09-22T19:54:13Z,s-p-james-4,5.4
2026-09-22T19:54:13.500000Z,s-p-james-4,3.9
2026-09-22T19:54:14Z,s-p-james-4,3.1
2026-09-22T19:54:14.500000Z,s-p-james-4,5.8
2026-09-22T19:54:15Z,s-p-james-4,5.2
2026-09-22T19:54:15.500000Z,s-p-james-4,5.2
2026-09-22T19:54:16Z,s-p-james-4,4.7
2026-09-22T19:54:16.500000Z,s-p-james-4,3.2
2026-09-22T19:54:17Z,s-p-james-4,4.4
2026-09-22T19:54:17.500000Z,s-p-james-4,3.5
2026-09-22T19:54:18Z,s-p-james-4,3.2
2026-09-22T19:54:18.500000Z,s-p-james-4,6.0
2026-09-22T19:54:19Z,s-p-james-4,5.4
2026-09-22T19:54:19.500000Z,s-p-james-4,28.8
2026-09-22T19:54:20Z,s-p-james-4,49.9
2026-09-22T19:54:20.500000Z,s-p-james-4,69.2
2026-09-22T19:54:21Z,s-p-james-4,70.6
2026-09-22T19:54:21.500000Z,s-p-james-4,69.3
2026-09-22T19:54:22Z,s-p-james-4,51.0
2026-09-22T19:54:22.500000Z,s-p-james-4,27.9
2026-09-22T19:54:23Z,s-p-james-4,5.4
2026-09-22T19:54:23.500000Z,s-p-james-4,5.1
2026-09-22T19:54:24Z,s-p-james-4,4.5
2026-09-22T19:54:24.500000Z,s-p-james-4,5.4
2026-09-22T19:54:25Z,s-p-james-4,5.6
2026-09-22T19:54:25.500000Z,s-p-james-4,4.0
2026-09-22T19:54:26Z,s-p-james-4,3.3
2026-09-22T19:54:26.500000Z,s-p-james-4,3.4
2026-09-22T19:54:27Z,s-p-james-4,5.8
2026-09-22T19:54:27.500000Z,s-p-james-4,3.5
2026-09-22T19:54:28Z,s-p-james-4,4.5
2026-09-22T19:54:28.500000Z,s-p-james-4,6.0
2026-09-22T19:54:29Z,s-p-james-4,5.3
2026-09-22T19:54:29.500000Z,s-p-james-4,3.7
2026-09-22T19:54:30Z,s-p-james-4,4.3
2026-09-22T19:54:30.500000Z,s-p-james-4,4.9
2026-09-22T19:54:31Z,s-p-james-4,3.6
2026-09-22T19:54:31.500000Z,s-p-james-4,5.2
2026-09-22T19:54:32Z,s-p-james-4,4.0
2026-09-22T19:54:32.500000Z,s-p-james-4,4.9
2026-09-22T19:54:33Z,s-p-james-4,5.3
2026-09-22T19:54:33.500000Z,s-p-james-4,3.3
2026-09-22T19:54:34Z,s-p-james-4,3.5
2026-09-22T19:54:34.500000Z,s-p-james-4,4.2
2026-09-22T19:54:35Z,s-p-james-4,3.9
2026-09-22T19:54:35.500000Z,s-p-james-4,5.2
2026-09-22T19:54:36Z,s-p-james-4,5.3
2026-09-22T19:54:36.500000Z,s-p-james-4,4.6
2026-09-22T19:54:37Z,s-p-james-4,4.1
2026-09-22T19:54:37.500000Z,s-p-james-4,5.1
2026-09-22T19:54:38Z,s-p-james-4,27.0
2026-09-22T19:54:38.500000Z,s-p-james-4,49.6
2026-09-22T19:54:39Z,s-p-james-4,66.2
2026-09-22T19:54:39.500000Z,s-p-james-4,71.6
2026-09-22T19:54:40Z,s-p-james-4,64.9
2026-09-22T19:54:40.500000Z,s-p-james-4,49.5
2026-09-22T19:54:41Z,s-p-james-4,26.9
2026-09-22T19:54:41.500000Z,s-p-james-4,5.6
2026-09-22T19:54:42Z,s-p-james-4,3.8
2026-09-22T19:54:42.500000Z,s-p-james-4,3.3
2026-09-22T19:54:43Z,s-p-james-4,5.0
2026-09-22T19:54:43.500000Z,s-p-james-4,4.2
2026-09-22T19:54:44Z,s-p-james-4,5.3
2026-09-22T19:54:44.500000Z,s-p-james-4,5.2
2026-09-22T19:54:45Z,s-p-james-4,5.2
2026-09-22T19:54:45.500000Z,s-p-james-4,4.8
2026-09-22T19:54:46Z,s-p-james-4,3.6
2026-09-22T19:54:46.500000Z,s-p-james-4,4.0
2026-09-22T19:54:47Z,s-p-james-4,5.1
2026-09-22T19:54:47.500000Z,s-p-james-4,3.5
2026-09-22T19:54:48Z,s-p-james-4,4.6
2026-09-22T19:54:48.500000Z,s-p-james-4,5.0
2026-09-22T19:54:49Z,s-p-james-4,5.5
2026-09-22T19:54:49.500000Z,s-p-james-4,3.0
2026-09-22T19:54:50Z,s-p-james-4,3.3
2026-09-22T19:54:50.500000Z,s-p-james-4,3.3
2026-09-22T19:54:51Z,s-p-james-4,4.3
2026-09-22T19:54:51.500000Z,s-p-james-4,3.7
2026-09-22T19:54:52Z,s-p-james-4,3.8
2026-09-22T19:54:52.500000Z,s-p-james-4,3.6
2026-09-22T19:54:53Z,s-p-james-4,3.1
2026-09-22T19:54:53.500000Z,s-p-james-4,3.3
2026-09-22T19:54:54Z,s-p-james-4,5.8
2026-09-22T19:54:54.500000Z,s-p-james-4,5.0
2026-09-22T19:54:55Z,s-p-james-4,5.5
2026-09-22T19:54:55.500000Z,s-p-james-4,5.9
2026-09-22T19:54:56Z,s-p-james-4,4.9
2026-09-22T19:54:56.500000Z,s-p-james-4,27.0
2026-09-22T19:54:57Z,s-p-james-4,50.7
2026-09-22T19:54:57.500000Z,s-p-james-4,66.8
2026-09-22T19:54:58Z,s-p-james-4,70.3
2026-09-22T19:54:58.500000Z,s-p-james-4,68.5
2026-09-22T19:54:59Z,s-p-james-4,49.6
2026-09-22T19:54:59.500000Z,s-p-james-4,26.9
2026-09-22T19:55:00Z,s-p-james-4,3.8
2026-09-22T19:55:00.500000Z,s-p-james-4,5.7
2026-09-22T19:55:01Z,s-p-james-4,5.3
2026-09-22T19:55:01.500000Z,s-p-james-4,4.0
2026-09-22T19:55:02Z,s-p-james-4,3.5
2026-09-22T19:55:02.500000Z,s-p-james-4,3.2
2026-09-22T19:55:03Z,s-p-james-4,5.3
2026-09-22T19:55:03.500000Z,s-p-james-4,4.1
2026-09-22T19:55:04Z,s-p-james-4,4.0
2026-09-22T19:55:04.500000Z,s-p-james-4,3.2
2026-09-22T19:55:05Z,s-p-james-4,5.9
2026-09-22T19:55:05.500000Z,s-p-james-4,3.8
2026-09-22T19:55:06Z,s-p-james-4,4.3
2026-09-22T19:55:06.500000Z,s-p-james-4,4.5
2026-09-22T19:55:07Z,s-p-james-4,5.8
2026-09-22T19:55:07.500000Z,s-p-james-4,4.8
2026-09-22T19:55:08Z,s-p-james-4,3.5
2026-09-22T19:55:08.500000Z,s-p-james-4,4.5
2026-09-22T19:55:09Z,s-p-james-4,3.4
2026-09-22T19:55:09.500000Z,s-p-james-4,5.3
2026-09-22T19:55:10Z,s-p-james-4,3.7
2026-09-22T19:55:10.500000Z,s-p-james-4,4.9
2026-09-22T19:55:11Z,s-p-james-4,5.7
2026-09-22T19:55:11.500000Z,s-p-james-4,5.1
2026-09-22T19:55:12Z,s-p-james-4,3.3
2026-09-22T19:55:12.500000Z,s-p-james-4,3.2
2026-09-22T19:55:13Z,s-p-james-4,4.7
2026-09-22T19:55:13.500000Z,s-p-james-4,3.8
2026-09-22T19:55:14Z,s-p-james-4,4.3
2026-09-22T19:55:14.500000Z,s-p-james-4,5.7
2026-09-22T19:55:15Z,s-p-james-4,26.8
2026-09-22T19:55:15.500000Z,s-p-james-4,52.4
2026-09-22T19:55:16Z,s-p-james-4,64.9
2026-09-22T19:55:16.500000Z,s-p-james-4,72.6
2026-09-22T19:55:17Z,s-p-james-4,67.2
2026-09-22T19:55:17.500000Z,s-p-james-4,49.9
2026-09-22T19:55:18Z,s-p-james-4,27.2
2026-09-22T19:55:18.500000Z,s-p-james-4,4.6
2026-09-22T19:55:19Z,s-p-james-4,5.9
2026-09-22T19:55:19.500000Z,s-p-james-4,5.5
2026-09-22T19:55:20Z,s-p-james-4,4.4
2026-09-22T19:55:20.500000Z,s-p-james-4,4.7
2026-09-22T19:55:21Z,s-p-james-4,5.8
2026-09-22T19:55:21.500000Z,s-p-james-4,4.1
2026-09-22T19:55:22Z,s-p-james-4,5.0
2026-09-22T19:55:22.500000Z,s-p-james-4,4.2
2026-09-22T19:55:23Z,s-p-james-4,4.9
2026-09-22T19:55:23.500000Z,s-p-james-4,5.9
2026-09-22T19:55:24Z,s-p-james-4,3.3
2026-09-22T19:55:24.500000Z,s-p-james-4,4.6
2026-09-22T19:55:25Z,s-p-james-4,5.9
2026-09-22T19:55:25.500000Z,s-p-james-4,3.2
2026-09-22T19:55:26Z,s-p-james-4,4.4
2026-09-22T19:55:26.500000Z,s-p-james-4,5.3
2026-09-22T19:55:27Z,s-p-james-4,4.9
2026-09-22T19:55:27.500000Z,s-p-james-4,3.5
2026-09-22T19:55:28Z,s-p-james-4,3.1
2026-09-22T19:55:28.500000Z,s-p-james-4,4.2
2026-09-22T19:55:29Z,s-p-james-4,3.6
2026-09-22T19:55:29.500000Z,s-p-james-4,5.1
2026-09-22T19:55:30Z,s-p-james-4,5.7
2026-09-22T19:55:30.500000Z,s-p-james-4,4.9
2026-09-22T19:55:31Z,s-p-james-4,4.1
2026-09-22T19:55:31.500000Z,s-p-james-4,3.3
2026-09-22T19:55:32Z,s-p-james-4,4.9
2026-09-22T19:55:32.500000Z,s-p-james-4,5.2
2026-09-22T19:55:33Z,s-p-james-4,3.4
2026-09-22T19:55:33.500000Z,s-p-james-4,27.6
2026-09-22T19:55:34Z,s-p-james-4,53.3
2026-09-22T19:55:34.500000Z,s-p-james-4,68.2
2026-09-22T19:55:35Z,s-p-james-4,70.7
2026-09-22T19:55:35.500000Z,s-p-james-4,64.4
2026-09-22T19:55:36Z,s-p-james-4,53.3
2026-09-22T19:55:36.500000Z,s-p-james-4,28.9
2026-09-22T19:55:37Z,s-p-james-4,3.4
2026-09-22T19:55:37.500000Z,s-p-james-4,5.0
2026-09-22T19:55:38Z,s-p-james-4,4.4
2026-09-22T19:55:38.500000Z,s-p-james-4,5.0
2026-09-22T19:55:39Z,s-p-james-4,5.6
2026-09-22T19:55:39.500000Z,s-p-james-4,3.4
2026-09-22T19:55:40Z,s-p-james-4,4.7
2026-09-22T19:55:40.500000Z,s-p-james-4,5.8
2026-09-22T19:55:41Z,s-p-james-4,3.1
2026-09-22T19:55:41.500000Z,s-p-james-4,3.4
2026-09-22T19:55:42Z,s-p-james-4,5.0
2026-09-22T19:55:42.500000Z,s-p-james-4,4.4
2026-09-22T19:55:43Z,s-p-james-4,5.8
2026-09-22T19:55:43.500000Z,s-p-james-4,3.1
2026-09-22T19:55:44Z,s-p-james-4,5.1
2026-09-22T19:55:44.500000Z,s-p-james-4,3.4
2026-09-22T19:55:45Z,s-p-james-4,3.5
2026-09-22T19:55:45.500000Z,s-p-james-4,3.1
2026-09-22T19:55:46Z,s-p-james-4,3.9
2026-09-22T19:55:46.500000Z,s-p-james-4,5.4
2026-09-22T19:55:47Z,s-p-james-4,4.4
2026-09-22T19:55:47.500000Z,s-p-james-4,3.5
2026-09-22T19:55:48Z,s-p-james-4,4.8
2026-09-22T19:55:48.500000Z,s-p-james-4,5.5
2026-09-22T19:55:49Z,s-p-james-4,3.3
2026-09-22T19:55:49.500000Z,s-p-james-4,4.5
2026-09-22T19:55:50Z,s-p-james-4,5.4
2026-09-22T19:55:50.500000Z,s-p-james-4,3.7
2026-09-22T19:55:51Z,s-p-james-4,5.4
2026-09-22T19:55:51.500000Z,s-p-james-4,4.3
2026-09-22T19:55:52Z,s-p-james-4,27.4
2026-09-22T19:55:52.500000Z,s-p-james-4,49.4
2026-09-22T19:55:53Z,s-p-james-4,69.2
2026-09-22T19:55:53.500000Z,s-p-james-4,70.9
2026-09-22T19:55:54Z,s-p-james-4,66.7
2026-09-22T19:55:54.500000Z,s-p-james-4,53.0
2026-09-22T19:55:55Z,s-p-james-4,28.0
2026-09-22T19:55:55.500000Z,s-p-james-4,5.1
2026-09-22T19:55:56Z,s-p-james-4,4.3
2026-09-22T19:55:56.500000Z,s-p-james-4,5.8
2026-09-22T19:55:57Z,s-p-james-4,3.1
2026-09-22T19:55:57.500000Z,s-p-james-4,3.3
2026-09-22T19:55:58Z,s-p-james-4,5.5
2026-09-22T19:55:58.500000Z,s-p-james-4,4.8
2026-09-22T19:55:59Z,s-p-james-4,5.3
2026-09-22T19:55:59.500000Z,s-p-james-4,3.0
2026-09-22T19:56:00Z,s-p-james-4,4.5
2026-09-22T19:56:00.500000Z,s-p-james-4,3.0
2026-09-22T19:56:01Z,s-p-james-4,3.5
2026-09-22T19:56:01.500000Z,s-p-james-4,3.3
2026-09-22T19:56:02Z,s-p-james-4,5.0
2026-09-22T19:56:02.500000Z,s-p-james-4,5.7
2026-09-22T19:56:03Z,s-p-james-4,4.2
2026-09-22T19:56:03.500000Z,s-p-james-4,5.4
2026-09-22T19:56:04Z,s-p-james-4,5.3
2026-09-22T19:56:04.500000Z,s-p-james-4,5.1
2026-09-22T19:56:05Z,s-p-james-4,3.6
2026-09-22T19:56:05.500000Z,s-p-james-4,4.9
2026-09-22T19:56:06Z,s-p-james-4,4.6
2026-09-22T19:56:06.500000Z,s-p-james-4,4.2
2026-09-22T19:56:07Z,s-p-james-4,5.8
2026-09-22T19:56:07.500000Z,s-p-james-4,4.8
2026-09-22T19:56:08Z,s-p-james-4,3.1
2026-09-22T19:56:08.500000Z,s-p-james-4,3.5
2026-09-22T19:56:09Z,s-p-james-4,4.5
2026-09-22T19:56:09.500000Z,s-p-james-4,5.9
2026-09-22T19:56:10Z,s-p-james-4,4.9
2026-09-22T19:56:10.500000Z,s-p-james-4,5.3
2026-09-22T19:56:11Z,s-p-james-4,4.0
2026-09-22T19:56:11.500000Z,s-p-james-4,3.0
2026-09-22T19:56:12Z,s-p-james-4,3.7
2026-09-22T19:56:12.500000Z,s-p-james-4,3.4
2026-09-22T19:56:13Z,s-p-james-4,4.6
2026-09-22T19:56:13.500000Z,s-p-james-4,3.3
2026-09-22T19:56:14Z,s-p-james-4,4.1
2026-09-22T19:56:14.500000Z,s-p-james-4,5.3
2026-09-22T19:56:15Z,s-p-james-4,4.6
2026-09-22T19:56:15.500000Z,s-p-james-4,3.7
2026-09-22T19:56:16Z,s-p-james-4,5.3
2026-09-22T19:56:16.500000Z,s-p-james-4,5.0
2026-09-22T19:56:17Z,s-p-james-4,3.8
2026-09-22T19:56:17.500000Z,s-p-james-4,3.6
2026-09-22T19:56:18Z,s-p-james-4,5.4
2026-09-22T19:56:18.500000Z,s-p-james-4,5.1
2026-09-22T19:56:19Z,s-p-james-4,5.9
2026-09-22T19:56:19.500000Z,s-p-james-4,4.4
2026-09-22T19:56:20Z,s-p-james-4,3.5
2026-09-22T19:56:20.500000Z,s-p-james-4,5.0
2026-09-22T19:56:21Z,s-p-james-4,3.1
2026-09-22T19:56:21.500000Z,s-p-james-4,4.9
2026-09-22T19:56:22Z,s-p-james-4,3.9
2026-09-22T19:56:22.500000Z,s-p-james-4,4.3
2026-09-22T19:56:23Z,s-p-james-4,4.0
2026-09-22T19:56:23.500000Z,s-p-james-4,5.4
2026-09-22T19:56:24Z,s-p-james-4,5.3
2026-09-22T19:56:24.500000Z,s-p-james-4,3.1
2026-09-22T19:56:25Z,s-p-james-4,5.2
2026-09-25T17:10:00Z,s-p-james-1,4.3
2026-09-25T17:10:00.500000Z,s-p-james-1,4.7
2026-09-25T17:10:01Z,s-p-james-1,4.3
2026-09-25T17:10:01.500000Z,s-p-james-1,5.2
2026-09-25T17:10:02Z,s-p-james-1,5.7
2026-09-25T17:10:02.500000Z,s-p-james-1,3.7
2026-09-25T17:10:03Z,s-p-james-1,3.3
2026-09-25T17:10:03.500000Z,s-p-james-1,3.7
2026-09-25T17:10:04Z,s-p-james-1,3.7
2026-09-25T17:10:04.500000Z,s-p-james-1,4.2
2026-09-25T17:10:05Z,s-p-james-1,3.6
2026-09-25T17:10:05.500000Z,s-p-james-1,29.2
2026-09-25T17:10:06Z,s-p-james-1,54.6
2026-09-25T17:10:06.500000Z,s-p-james-1,70.4
2026-09-25T17:10:07Z,s-p-james-1,77.7
2026-09-25T17:10:07.500000Z,s-p-james-1,72.7
2026-09-25T17:10:08Z,s-p-james-1,55.4
2026-09-25T17:10:08.500000Z,s-p-james-1,30.5
2026-09-25T17:10:09Z,s-p-james-1,4.7
2026-09-25T17:10:09.500000Z,s-p-james-1,3.3
2026-09-25T17:10:10Z,s-p-james-1,4.4
2026-09-25T17:10:10.500000Z,s-p-james-1,4.3
2026-09-25T17:10:11Z,s-p-james-1,5.3
2026-09-25T17:10:11.500000Z,s-p-james-1,3.7
2026-09-25T17:10:12Z,s-p-james-1,3.9
2026-09-25T17:10:12.500000Z,s-p-james-1,3.5
2026-09-25T17:10:13Z,s-p-james-1,5.4
2026-09-25T17:10:13.500000Z,s-p-james-1,5.9
2026-09-25T17:10:14Z,s-p-james-1,5.7
2026-09-25T17:10:14.500000Z,s-p-james-1,4.7
2026-09-25T17:10:15Z,s-p-james-1,4.7
2026-09-25T17:10:15.500000Z,s-p-james-1,3.7
2026-09-25T17:10:16Z,s-p-james-1,4.2
2026-09-25T17:10:16.500000Z,s-p-james-1,4.6
2026-09-25T17:10:17Z,s-p-james-1,5.6
2026-09-25T17:10:17.500000Z,s-p-james-1,3.6
2026-09-25T17:10:18Z,s-p-james-1,4.4
2026-09-25T17:10:18.500000Z,s-p-james-1,4.4
2026-09-25T17:10:19Z,s-p-james-1,3.0
2026-09-25T17:10:19.500000Z,s-p-james-1,4.3
2026-09-25T17:10:20Z,s-p-james-1,5.6
2026-09-25T17:10:20.500000Z,s-p-james-1,3.7
2026-09-25T17:10:21Z,s-p-james-1,4.3
2026-09-25T17:10:21.500000Z,s-p-james-1,3.7
2026-09-25T17:10:22Z,s-p-james-1,5.8
2026-09-25T17:10:22.500000Z,s-p-james-1,5.8
2026-09-25T17:10:23Z,s-p-james-1,5.7
2026-09-25T17:10:23.500000Z,s-p-james-1,5.7
2026-09-25T17:10:24Z,s-p-james-1,4.3
2026-09-25T17:10:24.500000Z,s-p-james-1,3.1
2026-09-25T17:10:25Z,s-p-james-1,6.0
2026-09-25T17:10:25.500000Z,s-p-james-1,5.2
2026-09-25T17:10:26Z,s-p-james-1,4.5
2026-09-25T17:10:26.500000Z,s-p-james-1,4.3
2026-09-25T17:10:27Z,s-p-james-1,4.2
2026-09-25T17:10:27.500000Z,s-p-james-1,5.4
2026-09-25T17:10:28Z,s-p-james-1,5.1
2026-09-25T17:10:28.500000Z,s-p-james-1,3.3
2026-09-25T17:10:29Z,s-p-james-1,4.5
2026-09-25T17:10:29.500000Z,s-p-james-1,3.2
2026-09-25T17:10:30Z,s-p-james-1,5.3
2026-09-25T17:10:30.500000Z,s-p-james-1,18.1
2026-09-25T17:10:31Z,s-p-james-1,45.7
2026-09-25T17:10:31.500000Z,s-p-james-1,63.0
2026-09-25T17:10:32Z,s-p-james-1,75.0
2026-09-25T17:10:32.500000Z,s-p-james-1,75.0
2026-09-25T17:10:33Z,s-p-james-1,61.8
2026-09-25T17:10:33.500000Z,s-p-james-1,40.3
2026-09-25T17:10:34Z,s-p-james-1,11.8
2026-09-25T17:10:34.500000Z,s-p-james-1,3.6
2026-09-25T17:10:35Z,s-p-james-1,5.6
2026-09-25T17:10:35.500000Z,s-p-james-1,4.9
2026-09-25T17:10:36Z,s-p-james-1,5.1
2026-09-25T17:10:36.500000Z,s-p-james-1,3.0
2026-09-25T17:10:37Z,s-p-james-1,4.9
2026-09-25T17:10:37.500000Z,s-p-james-1,4.2
2026-09-25T17:10:38Z,s-p-james-1,5.1
2026-09-25T17:10:38.500000Z,s-p-james-1,4.6
2026-09-25T17:10:39Z,s-p-james-1,3.9
2026-09-25T17:10:39.500000Z,s-p-james-1,5.3
2026-09-25T17:10:40Z,s-p-james-1,5.1
2026-09-25T17:10:40.500000Z,s-p-james-1,4.8
2026-09-25T17:10:41Z,s-p-james-1,4.7
2026-09-25T17:10:41.500000Z,s-p-james-1,3.6
2026-09-25T17:10:42Z,s-p-james-1,5.1
2026-09-25T17:10:42.500000Z,s-p-james-1,4.9
2026-09-25T17:10:43Z,s-p-james-1,4.0
2026-09-25T17:10:43.500000Z,s-p-james-1,5.8
2026-09-25T17:10:44Z,s-p-james-1,4.5
2026-09-25T17:10:44.500000Z,s-p-james-1,5.7
2026-09-25T17:10:45Z,s-p-james-1,4.1
2026-09-25T17:10:45.500000Z,s-p-james-1,3.2
2026-09-25T17:10:46Z,s-p-james-1,4.1
2026-09-25T17:10:46.500000Z,s-p-james-1,4.4
2026-09-25T17:10:47Z,s-p-james-1,3.1
2026-09-25T17:10:47.500000Z,s-p-james-1,4.1
2026-09-25T17:10:48Z,s-p-james-1,4.9
2026-09-25T17:10:48.500000Z,s-p-james-1,5.1
2026-09-25T17:10:49Z,s-p-james-1,4.7
2026-09-25T17:10:49.500000Z,s-p-james-1,5.3
2026-09-25T17:10:50Z,s-p-james-1,3.4
2026-09-25T17:10:50.500000Z,s-p-james-1,4.0
2026-09-25T17:10:51Z,s-p-james-1,4.6
2026-09-25T17:10:51.500000Z,s-p-james-1,4.9
2026-09-25T17:10:52Z,s-p-james-1,5.2
2026-09-25T17:10:52.500000Z,s-p-james-1,5.3
2026-09-25T17:10:53Z,s-p-james-1,5.6
2026-09-25T17:10:53.500000Z,s-p-james-1,5.1
2026-09-25T17:10:54Z,s-p-james-1,5.3
2026-09-25T17:10:54.500000Z,s-p-james-1,5.3
2026-09-25T17:10:55Z,s-p-james-1,4.0
2026-09-25T17:10:55.500000Z,s-p-james-1,6.0
2026-09-25T17:10:56Z,s-p-james-1,36.1
2026-09-25T17:10:56.500000Z,s-p-james-1,58.7
2026-09-25T17:10:57Z,s-p-james-1,71.3
2026-09-25T17:10:57.500000Z,s-p-james-1,76.5
2026-09-25T17:10:58Z,s-p-james-1,66.4
2026-09-25T17:10:58.500000Z,s-p-james-1,50.5
2026-09-25T17:10:59Z,s-p-james-1,23.4
2026-09-25T17:10:59.500000Z,s-p-james-1,5.9
2026-09-25T17:11:00Z,s-p-james-1,5.6
2026-09-25T17:11:00.500000Z,s-p-james-1,3.6
2026-09-25T17:11:01Z,s-p-james-1,5.7
2026-09-25T17:11:01.500000Z,s-p-james-1,3.3
2026-09-25T17:11:02Z,s-p-james-1,4.2
2026-09-25T17:11:02.500000Z,s-p-james-1,3.5
2026-09-25T17:11:03Z,s-p-james-1,5.9
2026-09-25T17:11:03.500000Z,s-p-james-1,3.2
2026-09-25T17:11:04Z,s-p-james-1,3.5
2026-09-25T17:11:04.500000Z,s-p-james-1,3.3
2026-09-25T17:11:05Z,s-p-james-1,3.4
2026-09-25T17:11:05.500000Z,s-p-james-1,3.5
2026-09-25T17:11:06Z,s-p-james-1,3.6
2026-09-25T17:11:06.500000Z,s-p-james-1,5.9
2026-09-25T17:11:07Z,s-p-james-1,3.1
2026-09-25T17:11:07.500000Z,s-p-james-1,4.2
2026-09-25T17:11:08Z,s-p-james-1,5.0
2026-09-25T17:11:08.500000Z,s-p-james-1,5.8
2026-09-25T17:11:09Z,s-p-james-1,4.4
2026-09-25T17:11:09.500000Z,s-p-james-1,4.3
2026-09-25T17:11:10Z,s-p-james-1,5.2
2026-09-25T17:11:10.500000Z,s-p-james-1,3.1
2026-09-25T17:11:11Z,s-p-james-1,3.6
2026-09-25T17:11:11.500000Z,s-p-james-1,3.1
2026-09-25T17:11:12Z,s-p-james-1,5.4
2026-09-25T17:11:12.500000Z,s-p-james-1,5.5
2026-09-25T17:11:13Z,s-p-james-1,4.6
2026-09-25T17:11:13.500000Z,s-p-james-1,4.0
2026-09-25T17:11:14Z,s-p-james-1,4.7
2026-09-25T17:11:14.500000Z,s-p-james-1,5.0
2026-09-25T17:11:15Z,s-p-james-1,5.4
2026-09-25T17:11:15.500000Z,s-p-james-1,4.5
2026-09-25T17:11:16Z,s-p-james-1,5.0
2026-09-25T17:11:16.500000Z,s-p-james-1,4.6
2026-09-25T17:11:17Z,s-p-james-1,4.6
2026-09-25T17:11:17.500000Z,s-p-james-1,4.4
2026-09-25T17:11:18Z,s-p-james-1,4.7
2026-09-25T17:11:18.500000Z,s-p-james-1,5.7
2026-09-25T17:11:19Z,s-p-james-1,3.9
2026-09-25T17:11:19.500000Z,s-p-james-1,5.4
2026-09-25T17:11:20Z,s-p-james-1,3.7
2026-09-25T17:11:20.500000Z,s-p-james-1,4.1
2026-09-25T17:11:21Z,s-p-james-1,23.1
2026-09-25T17:11:21.500000Z,s-p-james-1,50.8
2026-09-25T17:11:22Z,s-p-james-1,67.9
2026-09-25T17:11:22.500000Z,s-p-james-1,76.5
2026-09-25T17:11:23Z,s-p-james-1,75.0
2026-09-25T17:11:23.500000Z,s-p-james-1,56.6
2026-09-25T17:11:24Z,s-p-james-1,35.8
2026-09-25T17:11:24.500000Z,s-p-james-1,5.8
2026-09-25T17:11:25Z,s-p-james-1,4.7
2026-09-25T17:11:25.500000Z,s-p-james-1,4.3
2026-09-25T17:11:26Z,s-p-james-1,4.1
2026-09-25T17:11:26.500000Z,s-p-james-1,3.6
2026-09-25T17:11:27Z,s-p-james-1,5.1
2026-09-25T17:11:27.500000Z,s-p-james-1,5.0
2026-09-25T17:11:28Z,s-p-james-1,5.9
2026-09-25T17:11:28.500000Z,s-p-james-1,3.4
2026-09-25T17:11:29Z,s-p-james-1,4.3
2026-09-25T17:11:29.500000Z,s-p-james-1,5.9
2026-09-25T17:11:30Z,s-p-james-1,4.6
2026-09-25T17:11:30.500000Z,s-p-james-1,3.4
2026-09-25T17:11:31Z,s-p-james-1,3.1
2026-09-25T17:11:31.500000Z,s-p-james-1,5.8
2026-09-25T17:11:32Z,s-p-james-1,5.3
2026-09-25T17:11:32.500000Z,s-p-james-1,5.8
2026-09-25T17:11:33Z,s-p-james-1,5.8
2026-09-25T17:11:33.500000Z,s-p-james-1,3.5
2026-09-25T17:11:34Z,s-p-james-1,5.9
2026-09-25T17:11:34.500000Z,s-p-james-1,4.6
2026-09-25T17:11:35Z,s-p-james-1,4.5
2026-09-25T17:11:35.500000Z,s-p-james-1,4.9
2026-09-25T17:11:36Z,s-p-james-1,3.9
2026-09-25T17:11:36.500000Z,s-p-james-1,5.7
2026-09-25T17:11:37Z,s-p-james-1,5.9
2026-09-25T17:11:37.500000Z,s-p-james-1,5.3
2026-09-25T17:11:38Z,s-p-james-1,6.0
2026-09-25T17:11:38.500000Z,s-p-james-1,5.0
2026-09-25T17:11:39Z,s-p-james-1,5.4
2026-09-25T17:11:39.500000Z,s-p-james-1,5.2
2026-09-25T17:11:40Z,s-p-james-1,5.8
2026-09-25T17:11:40.500000Z,s-p-james-1,4.0
2026-09-25T17:11:41Z,s-p-james-1,3.3
2026-09-25T17:11:41.500000Z,s-p-james-1,4.4
2026-09-25T17:11:42Z,s-p-james-1,3.1
2026-09-25T17:11:42.500000Z,s-p-james-1,5.0
2026-09-25T17:11:43Z,s-p-james-1,3.4
2026-09-25T17:11:43.500000Z,s-p-james-1,3.1
2026-09-25T17:11:44Z,s-p-james-1,4.9
2026-09-25T17:11:44.500000Z,s-p-james-1,3.7
2026-09-25T17:11:45Z,s-p-james-1,4.1
2026-09-25T17:11:45.500000Z,s-p-james-1,4.0
2026-09-25T17:11:46Z,s-p-james-1,12.3
2026-09-25T17:11:46.500000Z,s-p-james-1,39.3
2026-09-25T17:11:47Z,s-p-james-1,63.7
2026-09-25T17:11:47.500000Z,s-p-james-1,72.7
2026-09-25T17:11:48Z,s-p-james-1,73.2
2026-09-25T17:11:48.500000Z,s-p-james-1,66.1
2026-09-25T17:11:49Z,s-p-james-1,44.8
2026-09-25T17:11:49.500000Z,s-p-james-1,18.6
2026-09-25T17:11:50Z,s-p-james-1,5.0
2026-09-25T17:11:50.500000Z,s-p-james-1,4.2
2026-09-25T17:11:51Z,s-p-james-1,5.1
2026-09-25T17:11:51.500000Z,s-p-james-1,4.3
2026-09-25T17:11:52Z,s-p-james-1,4.2
2026-09-25T17:11:52.500000Z,s-p-james-1,3.0
2026-09-25T17:11:53Z,s-p-james-1,4.0
2026-09-25T17:11:53.500000Z,s-p-james-1,3.9
2026-09-25T17:11:54Z,s-p-james-1,4.3
2026-09-25T17:11:54.500000Z,s-p-james-1,4.7
2026-09-25T17:11:55Z,s-p-james-1,3.6
2026-09-25T17:11:55.500000Z,s-p-james-1,5.7
2026-09-25T17:11:56Z,s-p-james-1,5.2
2026-09-25T17:11:56.500000Z,s-p-james-1,4.2
2026-09-25T17:11:57Z,s-p-james-1,4.3
2026-09-25T17:11:57.500000Z,s-p-james-1,3.5
2026-09-25T17:11:58Z,s-p-james-1,5.2
2026-09-25T17:11:58.500000Z,s-p-james-1,5.7
2026-09-25T17:11:59Z,s-p-james-1,5.2
2026-09-25T17:11:59.500000Z,s-p-james-1,4.2
2026-09-25T17:12:00Z,s-p-james-1,5.5
2026-09-25T17:12:00.500000Z,s-p-james-1,4.8
2026-09-25T17:12:01Z,s-p-james-1,3.4
2026-09-25T17:12:01.500000Z,s-p-james-1,3.9
2026-09-25T17:12:02Z,s-p-james-1,6.0
2026-09-25T17:12:02.500000Z,s-p-james-1,4.6
2026-09-25T17:12:03Z,s-p-james-1,4.0
2026-09-25T17:12:03.500000Z,s-p-james-1,5.8
2026-09-25T17:12:04Z,s-p-james-1,4.8
2026-09-25T17:12:04.500000Z,s-p-james-1,4.1
2026-09-25T17:12:05Z,s-p-james-1,3.0
2026-09-25T17:12:05.500000Z,s-p-james-1,4.9
2026-09-25T17:12:06Z,s-p-james-1,3.8
2026-09-25T17:12:06.500000Z,s-p-james-1,3.5
2026-09-25T17:12:07Z,s-p-james-1,4.4
2026-09-25T17:12:07.500000Z,s-p-james-1,4.7
2026-09-25T17:12:08Z,s-p-james-1,5.7
2026-09-25T17:12:08.500000Z,s-p-james-1,3.6
2026-09-25T17:12:09Z,s-p-james-1,5.5
2026-09-25T17:12:09.500000Z,s-p-james-1,3.9
2026-09-25T17:12:10Z,s-p-james-1,4.5
2026-09-25T17:12:10.500000Z,s-p-james-1,5.5
2026-09-25T17:12:11Z,s-p-james-1,3.9
2026-09-25T17:12:11.500000Z,s-p-james-1,28.9
2026-09-25T17:12:12Z,s-p-james-1,53.1
2026-09-25T17:12:12.500000Z,s-p-james-1,72.2
2026-09-25T17:12:13Z,s-p-james-1,76.1
2026-09-25T17:12:13.500000Z,s-p-james-1,70.1
2026-09-25T17:12:14Z,s-p-james-1,55.7
2026-09-25T17:12:14.500000Z,s-p-james-1,29.1
2026-09-25T17:12:15Z,s-p-james-1,3.1
2026-09-25T17:12:15.500000Z,s-p-james-1,4.5
2026-09-25T17:12:16Z,s-p-james-1,5.9
2026-09-25T17:12:16.500000Z,s-p-james-1,4.8
2026-09-25T17:12:17Z,s-p-james-1,4.1
2026-09-25T17:12:17.500000Z,s-p-james-1,4.4
2026-09-25T17:12:18Z,s-p-james-1,4.3
2026-09-25T17:12:18.500000Z,s-p-james-1,3.8
2026-09-25T17:12:19Z,s-p-james-1,5.1
2026-09-25T17:12:19.500000Z,s-p-james-1,5.9
2026-09-25T17:12:20Z,s-p-james-1,5.5
2026-09-25T17:12:20.500000Z,s-p-james-1,4.1
2026-09-25T17:12:21Z,s-p-james-1,5.2
2026-09-25T17:12:21.500000Z,s-p-james-1,3.1
2026-09-25T17:12:22Z,s-p-james-1,3.8
2026-09-25T17:12:22.500000Z,s-p-james-1,4.7
2026-09-25T17:12:23Z,s-p-james-1,3.4
2026-09-25T17:12:23.500000Z,s-p-james-1,4.4
2026-09-25T17:12:24Z,s-p-james-1,5.1
2026-09-25T17:12:24.500000Z,s-p-james-1,4.1
2026-09-25T17:12:25Z,s-p-james-1,3.2
2026-09-25T17:12:25.500000Z,s-p-james-1,4.1
2026-09-25T17:12:26Z,s-p-james-1,4.9
2026-09-25T17:12:26.500000Z,s-p-james-1,5.9
2026-09-25T17:12:27Z,s-p-james-1,3.1
2026-09-25T17:12:27.500000Z,s-p-james-1,3.9
2026-09-25T17:12:28Z,s-p-james-1,4.9
2026-09-25T17:12:28.500000Z,s-p-james-1,3.2
2026-09-25T17:12:29Z,s-p-james-1,3.6
2026-09-25T17:12:29.500000Z,s-p-james-1,4.9
2026-09-25T17:12:30Z,s-p-james-1,5.3
2026-09-25T17:12:30.500000Z,s-p-james-1,4.8
2026-09-25T17:12:31Z,s-p-james-1,3.5
2026-09-25T17:12:31.500000Z,s-p-james-1,4.0
2026-09-25T17:12:32Z,s-p-james-1,3.9
2026-09-25T17:12:32.500000Z,s-p-james-1,5.5
2026-09-25T17:12:33Z,s-p-james-1,5.4
2026-09-25T17:12:33.500000Z,s-p-james-1,3.8
2026-09-25T17:12:34Z,s-p-james-1,5.1
2026-09-25T17:12:34.500000Z,s-p-james-1,4.1
2026-09-25T17:12:35Z,s-p-james-1,4.6
2026-09-25T17:12:35.500000Z,s-p-james-1,4.1
2026-09-25T17:12:36Z,s-p-james-1,3.4
2026-09-25T17:12:36.500000Z,s-p-james-1,18.3
2026-09-25T17:12:37Z,s-p-james-1,45.5
2026-09-25T17:12:37.500000Z,s-p-james-1,67.3
2026-09-25T17:12:38Z,s-p-james-1,75.9
2026-09-25T17:12:38.500000Z,s-p-james-1,73.1
2026-09-25T17:12:39Z,s-p-james-1,61.3
2026-09-25T17:12:39.500000Z,s-p-james-1,39.1
2026-09-25T17:12:40Z,s-p-james-1,11.8
2026-09-25T17:12:40.500000Z,s-p-james-1,5.4
2026-09-25T17:12:41Z,s-p-james-1,4.3
2026-09-25T17:12:41.500000Z,s-p-james-1,5.7
2026-09-25T17:12:42Z,s-p-james-1,3.3
2026-09-25T17:12:42.500000Z,s-p-james-1,3.4
2026-09-25T17:12:43Z,s-p-james-1,3.1
2026-09-25T17:12:43.500000Z,s-p-james-1,4.0
2026-09-25T17:12:44Z,s-p-james-1,5.1
2026-09-25T17:12:44.500000Z,s-p-james-1,3.4
2026-09-25T17:12:45Z,s-p-james-1,4.3
2026-09-25T17:12:45.500000Z,s-p-james-1,6.0
2026-09-25T17:12:46Z,s-p-james-1,4.6
2026-09-25T17:12:46.500000Z,s-p-james-1,5.9
2026-09-25T17:12:47Z,s-p-james-1,3.5
2026-09-25T17:12:47.500000Z,s-p-james-1,3.9
2026-09-25T17:12:48Z,s-p-james-1,5.2
2026-09-25T17:12:48.500000Z,s-p-james-1,3.4
2026-09-25T17:12:49Z,s-p-james-1,3.4
2026-09-25T17:12:49.500000Z,s-p-james-1,5.1
2026-09-25T17:12:50Z,s-p-james-1,5.1
2026-09-25T17:12:50.500000Z,s-p-james-1,3.9
2026-09-25T17:12:51Z,s-p-james-1,3.6
2026-09-25T17:12:51.500000Z,s-p-james-1,5.9
2026-09-25T17:12:52Z,s-p-james-1,4.3
2026-09-25T17:12:52.500000Z,s-p-james-1,5.3
2026-09-25T17:12:53Z,s-p-james-1,3.3
2026-09-25T17:12:53.500000Z,s-p-james-1,3.1
2026-09-25T17:12:54Z,s-p-james-1,4.5
2026-09-25T17:12:54.500000Z,s-p-james-1,4.3
2026-09-25T17:12:55Z,s-p-james-1,3.6
2026-09-25T17:12:55.500000Z,s-p-james-1,3.1
2026-09-25T17:12:56Z,s-p-james-1,5.0
2026-09-25T17:12:56.500000Z,s-p-james-1,4.8
2026-09-25T17:12:57Z,s-p-james-1,4.4
2026-09-25T17:12:57.500000Z,s-p-james-1,5.7
2026-09-25T17:12:58Z,s-p-james-1,3.1
2026-09-25T17:12:58.500000Z,s-p-james-1,3.9
2026-09-25T17:12:59Z,s-p-james-1,3.0
2026-09-25T17:12:59.500000Z,s-p-james-1,3.3
2026-09-25T17:13:00Z,s-p-james-1,3.4
2026-09-25T17:13:00.500000Z,s-p-james-1,4.8
2026-09-25T17:13:01Z,s-p-james-1,4.8
2026-09-25T17:13:01.500000Z,s-p-james-1,6.0
2026-09-25T17:13:02Z,s-p-james-1,35.9
2026-09-25T17:13:02.500000Z,s-p-james-1,59.5
2026-09-25T17:13:03Z,s-p-james-1,74.0
2026-09-25T17:13:03.500000Z,s-p-james-1,75.0
2026-09-25T17:13:04Z,s-p-james-1,68.5
2026-09-25T17:13:04.500000Z,s-p-james-1,48.7
2026-09-25T17:13:05Z,s-p-james-1,23.7
2026-09-25T17:13:05.500000Z,s-p-james-1,5.1
2026-09-25T17:13:06Z,s-p-james-1,5.9
2026-09-25T17:13:06.500000Z,s-p-james-1,3.5
2026-09-25T17:13:07Z,s-p-james-1,5.3
2026-09-25T17:13:07.500000Z,s-p-james-1,3.0
2026-09-25T17:13:08Z,s-p-james-1,5.2
2026-09-25T17:13:08.500000Z,s-p-james-1,5.8
2026-09-25T17:13:09Z,s-p-james-1,5.8
2026-09-25T17:13:09.500000Z,s-p-james-1,5.6
2026-09-25T17:13:10Z,s-p-james-1,4.4
2026-09-25T17:13:10.500000Z,s-p-james-1,5.1
2026-09-25T17:13:11Z,s-p-james-1,3.6
2026-09-25T17:13:11.500000Z,s-p-james-1,5.0
2026-09-25T17:13:12Z,s-p-james-1,3.3
2026-09-25T17:13:12.500000Z,s-p-james-1,5.5
2026-09-25T17:13:13Z,s-p-james-1,5.9
2026-09-25T17:13:13.500000Z,s-p-james-1,4.3
2026-09-25T17:13:14Z,s-p-james-1,4.5
2026-09-25T17:13:14.500000Z,s-p-james-1,4.2
2026-09-25T17:13:15Z,s-p-james-1,5.3
2026-09-25T17:13:15.500000Z,s-p-james-1,3.9
2026-09-25T17:13:16Z,s-p-james-1,4.4
2026-09-25T17:13:16.500000Z,s-p-james-1,4.6
2026-09-25T17:13:17Z,s-p-james-1,4.5
2026-09-25T17:13:17.500000Z,s-p-james-1,4.1
2026-09-25T17:13:18Z,s-p-james-1,3.9
2026-09-25T17:13:18.500000Z,s-p-james-1,5.2
2026-09-25T17:13:19Z,s-p-james-1,3.2
2026-09-25T17:13:19.500000Z,s-p-james-1,4.5
2026-09-25T17:13:20Z,s-p-james-1,4.2
2026-09-25T17:13:20.500000Z,s-p-james-1,4.4
2026-09-25T17:13:21Z,s-p-james-1,5.2
2026-09-25T17:13:21.500000Z,s-p-james-1,5.1
2026-09-25T17:13:22Z,s-p-james-1,5.5
2026-09-25T17:13:22.500000Z,s-p-james-1,3.7
2026-09-25T17:13:23Z,s-p-james-1,4.2
2026-09-25T17:13:23.500000Z,s-p-james-1,6.0
2026-09-25T17:13:24Z,s-p-james-1,4.3
2026-09-25T17:13:24.500000Z,s-p-james-1,5.6
2026-09-25T17:13:25Z,s-p-james-1,5.7
2026-09-25T17:13:25.500000Z,s-p-james-1,5.4
2026-09-25T17:13:26Z,s-p-james-1,5.8
2026-09-25T17:13:26.500000Z,s-p-james-1,4.1
2026-09-25T17:13:27Z,s-p-james-1,23.4
2026-09-25T17:13:27.500000Z,s-p-james-1,50.3
2026-09-25T17:13:28Z,s-p-james-1,67.6
2026-09-25T17:13:28.500000Z,s-p-james-1,77.3
2026-09-25T17:13:29Z,s-p-james-1,70.4
2026-09-25T17:13:29.500000Z,s-p-james-1,56.7
2026-09-25T17:13:30Z,s-p-james-1,35.3
2026-09-25T17:13:30.500000Z,s-p-james-1,6.2
2026-09-25T17:13:31Z,s-p-james-1,5.5
2026-09-25T17:13:31.500000Z,s-p-james-1,4.2
2026-09-25T17:13:32Z,s-p-james-1,3.7
2026-09-25T17:13:32.500000Z,s-p-james-1,4.3
2026-09-25T17:13:33Z,s-p-james-1,4.5
2026-09-25T17:13:33.500000Z,s-p-james-1,5.3
2026-09-25T17:13:34Z,s-p-james-1,5.3
2026-09-25T17:13:34.500000Z,s-p-james-1,4.8
2026-09-25T17:13:35Z,s-p-james-1,5.3
2026-09-25T17:13:35.500000Z,s-p-james-1,5.4
2026-09-25T17:13:36Z,s-p-james-1,5.8
2026-09-25T17:13:36.500000Z,s-p-james-1,4.1
2026-09-25T17:13:37Z,s-p-james-1,5.0
2026-09-25T17:13:37.500000Z,s-p-james-1,5.9
2026-09-25T17:13:38Z,s-p-james-1,6.0
2026-09-25T17:13:38.500000Z,s-p-james-1,4.5
2026-09-25T17:13:39Z,s-p-james-1,3.4
2026-09-25T17:13:39.500000Z,s-p-james-1,4.4
2026-09-25T17:13:40Z,s-p-james-1,3.4
2026-09-25T17:13:40.500000Z,s-p-james-1,4.5
2026-09-25T17:13:41Z,s-p-james-1,3.7
2026-09-25T17:13:41.500000Z,s-p-james-1,5.8
2026-09-25T17:13:42Z,s-p-james-1,3.1
2026-09-25T17:13:42.500000Z,s-p-james-1,5.2
2026-09-25T17:13:43Z,s-p-james-1,5.5
2026-09-25T17:13:43.500000Z,s-p-james-1,4.5
2026-09-25T17:13:44Z,s-p-james-1,3.1
2026-09-25T17:13:44.500000Z,s-p-james-1,3.5
2026-09-25T17:13:45Z,s-p-james-1,4.8
2026-09-25T17:13:45.500000Z,s-p-james-1,4.0
2026-09-25T17:13:46Z,s-p-james-1,3.9
2026-09-25T17:13:46.500000Z,s-p-james-1,4.9
2026-09-25T17:13:47Z,s-p-james-1,5.3
2026-09-25T17:13:47.500000Z,s-p-james-1,5.0
2026-09-25T17:13:48Z,s-p-james-1,4.6
2026-09-25T17:13:48.500000Z,s-p-james-1,4.5
2026-09-25T17:13:49Z,s-p-james-1,4.4
2026-09-25T17:13:49.500000Z,s-p-james-1,3.9
2026-09-25T17:13:50Z,s-p-james-1,4.5
2026-09-25T17:13:50.500000Z,s-p-james-1,4.5
2026-09-25T17:13:51Z,s-p-james-1,4.6
2026-09-25T17:13:51.500000Z,s-p-james-1,5.4
2026-09-25T17:13:52Z,s-p-james-1,12.5
2026-09-25T17:13:52.500000Z,s-p-james-1,38.6
2026-09-25T17:13:53Z,s-p-james-1,64.1
2026-09-25T17:13:53.500000Z,s-p-james-1,72.7
2026-09-25T17:13:54Z,s-p-james-1,78.7
2026-09-25T17:13:54.500000Z,s-p-james-1,64.8
2026-09-25T17:13:55Z,s-p-james-1,43.8
2026-09-25T17:13:55.500000Z,s-p-james-1,18.0
2026-09-25T17:13:56Z,s-p-james-1,3.9
2026-09-25T17:13:56.500000Z,s-p-james-1,4.2
2026-09-25T17:13:57Z,s-p-james-1,5.3
2026-09-25T17:13:57.500000Z,s-p-james-1,4.7
2026-09-25T17:13:58Z,s-p-james-1,4.5
2026-09-25T17:13:58.500000Z,s-p-james-1,4.7
2026-09-25T17:13:59Z,s-p-james-1,4.6
2026-09-25T17:13:59.500000Z,s-p-james-1,4.4
2026-09-25T17:14:00Z,s-p-james-1,4.7
2026-09-25T17:14:00.500000Z,s-p-james-1,3.5
2026-09-25T17:14:01Z,s-p-james-1,3.2
2026-09-25T17:14:01.500000Z,s-p-james-1,3.8
2026-09-25T17:14:02Z,s-p-james-1,4.8
2026-09-25T17:14:02.500000Z,s-p-james-1,4.1
2026-09-25T17:14:03Z,s-p-james-1,5.0
2026-09-25T17:14:03.500000Z,s-p-james-1,5.3
2026-09-25T17:14:04Z,s-p-james-1,3.9
2026-09-25T17:14:04.500000Z,s-p-james-1,3.2
2026-09-25T17:14:05Z,s-p-james-1,4.8
2026-09-25T17:14:05.500000Z,s-p-james-1,3.4
2026-09-25T17:14:06Z,s-p-james-1,4.1
2026-09-25T17:14:06.500000Z,s-p-james-1,5.4
2026-09-25T17:14:07Z,s-p-james-1,4.8
2026-09-25T17:14:07.500000Z,s-p-james-1,5.3
2026-09-25T17:14:08Z,s-p-james-1,4.9
2026-09-25T17:14:08.500000Z,s-p-james-1,4.1
2026-09-25T17:14:09Z,s-p-james-1,4.3
2026-09-25T17:14:09.500000Z,s-p-james-1,6.0
2026-09-25T17:14:10Z,s-p-james-1,4.2
2026-09-25T17:14:10.500000Z,s-p-james-1,3.2
2026-09-25T17:14:11Z,s-p-james-1,3.7
2026-09-25T17:14:11.500000Z,s-p-james-1,3.7
2026-09-25T17:14:12Z,s-p-james-1,3.9
2026-09-25T17:14:12.500000Z,s-p-james-1,3.3
2026-09-25T17:14:13Z,s-p-james-1,5.1
2026-09-25T17:14:13.500000Z,s-p-james-1,5.6
2026-09-25T17:14:14Z,s-p-james-1,3.3
2026-09-25T17:14:14.500000Z,s-p-james-1,3.5
2026-09-25T17:14:15Z,s-p-james-1,4.6
2026-09-25T17:14:15.500000Z,s-p-james-1,3.1
2026-09-25T17:14:16Z,s-p-james-1,5.0
2026-09-25T17:14:16.500000Z,s-p-james-1,4.3
2026-09-25T17:14:17Z,s-p-james-1,4.5
2026-09-25T17:14:17.500000Z,s-p-james-1,4.3
2026-09-25T17:14:18Z,s-p-james-1,3.1
2026-09-25T17:14:18.500000Z,s-p-james-1,4.4
2026-09-25T17:14:19Z,s-p-james-1,3.1
2026-09-25T17:14:19.500000Z,s-p-james-1,3.9
2026-09-25T17:14:20Z,s-p-james-1,4.7
2026-09-25T17:14:20.500000Z,s-p-james-1,4.0
2026-09-25T17:14:21Z,s-p-james-1,3.3
2026-09-25T17:14:21.500000Z,s-p-james-1,4.5
2026-09-25T17:14:22Z,s-p-james-1,5.1
2026-09-25T17:14:22.500000Z,s-p-james-1,3.6
2026-09-25T17:14:23Z,s-p-james-1,4.5
2026-09-25T17:14:23.500000Z,s-p-james-1,5.4
2026-09-25T17:14:24Z,s-p-james-1,5.0
2026-09-25T17:14:24.500000Z,s-p-james-1,3.5
2026-09-25T17:14:25Z,s-p-james-1,3.9
2026-09-25T17:14:25.500000Z,s-p-james-1,5.9
2026-09-25T17:14:26Z,s-p-james-1,3.6
2026-09-25T17:14:26.500000Z,s-p-james-1,4.9
2026-09-25T17:14:27Z,s-p-james-1,5.9
2026-09-25T17:14:27.500000Z,s-p-james-1,3.2
2026-09-25T17:14:28Z,s-p-james-1,5.6
2026-09-25T17:14:28.500000Z,s-p-james-1,3.6
2026-09-25T17:14:29Z,s-p-james-1,3.8
2026-09-25T17:14:29.500000Z,s-p-james-1,3.9
2026-09-25T17:14:30Z,s-p-james-1,4.7
2026-09-25T17:14:30.500000Z,s-p-james-1,5.4
2026-09-25T17:14:31Z,s-p-james-1,4.9
2026-09-25T17:14:31.500000Z,s-p-james-1,5.9
2026-09-25T17:14:32Z,s-p-james-1,5.2
2026-09-17T17:37:00Z,s-p-aisha-9,4.0
2026-09-17T17:37:00.500000Z,s-p-aisha-9,3.2
2026-09-17T17:37:01Z,s-p-aisha-9,5.5
2026-09-17T17:37:01.500000Z,s-p-aisha-9,4.5
2026-09-17T17:37:02Z,s-p-aisha-9,3.9
2026-09-17T17:37:02.500000Z,s-p-aisha-9,5.0
2026-09-17T17:37:03Z,s-p-aisha-9,3.9
2026-09-17T17:37:03.500000Z,s-p-aisha-9,4.2
2026-09-17T17:37:04Z,s-p-aisha-9,3.8
2026-09-17T17:37:04.500000Z,s-p-aisha-9,4.5
2026-09-17T17:37:05Z,s-p-aisha-9,5.0
2026-09-17T17:37:05.500000Z,s-p-aisha-9,26.7
2026-09-17T17:37:06Z,s-p-aisha-9,51.2
2026-09-17T17:37:06.500000Z,s-p-aisha-9,64.2
2026-09-17T17:37:07Z,s-p-aisha-9,67.9
2026-09-17T17:37:07.500000Z,s-p-aisha-9,64.4
2026-09-17T17:37:08Z,s-p-aisha-9,48.4
2026-09-17T17:37:08.500000Z,s-p-aisha-9,26.0
2026-09-17T17:37:09Z,s-p-aisha-9,5.2
2026-09-17T17:37:09.500000Z,s-p-aisha-9,3.6
2026-09-17T17:37:10Z,s-p-aisha-9,4.4
2026-09-17T17:37:10.500000Z,s-p-aisha-9,3.7
2026-09-17T17:37:11Z,s-p-aisha-9,5.2
2026-09-17T17:37:11.500000Z,s-p-aisha-9,5.3
2026-09-17T17:37:12Z,s-p-aisha-9,5.5
2026-09-17T17:37:12.500000Z,s-p-aisha-9,4.2
2026-09-17T17:37:13Z,s-p-aisha-9,5.6
2026-09-17T17:37:13.500000Z,s-p-aisha-9,5.7
2026-09-17T17:37:14Z,s-p-aisha-9,4.9
2026-09-17T17:37:14.500000Z,s-p-aisha-9,5.5
2026-09-17T17:37:15Z,s-p-aisha-9,3.8
2026-09-17T17:37:15.500000Z,s-p-aisha-9,3.9
2026-09-17T17:37:16Z,s-p-aisha-9,3.5
2026-09-17T17:37:16.500000Z,s-p-aisha-9,5.1
2026-09-17T17:37:17Z,s-p-aisha-9,3.7
2026-09-17T17:37:17.500000Z,s-p-aisha-9,3.7
2026-09-17T17:37:18Z,s-p-aisha-9,3.4
2026-09-17T17:37:18.500000Z,s-p-aisha-9,3.1
2026-09-17T17:37:19Z,s-p-aisha-9,5.4
2026-09-17T17:37:19.500000Z,s-p-aisha-9,3.9
2026-09-17T17:37:20Z,s-p-aisha-9,4.5
2026-09-17T17:37:20.500000Z,s-p-aisha-9,6.0
2026-09-17T17:37:21Z,s-p-aisha-9,4.3
2026-09-17T17:37:21.500000Z,s-p-aisha-9,5.7
2026-09-17T17:37:22Z,s-p-aisha-9,3.6
2026-09-17T17:37:22.500000Z,s-p-aisha-9,3.8
2026-09-17T17:37:23Z,s-p-aisha-9,3.1
2026-09-17T17:37:23.500000Z,s-p-aisha-9,5.4
2026-09-17T17:37:24Z,s-p-aisha-9,3.8
2026-09-17T17:37:24.500000Z,s-p-aisha-9,4.7
2026-09-17T17:37:25Z,s-p-aisha-9,4.9
2026-09-17T17:37:25.500000Z,s-p-aisha-9,3.1
2026-09-17T17:37:26Z,s-p-aisha-9,5.2
2026-09-17T17:37:26.500000Z,s-p-aisha-9,5.3
2026-09-17T17:37:27Z,s-p-aisha-9,3.2
2026-09-17T17:37:27.500000Z,s-p-aisha-9,5.7
2026-09-17T17:37:28Z,s-p-aisha-9,3.9
2026-09-17T17:37:28.500000Z,s-p-aisha-9,14.3
2026-09-17T17:37:29Z,s-p-aisha-9,37.8
2026-09-17T17:37:29.500000Z,s-p-aisha-9,56.7
2026-09-17T17:37:30Z,s-p-aisha-9,67.1
2026-09-17T17:37:30.500000Z,s-p-aisha-9,70.7
2026-09-17T17:37:31Z,s-p-aisha-9,58.6
2026-09-17T17:37:31.500000Z,s-p-aisha-9,38.6
2026-09-17T17:37:32Z,s-p-aisha-9,13.4
2026-09-17T17:37:32.500000Z,s-p-aisha-9,4.6
2026-09-17T17:37:33Z,s-p-aisha-9,4.5
2026-09-17T17:37:33.500000Z,s-p-aisha-9,3.3
2026-09-17T17:37:34Z,s-p-aisha-9,4.8
2026-09-17T17:37:34.500000Z,s-p-aisha-9,5.3
2026-09-17T17:37:35Z,s-p-aisha-9,3.9
2026-09-17T17:37:35.500000Z,s-p-aisha-9,5.5
2026-09-17T17:37:36Z,s-p-aisha-9,5.2
2026-09-17T17:37:36.500000Z,s-p-aisha-9,5.4
2026-09-17T17:37:37Z,s-p-aisha-9,5.2
2026-09-17T17:37:37.500000Z,s-p-aisha-9,5.8
2026-09-17T17:37:38Z,s-p-aisha-9,3.7
2026-09-17T17:37:38.500000Z,s-p-aisha-9,3.3
2026-09-17T17:37:39Z,s-p-aisha-9,3.6
2026-09-17T17:37:39.500000Z,s-p-aisha-9,3.8
2026-09-17T17:37:40Z,s-p-aisha-9,4.2
2026-09-17T17:37:40.500000Z,s-p-aisha-9,5.6
2026-09-17T17:37:41Z,s-p-aisha-9,3.2
2026-09-17T17:37:41.500000Z,s-p-aisha-9,4.6
2026-09-17T17:37:42Z,s-p-aisha-9,5.1
2026-09-17T17:37:42.500000Z,s-p-aisha-9,3.3
2026-09-17T17:37:43Z,s-p-aisha-9,4.6
2026-09-17T17:37:43.500000Z,s-p-aisha-9,4.4
2026-09-17T17:37:44Z,s-p-aisha-9,3.7
2026-09-17T17:37:44.500000Z,s-p-aisha-9,3.8
2026-09-17T17:37:45Z,s-p-aisha-9,5.4
2026-09-17T17:37:45.500000Z,s-p-aisha-9,3.4
2026-09-17T17:37:46Z,s-p-aisha-9,4.4
2026-09-17T17:37:46.500000Z,s-p-aisha-9,4.1
2026-09-17T17:37:47Z,s-p-aisha-9,3.9
2026-09-17T17:37:47.500000Z,s-p-aisha-9,4.9
2026-09-17T17:37:48Z,s-p-aisha-9,5.7
2026-09-17T17:37:48.500000Z,s-p-aisha-9,3.1
2026-09-17T17:37:49Z,s-p-aisha-9,5.2
2026-09-17T17:37:49.500000Z,s-p-aisha-9,5.4
2026-09-17T17:37:50Z,s-p-aisha-9,3.2
2026-09-17T17:37:50.500000Z,s-p-aisha-9,5.8
2026-09-17T17:37:51Z,s-p-aisha-9,5.0
2026-09-17T17:37:51.500000Z,s-p-aisha-9,3.8
2026-09-17T17:37:52Z,s-p-aisha-9,26.5
2026-09-17T17:37:52.500000Z,s-p-aisha-9,49.1
2026-09-17T17:37:53Z,s-p-aisha-9,66.6
2026-09-17T17:37:53.500000Z,s-p-aisha-9,73.5
2026-09-17T17:37:54Z,s-p-aisha-9,62.8
2026-09-17T17:37:54.500000Z,s-p-aisha-9,50.7
2026-09-17T17:37:55Z,s-p-aisha-9,26.4
2026-09-17T17:37:55.500000Z,s-p-aisha-9,3.9
2026-09-17T17:37:56Z,s-p-aisha-9,3.5
2026-09-17T17:37:56.500000Z,s-p-aisha-9,4.3
2026-09-17T17:37:57Z,s-p-aisha-9,4.0
2026-09-17T17:37:57.500000Z,s-p-aisha-9,5.4
2026-09-17T17:37:58Z,s-p-aisha-9,4.9
2026-09-17T17:37:58.500000Z,s-p-aisha-9,5.4
2026-09-17T17:37:59Z,s-p-aisha-9,3.8
2026-09-17T17:37:59.500000Z,s-p-aisha-9,3.2
2026-09-17T17:38:00Z,s-p-aisha-9,5.3
2026-09-17T17:38:00.500000Z,s-p-aisha-9,4.5
2026-09-17T17:38:01Z,s-p-aisha-9,5.2
2026-09-17T17:38:01.500000Z,s-p-aisha-9,5.8
2026-09-17T17:38:02Z,s-p-aisha-9,4.0
2026-09-17T17:38:02.500000Z,s-p-aisha-9,4.3
2026-09-17T17:38:03Z,s-p-aisha-9,5.8
2026-09-17T17:38:03.500000Z,s-p-aisha-9,3.3
2026-09-17T17:38:04Z,s-p-aisha-9,3.5
2026-09-17T17:38:04.500000Z,s-p-aisha-9,3.8
2026-09-17T17:38:05Z,s-p-aisha-9,3.2
2026-09-17T17:38:05.500000Z,s-p-aisha-9,4.3
2026-09-17T17:38:06Z,s-p-aisha-9,5.2
2026-09-17T17:38:06.500000Z,s-p-aisha-9,4.6
2026-09-17T17:38:07Z,s-p-aisha-9,4.0
2026-09-17T17:38:07.500000Z,s-p-aisha-9,5.1
2026-09-17T17:38:08Z,s-p-aisha-9,5.3
2026-09-17T17:38:08.500000Z,s-p-aisha-9,4.9
2026-09-17T17:38:09Z,s-p-aisha-9,3.6
2026-09-17T17:38:09.500000Z,s-p-aisha-9,4.3
2026-09-17T17:38:10Z,s-p-aisha-9,4.9
2026-09-17T17:38:10.500000Z,s-p-aisha-9,3.0
2026-09-17T17:38:11Z,s-p-aisha-9,3.6
2026-09-17T17:38:11.500000Z,s-p-aisha-9,3.9
2026-09-17T17:38:12Z,s-p-aisha-9,4.7
2026-09-17T17:38:12.500000Z,s-p-aisha-9,3.3
2026-09-17T17:38:13Z,s-p-aisha-9,3.7
2026-09-17T17:38:13.500000Z,s-p-aisha-9,5.1
2026-09-17T17:38:14Z,s-p-aisha-9,5.3
2026-09-17T17:38:14.500000Z,s-p-aisha-9,4.9
2026-09-17T17:38:15Z,s-p-aisha-9,13.6
2026-09-17T17:38:15.500000Z,s-p-aisha-9,37.7
2026-09-17T17:38:16Z,s-p-aisha-9,56.8
2026-09-17T17:38:16.500000Z,s-p-aisha-9,71.1
2026-09-17T17:38:17Z,s-p-aisha-9,70.2
2026-09-17T17:38:17.500000Z,s-p-aisha-9,60.7
2026-09-17T17:38:18Z,s-p-aisha-9,39.5
2026-09-17T17:38:18.500000Z,s-p-aisha-9,13.4
2026-09-17T17:38:19Z,s-p-aisha-9,4.7
2026-09-17T17:38:19.500000Z,s-p-aisha-9,3.1
2026-09-17T17:38:20Z,s-p-aisha-9,3.1
2026-09-17T17:38:20.500000Z,s-p-aisha-9,4.7
2026-09-17T17:38:21Z,s-p-aisha-9,4.8
2026-09-17T17:38:21.500000Z,s-p-aisha-9,3.7
2026-09-17T17:38:22Z,s-p-aisha-9,3.3
2026-09-17T17:38:22.500000Z,s-p-aisha-9,4.4
2026-09-17T17:38:23Z,s-p-aisha-9,3.8
2026-09-17T17:38:23.500000Z,s-p-aisha-9,5.6
2026-09-17T17:38:24Z,s-p-aisha-9,3.1
2026-09-17T17:38:24.500000Z,s-p-aisha-9,4.9
2026-09-17T17:38:25Z,s-p-aisha-9,4.8
2026-09-17T17:38:25.500000Z,s-p-aisha-9,3.4
2026-09-17T17:38:26Z,s-p-aisha-9,5.9
2026-09-17T17:38:26.500000Z,s-p-aisha-9,3.5
2026-09-17T17:38:27Z,s-p-aisha-9,4.7
2026-09-17T17:38:27.500000Z,s-p-aisha-9,3.0
2026-09-17T17:38:28Z,s-p-aisha-9,4.6
2026-09-17T17:38:28.500000Z,s-p-aisha-9,5.3
2026-09-17T17:38:29Z,s-p-aisha-9,5.8
2026-09-17T17:38:29.500000Z,s-p-aisha-9,5.5
2026-09-17T17:38:30Z,s-p-aisha-9,4.5
2026-09-17T17:38:30.500000Z,s-p-aisha-9,3.7
2026-09-17T17:38:31Z,s-p-aisha-9,3.6
2026-09-17T17:38:31.500000Z,s-p-aisha-9,5.8
2026-09-17T17:38:32Z,s-p-aisha-9,5.4
2026-09-17T17:38:32.500000Z,s-p-aisha-9,3.8
2026-09-17T17:38:33Z,s-p-aisha-9,5.2
2026-09-17T17:38:33.500000Z,s-p-aisha-9,4.1
2026-09-17T17:38:34Z,s-p-aisha-9,4.3
2026-09-17T17:38:34.500000Z,s-p-aisha-9,3.6
2026-09-17T17:38:35Z,s-p-aisha-9,3.6
2026-09-17T17:38:35.500000Z,s-p-aisha-9,5.5
2026-09-17T17:38:36Z,s-p-aisha-9,5.2
2026-09-17T17:38:36.500000Z,s-p-aisha-9,3.6
2026-09-17T17:38:37Z,s-p-aisha-9,3.5
2026-09-17T17:38:37.500000Z,s-p-aisha-9,5.4
2026-09-17T17:38:38Z,s-p-aisha-9,3.1
2026-09-17T17:38:38.500000Z,s-p-aisha-9,27.1
2026-09-17T17:38:39Z,s-p-aisha-9,49.5
2026-09-17T17:38:39.500000Z,s-p-aisha-9,67.4
2026-09-17T17:38:40Z,s-p-aisha-9,68.3
2026-09-17T17:38:40.500000Z,s-p-aisha-9,65.7
2026-09-17T17:38:41Z,s-p-aisha-9,50.3
2026-09-17T17:38:41.500000Z,s-p-aisha-9,26.8
2026-09-17T17:38:42Z,s-p-aisha-9,3.2
2026-09-17T17:38:42.500000Z,s-p-aisha-9,3.2
2026-09-17T17:38:43Z,s-p-aisha-9,5.8
2026-09-17T17:38:43.500000Z,s-p-aisha-9,4.4
2026-09-17T17:38:44Z,s-p-aisha-9,4.1
2026-09-17T17:38:44.500000Z,s-p-aisha-9,4.8
2026-09-17T17:38:45Z,s-p-aisha-9,5.0
2026-09-17T17:38:45.500000Z,s-p-aisha-9,5.4
2026-09-17T17:38:46Z,s-p-aisha-9,5.1
2026-09-17T17:38:46.500000Z,s-p-aisha-9,5.4
2026-09-17T17:38:47Z,s-p-aisha-9,3.0
2026-09-17T17:38:47.500000Z,s-p-aisha-9,4.5
2026-09-17T17:38:48Z,s-p-aisha-9,4.1
2026-09-17T17:38:48.500000Z,s-p-aisha-9,5.9
2026-09-17T17:38:49Z,s-p-aisha-9,5.0
2026-09-17T17:38:49.500000Z,s-p-aisha-9,3.4
2026-09-17T17:38:50Z,s-p-aisha-9,5.7
2026-09-17T17:38:50.500000Z,s-p-aisha-9,3.1
2026-09-17T17:38:51Z,s-p-aisha-9,3.5
2026-09-17T17:38:51.500000Z,s-p-aisha-9,3.5
2026-09-17T17:38:52Z,s-p-aisha-9,4.5
2026-09-17T17:38:52.500000Z,s-p-aisha-9,4.0
2026-09-17T17:38:53Z,s-p-aisha-9,4.4
2026-09-17T17:38:53.500000Z,s-p-aisha-9,3.3
2026-09-17T17:38:54Z,s-p-aisha-9,5.1
2026-09-17T17:38:54.500000Z,s-p-aisha-9,4.3
2026-09-17T17:38:55Z,s-p-aisha-9,3.8
2026-09-17T17:38:55.500000Z,s-p-aisha-9,3.9
2026-09-17T17:38:56Z,s-p-aisha-9,5.9
2026-09-17T17:38:56.500000Z,s-p-aisha-9,4.5
2026-09-17T17:38:57Z,s-p-aisha-9,5.9
2026-09-17T17:38:57.500000Z,s-p-aisha-9,3.8
2026-09-17T17:38:58Z,s-p-aisha-9,4.1
2026-09-17T17:38:58.500000Z,s-p-aisha-9,4.3
2026-09-17T17:38:59Z,s-p-aisha-9,5.7
2026-09-17T17:38:59.500000Z,s-p-aisha-9,3.8
2026-09-17T17:39:00Z,s-p-aisha-9,5.5
2026-09-17T17:39:00.500000Z,s-p-aisha-9,5.8
2026-09-17T17:39:01Z,s-p-aisha-9,4.6
2026-09-17T17:39:01.500000Z,s-p-aisha-9,14.1
2026-09-17T17:39:02Z,s-p-aisha-9,39.2
2026-09-17T17:39:02.500000Z,s-p-aisha-9,58.3
2026-09-17T17:39:03Z,s-p-aisha-9,68.3
2026-09-17T17:39:03.500000Z,s-p-aisha-9,71.0
2026-09-17T17:39:04Z,s-p-aisha-9,60.2
2026-09-17T17:39:04.500000Z,s-p-aisha-9,40.3
2026-09-17T17:39:05Z,s-p-aisha-9,14.2
2026-09-17T17:39:05.500000Z,s-p-aisha-9,5.7
2026-09-17T17:39:06Z,s-p-aisha-9,4.5
2026-09-17T17:39:06.500000Z,s-p-aisha-9,4.3
2026-09-17T17:39:07Z,s-p-aisha-9,6.0
2026-09-17T17:39:07.500000Z,s-p-aisha-9,4.7
2026-09-17T17:39:08Z,s-p-aisha-9,4.4
2026-09-17T17:39:08.500000Z,s-p-aisha-9,3.3
2026-09-17T17:39:09Z,s-p-aisha-9,5.2
2026-09-17T17:39:09.500000Z,s-p-aisha-9,3.4
2026-09-17T17:39:10Z,s-p-aisha-9,4.0
2026-09-17T17:39:10.500000Z,s-p-aisha-9,3.6
2026-09-17T17:39:11Z,s-p-aisha-9,3.9
2026-09-17T17:39:11.500000Z,s-p-aisha-9,5.5
2026-09-17T17:39:12Z,s-p-aisha-9,5.2
2026-09-17T17:39:12.500000Z,s-p-aisha-9,5.5
2026-09-17T17:39:13Z,s-p-aisha-9,4.7
2026-09-17T17:39:13.500000Z,s-p-aisha-9,5.0
2026-09-17T17:39:14Z,s-p-aisha-9,3.6
2026-09-17T17:39:14.500000Z,s-p-aisha-9,6.0
2026-09-17T17:39:15Z,s-p-aisha-9,3.0
2026-09-17T17:39:15.500000Z,s-p-aisha-9,5.3
2026-09-17T17:39:16Z,s-p-aisha-9,3.5
2026-09-17T17:39:16.500000Z,s-p-aisha-9,5.8
2026-09-17T17:39:17Z,s-p-aisha-9,3.7
2026-09-17T17:39:17.500000Z,s-p-aisha-9,4.5
2026-09-17T17:39:18Z,s-p-aisha-9,3.3
2026-09-17T17:39:18.500000Z,s-p-aisha-9,4.0
2026-09-17T17:39:19Z,s-p-aisha-9,3.9
2026-09-17T17:39:19.500000Z,s-p-aisha-9,5.9
2026-09-17T17:39:20Z,s-p-aisha-9,3.4
2026-09-17T17:39:20.500000Z,s-p-aisha-9,4.1
2026-09-17T17:39:21Z,s-p-aisha-9,5.8
2026-09-17T17:39:21.500000Z,s-p-aisha-9,3.3
2026-09-17T17:39:22Z,s-p-aisha-9,4.0
2026-09-17T17:39:22.500000Z,s-p-aisha-9,3.1
2026-09-17T17:39:23Z,s-p-aisha-9,4.4
2026-09-17T17:39:23.500000Z,s-p-aisha-9,5.1
2026-09-17T17:39:24Z,s-p-aisha-9,4.4
2026-09-17T17:39:24.500000Z,s-p-aisha-9,4.9
2026-09-17T17:39:25Z,s-p-aisha-9,27.4
2026-09-17T17:39:25.500000Z,s-p-aisha-9,49.3
2026-09-17T17:39:26Z,s-p-aisha-9,62.7
2026-09-17T17:39:26.500000Z,s-p-aisha-9,68.1
2026-09-17T17:39:27Z,s-p-aisha-9,67.2
2026-09-17T17:39:27.500000Z,s-p-aisha-9,48.6
2026-09-17T17:39:28Z,s-p-aisha-9,26.3
2026-09-17T17:39:28.500000Z,s-p-aisha-9,5.2
2026-09-17T17:39:29Z,s-p-aisha-9,4.8
2026-09-17T17:39:29.500000Z,s-p-aisha-9,3.3
2026-09-17T17:39:30Z,s-p-aisha-9,3.8
2026-09-17T17:39:30.500000Z,s-p-aisha-9,3.7
2026-09-17T17:39:31Z,s-p-aisha-9,5.3
2026-09-17T17:39:31.500000Z,s-p-aisha-9,4.2
2026-09-17T17:39:32Z,s-p-aisha-9,3.1
2026-09-17T17:39:32.500000Z,s-p-aisha-9,3.6
2026-09-17T17:39:33Z,s-p-aisha-9,4.2
2026-09-17T17:39:33.500000Z,s-p-aisha-9,4.2
2026-09-17T17:39:34Z,s-p-aisha-9,4.9
2026-09-17T17:39:34.500000Z,s-p-aisha-9,5.9
2026-09-17T17:39:35Z,s-p-aisha-9,3.5
2026-09-17T17:39:35.500000Z,s-p-aisha-9,3.9
2026-09-17T17:39:36Z,s-p-aisha-9,5.4
2026-09-17T17:39:36.500000Z,s-p-aisha-9,5.2
2026-09-17T17:39:37Z,s-p-aisha-9,5.8
2026-09-17T17:39:37.500000Z,s-p-aisha-9,5.7
2026-09-17T17:39:38Z,s-p-aisha-9,4.8
2026-09-17T17:39:38.500000Z,s-p-aisha-9,4.1
2026-09-17T17:39:39Z,s-p-aisha-9,3.3
2026-09-17T17:39:39.500000Z,s-p-aisha-9,4.1
2026-09-17T17:39:40Z,s-p-aisha-9,3.6
2026-09-17T17:39:40.500000Z,s-p-aisha-9,4.3
2026-09-17T17:39:41Z,s-p-aisha-9,4.2
2026-09-17T17:39:41.500000Z,s-p-aisha-9,3.8
2026-09-17T17:39:42Z,s-p-aisha-9,4.8
2026-09-17T17:39:42.500000Z,s-p-aisha-9,3.3
2026-09-17T17:39:43Z,s-p-aisha-9,4.3
2026-09-17T17:39:43.500000Z,s-p-aisha-9,4.1
2026-09-17T17:39:44Z,s-p-aisha-9,3.6
2026-09-17T17:39:44.500000Z,s-p-aisha-9,4.9
2026-09-17T17:39:45Z,s-p-aisha-9,3.3
2026-09-17T17:39:45.500000Z,s-p-aisha-9,4.5
2026-09-17T17:39:46Z,s-p-aisha-9,5.9
2026-09-17T17:39:46.500000Z,s-p-aisha-9,5.0
2026-09-17T17:39:47Z,s-p-aisha-9,4.9
2026-09-17T17:39:47.500000Z,s-p-aisha-9,5.1
2026-09-17T17:39:48Z,s-p-aisha-9,13.7
2026-09-17T17:39:48.500000Z,s-p-aisha-9,40.6
2026-09-17T17:39:49Z,s-p-aisha-9,60.7
2026-09-17T17:39:49.500000Z,s-p-aisha-9,70.3
2026-09-17T17:39:50Z,s-p-aisha-9,68.1
2026-09-17T17:39:50.500000Z,s-p-aisha-9,59.9
2026-09-17T17:39:51Z,s-p-aisha-9,38.9
2026-09-17T17:39:51.500000Z,s-p-aisha-9,13.3
2026-09-17T17:39:52Z,s-p-aisha-9,4.5
2026-09-17T17:39:52.500000Z,s-p-aisha-9,4.5
2026-09-17T17:39:53Z,s-p-aisha-9,4.2
2026-09-17T17:39:53.500000Z,s-p-aisha-9,4.4
2026-09-17T17:39:54Z,s-p-aisha-9,5.2
2026-09-17T17:39:54.500000Z,s-p-aisha-9,5.4
2026-09-17T17:39:55Z,s-p-aisha-9,4.1
2026-09-17T17:39:55.500000Z,s-p-aisha-9,4.8
2026-09-17T17:39:56Z,s-p-aisha-9,5.3
2026-09-17T17:39:56.500000Z,s-p-aisha-9,3.0
2026-09-17T17:39:57Z,s-p-aisha-9,5.2
2026-09-17T17:39:57.500000Z,s-p-aisha-9,4.4
2026-09-17T17:39:58Z,s-p-aisha-9,5.4
2026-09-17T17:39:58.500000Z,s-p-aisha-9,5.5
2026-09-17T17:39:59Z,s-p-aisha-9,3.1
2026-09-17T17:39:59.500000Z,s-p-aisha-9,4.2
2026-09-17T17:40:00Z,s-p-aisha-9,5.1
2026-09-17T17:40:00.500000Z,s-p-aisha-9,3.9
2026-09-17T17:40:01Z,s-p-aisha-9,5.2
2026-09-17T17:40:01.500000Z,s-p-aisha-9,5.3
2026-09-17T17:40:02Z,s-p-aisha-9,4.3
2026-09-17T17:40:02.500000Z,s-p-aisha-9,5.4
2026-09-17T17:40:03Z,s-p-aisha-9,4.0
2026-09-17T17:40:03.500000Z,s-p-aisha-9,5.8
2026-09-17T17:40:04Z,s-p-aisha-9,5.4
2026-09-17T17:40:04.500000Z,s-p-aisha-9,3.6
2026-09-17T17:40:05Z,s-p-aisha-9,3.2
2026-09-17T17:40:05.500000Z,s-p-aisha-9,5.9
2026-09-17T17:40:06Z,s-p-aisha-9,3.8
2026-09-17T17:40:06.500000Z,s-p-aisha-9,5.0
2026-09-17T17:40:07Z,s-p-aisha-9,4.3
2026-09-17T17:40:07.500000Z,s-p-aisha-9,3.1
2026-09-17T17:40:08Z,s-p-aisha-9,4.2
2026-09-17T17:40:08.500000Z,s-p-aisha-9,3.0
2026-09-17T17:40:09Z,s-p-aisha-9,5.0
2026-09-17T17:40:09.500000Z,s-p-aisha-9,4.4
2026-09-17T17:40:10Z,s-p-aisha-9,4.2
2026-09-17T17:40:10.500000Z,s-p-aisha-9,5.0
2026-09-17T17:40:11Z,s-p-aisha-9,5.2
2026-09-17T17:40:11.500000Z,s-p-aisha-9,5.2
2026-09-17T17:40:12Z,s-p-aisha-9,3.9
2026-09-17T17:40:12.500000Z,s-p-aisha-9,5.4
2026-09-17T17:40:13Z,s-p-aisha-9,4.9
2026-09-17T17:40:13.500000Z,s-p-aisha-9,5.1
2026-09-17T17:40:14Z,s-p-aisha-9,5.9
2026-09-17T17:40:14.500000Z,s-p-aisha-9,5.0
2026-09-17T17:40:15Z,s-p-aisha-9,5.4
2026-09-17T17:40:15.500000Z,s-p-aisha-9,3.3
2026-09-17T17:40:16Z,s-p-aisha-9,3.4
2026-09-17T17:40:16.500000Z,s-p-aisha-9,3.6
2026-09-17T17:40:17Z,s-p-aisha-9,5.4
2026-09-17T17:40:17.500000Z,s-p-aisha-9,5.1
2026-09-17T17:40:18Z,s-p-aisha-9,3.6
2026-09-17T17:40:18.500000Z,s-p-aisha-9,3.1
2026-09-17T17:40:19Z,s-p-aisha-9,4.4
2026-09-17T17:40:19.500000Z,s-p-aisha-9,3.4
2026-09-17T17:40:20Z,s-p-aisha-9,3.7
2026-09-17T17:40:20.500000Z,s-p-aisha-9,5.5
2026-09-17T17:40:21Z,s-p-aisha-9,5.6
2026-09-17T17:40:21.500000Z,s-p-aisha-9,4.6
2026-09-17T17:40:22Z,s-p-aisha-9,3.3
2026-09-17T17:40:22.500000Z,s-p-aisha-9,5.3
2026-09-17T17:40:23Z,s-p-aisha-9,3.4
2026-09-17T17:40:23.500000Z,s-p-aisha-9,4.3
2026-09-17T17:40:24Z,s-p-aisha-9,3.3
2026-09-17T17:40:24.500000Z,s-p-aisha-9,5.7
2026-09-17T17:40:25Z,s-p-aisha-9,5.2
2026-09-17T17:40:25.500000Z,s-p-aisha-9,4.3
2026-09-17T17:40:26Z,s-p-aisha-9,4.5
2026-09-18T18:37:00Z,s-p-aisha-8,3.0
2026-09-18T18:37:00.500000Z,s-p-aisha-8,4.9
2026-09-18T18:37:01Z,s-p-aisha-8,5.1
2026-09-18T18:37:01.500000Z,s-p-aisha-8,5.9
2026-09-18T18:37:02Z,s-p-aisha-8,5.5
2026-09-18T18:37:02.500000Z,s-p-aisha-8,5.2
2026-09-18T18:37:03Z,s-p-aisha-8,4.8
2026-09-18T18:37:03.500000Z,s-p-aisha-8,4.7
2026-09-18T18:37:04Z,s-p-aisha-8,3.9
2026-09-18T18:37:04.500000Z,s-p-aisha-8,4.5
2026-09-18T18:37:05Z,s-p-aisha-8,4.5
2026-09-18T18:37:05.500000Z,s-p-aisha-8,27.1
2026-09-18T18:37:06Z,s-p-aisha-8,51.0
2026-09-18T18:37:06.500000Z,s-p-aisha-8,66.4
2026-09-18T18:37:07Z,s-p-aisha-8,73.1
2026-09-18T18:37:07.500000Z,s-p-aisha-8,64.3
2026-09-18T18:37:08Z,s-p-aisha-8,51.0
2026-09-18T18:37:08.500000Z,s-p-aisha-8,26.5
2026-09-18T18:37:09Z,s-p-aisha-8,4.0
2026-09-18T18:37:09.500000Z,s-p-aisha-8,3.1
2026-09-18T18:37:10Z,s-p-aisha-8,3.9
2026-09-18T18:37:10.500000Z,s-p-aisha-8,3.6
2026-09-18T18:37:11Z,s-p-aisha-8,4.0
2026-09-18T18:37:11.500000Z,s-p-aisha-8,3.7
2026-09-18T18:37:12Z,s-p-aisha-8,3.7
2026-09-18T18:37:12.500000Z,s-p-aisha-8,5.7
2026-09-18T18:37:13Z,s-p-aisha-8,4.0
2026-09-18T18:37:13.500000Z,s-p-aisha-8,4.8
2026-09-18T18:37:14Z,s-p-aisha-8,5.5
2026-09-18T18:37:14.500000Z,s-p-aisha-8,5.0
2026-09-18T18:37:15Z,s-p-aisha-8,3.4
2026-09-18T18:37:15.500000Z,s-p-aisha-8,3.9
2026-09-18T18:37:16Z,s-p-aisha-8,5.1
2026-09-18T18:37:16.500000Z,s-p-aisha-8,5.9
2026-09-18T18:37:17Z,s-p-aisha-8,5.5
2026-09-18T18:37:17.500000Z,s-p-aisha-8,5.0
2026-09-18T18:37:18Z,s-p-aisha-8,5.2
2026-09-18T18:37:18.500000Z,s-p-aisha-8,5.4
2026-09-18T18:37:19Z,s-p-aisha-8,5.4
2026-09-18T18:37:19.500000Z,s-p-aisha-8,5.5
2026-09-18T18:37:20Z,s-p-aisha-8,4.9
2026-09-18T18:37:20.500000Z,s-p-aisha-8,3.8
2026-09-18T18:37:21Z,s-p-aisha-8,5.2
2026-09-18T18:37:21.500000Z,s-p-aisha-8,5.0
2026-09-18T18:37:22Z,s-p-aisha-8,3.4
2026-09-18T18:37:22.500000Z,s-p-aisha-8,3.6
2026-09-18T18:37:23Z,s-p-aisha-8,4.8
2026-09-18T18:37:23.500000Z,s-p-aisha-8,3.3
2026-09-18T18:37:24Z,s-p-aisha-8,4.2
2026-09-18T18:37:24.500000Z,s-p-aisha-8,6.0
2026-09-18T18:37:25Z,s-p-aisha-8,3.9
2026-09-18T18:37:25.500000Z,s-p-aisha-8,17.4
2026-09-18T18:37:26Z,s-p-aisha-8,41.0
2026-09-18T18:37:26.500000Z,s-p-aisha-8,63.1
2026-09-18T18:37:27Z,s-p-aisha-8,68.8
2026-09-18T18:37:27.500000Z,s-p-aisha-8,72.6
2026-09-18T18:37:28Z,s-p-aisha-8,57.7
2026-09-18T18:37:28.500000Z,s-p-aisha-8,38.5
2026-09-18T18:37:29Z,s-p-aisha-8,11.4
2026-09-18T18:37:29.500000Z,s-p-aisha-8,4.1
2026-09-18T18:37:30Z,s-p-aisha-8,3.1
2026-09-18T18:37:30.500000Z,s-p-aisha-8,5.6
2026-09-18T18:37:31Z,s-p-aisha-8,3.8
2026-09-18T18:37:31.500000Z,s-p-aisha-8,3.5
2026-09-18T18:37:32Z,s-p-aisha-8,5.1
2026-09-18T18:37:32.500000Z,s-p-aisha-8,4.5
2026-09-18T18:37:33Z,s-p-aisha-8,5.0
2026-09-18T18:37:33.500000Z,s-p-aisha-8,5.1
2026-09-18T18:37:34Z,s-p-aisha-8,5.8
2026-09-18T18:37:34.500000Z,s-p-aisha-8,4.3
2026-09-18T18:37:35Z,s-p-aisha-8,4.4
2026-09-18T18:37:35.500000Z,s-p-aisha-8,5.5
2026-09-18T18:37:36Z,s-p-aisha-8,3.3
2026-09-18T18:37:36.500000Z,s-p-aisha-8,3.3
2026-09-18T18:37:37Z,s-p-aisha-8,4.8
2026-09-18T18:37:37.500000Z,s-p-aisha-8,5.3
2026-09-18T18:37:38Z,s-p-aisha-8,5.8
2026-09-18T18:37:38.500000Z,s-p-aisha-8,5.5
2026-09-18T18:37:39Z,s-p-aisha-8,3.1
2026-09-18T18:37:39.500000Z,s-p-aisha-8,3.3
2026-09-18T18:37:40Z,s-p-aisha-8,4.9
2026-09-18T18:37:40.500000Z,s-p-aisha-8,5.6
2026-09-18T18:37:41Z,s-p-aisha-8,5.7
2026-09-18T18:37:41.500000Z,s-p-aisha-8,3.5
2026-09-18T18:37:42Z,s-p-aisha-8,3.9
2026-09-18T18:37:42.500000Z,s-p-aisha-8,4.3
2026-09-18T18:37:43Z,s-p-aisha-8,4.5
2026-09-18T18:37:43.500000Z,s-p-aisha-8,5.2
2026-09-18T18:37:44Z,s-p-aisha-8,3.3
2026-09-18T18:37:44.500000Z,s-p-aisha-8,4.9
2026-09-18T18:37:45Z,s-p-aisha-8,4.0
2026-09-18T18:37:45.500000Z,s-p-aisha-8,5.5
2026-09-18T18:37:46Z,s-p-aisha-8,32.9
2026-09-18T18:37:46.500000Z,s-p-aisha-8,55.9
2026-09-18T18:37:47Z,s-p-aisha-8,69.4
2026-09-18T18:37:47.500000Z,s-p-aisha-8,74.3
2026-09-18T18:37:48Z,s-p-aisha-8,62.8
2026-09-18T18:37:48.500000Z,s-p-aisha-8,46.1
2026-09-18T18:37:49Z,s-p-aisha-8,21.8
2026-09-18T18:37:49.500000Z,s-p-aisha-8,4.3
2026-09-18T18:37:50Z,s-p-aisha-8,3.7
2026-09-18T18:37:50.500000Z,s-p-aisha-8,5.4
2026-09-18T18:37:51Z,s-p-aisha-8,4.2
2026-09-18T18:37:51.500000Z,s-p-aisha-8,4.2
2026-09-18T18:37:52Z,s-p-aisha-8,4.4
2026-09-18T18:37:52.500000Z,s-p-aisha-8,5.6
2026-09-18T18:37:53Z,s-p-aisha-8,5.4
2026-09-18T18:37:53.500000Z,s-p-aisha-8,4.1
2026-09-18T18:37:54Z,s-p-aisha-8,3.1
2026-09-18T18:37:54.500000Z,s-p-aisha-8,3.4
2026-09-18T18:37:55Z,s-p-aisha-8,3.0
2026-09-18T18:37:55.500000Z,s-p-aisha-8,5.4
2026-09-18T18:37:56Z,s-p-aisha-8,5.8
2026-09-18T18:37:56.500000Z,s-p-aisha-8,3.3
2026-09-18T18:37:57Z,s-p-aisha-8,3.9
2026-09-18T18:37:57.500000Z,s-p-aisha-8,5.9
2026-09-18T18:37:58Z,s-p-aisha-8,3.5
2026-09-18T18:37:58.500000Z,s-p-aisha-8,3.2
2026-09-18T18:37:59Z,s-p-aisha-8,5.3
2026-09-18T18:37:59.500000Z,s-p-aisha-8,5.0
2026-09-18T18:38:00Z,s-p-aisha-8,4.9
2026-09-18T18:38:00.500000Z,s-p-aisha-8,5.7
2026-09-18T18:38:01Z,s-p-aisha-8,3.2
2026-09-18T18:38:01.500000Z,s-p-aisha-8,4.9
2026-09-18T18:38:02Z,s-p-aisha-8,5.1
2026-09-18T18:38:02.500000Z,s-p-aisha-8,5.0
2026-09-18T18:38:03Z,s-p-aisha-8,4.6
2026-09-18T18:38:03.500000Z,s-p-aisha-8,3.9
2026-09-18T18:38:04Z,s-p-aisha-8,4.2
2026-09-18T18:38:04.500000Z,s-p-aisha-8,5.0
2026-09-18T18:38:05Z,s-p-aisha-8,4.7
2026-09-18T18:38:05.500000Z,s-p-aisha-8,3.9
2026-09-18T18:38:06Z,s-p-aisha-8,21.5
2026-09-18T18:38:06.500000Z,s-p-aisha-8,47.6
2026-09-18T18:38:07Z,s-p-aisha-8,61.9
2026-09-18T18:38:07.500000Z,s-p-aisha-8,72.1
2026-09-18T18:38:08Z,s-p-aisha-8,68.2
2026-09-18T18:38:08.500000Z,s-p-aisha-8,54.1
2026-09-18T18:38:09Z,s-p-aisha-8,31.6
2026-09-18T18:38:09.500000Z,s-p-aisha-8,5.7
2026-09-18T18:38:10Z,s-p-aisha-8,3.6
2026-09-18T18:38:10.500000Z,s-p-aisha-8,3.9
2026-09-18T18:38:11Z,s-p-aisha-8,3.1
2026-09-18T18:38:11.500000Z,s-p-aisha-8,4.0
2026-09-18T18:38:12Z,s-p-aisha-8,5.2
2026-09-18T18:38:12.500000Z,s-p-aisha-8,5.2
2026-09-18T18:38:13Z,s-p-aisha-8,3.4
2026-09-18T18:38:13.500000Z,s-p-aisha-8,6.0
2026-09-18T18:38:14Z,s-p-aisha-8,3.9
2026-09-18T18:38:14.500000Z,s-p-aisha-8,3.3
2026-09-18T18:38:15Z,s-p-aisha-8,4.7
2026-09-18T18:38:15.500000Z,s-p-aisha-8,4.6
2026-09-18T18:38:16Z,s-p-aisha-8,5.3
2026-09-18T18:38:16.500000Z,s-p-aisha-8,3.5
2026-09-18T18:38:17Z,s-p-aisha-8,3.1
2026-09-18T18:38:17.500000Z,s-p-aisha-8,5.4
2026-09-18T18:38:18Z,s-p-aisha-8,4.8
2026-09-18T18:38:18.500000Z,s-p-aisha-8,3.7
2026-09-18T18:38:19Z,s-p-aisha-8,5.3
2026-09-18T18:38:19.500000Z,s-p-aisha-8,5.2
2026-09-18T18:38:20Z,s-p-aisha-8,6.0
2026-09-18T18:38:20.500000Z,s-p-aisha-8,3.3
2026-09-18T18:38:21Z,s-p-aisha-8,3.2
2026-09-18T18:38:21.500000Z,s-p-aisha-8,4.1
2026-09-18T18:38:22Z,s-p-aisha-8,4.9
2026-09-18T18:38:22.500000Z,s-p-aisha-8,4.1
2026-09-18T18:38:23Z,s-p-aisha-8,3.1
2026-09-18T18:38:23.500000Z,s-p-aisha-8,5.0
2026-09-18T18:38:24Z,s-p-aisha-8,3.4
2026-09-18T18:38:24.500000Z,s-p-aisha-8,3.9
2026-09-18T18:38:25Z,s-p-aisha-8,5.2
2026-09-18T18:38:25.500000Z,s-p-aisha-8,4.4
2026-09-18T18:38:26Z,s-p-aisha-8,11.0
2026-09-18T18:38:26.500000Z,s-p-aisha-8,37.4
2026-09-18T18:38:27Z,s-p-aisha-8,57.6
2026-09-18T18:38:27.500000Z,s-p-aisha-8,69.5
2026-09-18T18:38:28Z,s-p-aisha-8,72.4
2026-09-18T18:38:28.500000Z,s-p-aisha-8,60.3
2026-09-18T18:38:29Z,s-p-aisha-8,41.6
2026-09-18T18:38:29.500000Z,s-p-aisha-8,17.2
2026-09-18T18:38:30Z,s-p-aisha-8,4.0
2026-09-18T18:38:30.500000Z,s-p-aisha-8,4.7
2026-09-18T18:38:31Z,s-p-aisha-8,5.5
2026-09-18T18:38:31.500000Z,s-p-aisha-8,4.1
2026-09-18T18:38:32Z,s-p-aisha-8,3.3
2026-09-18T18:38:32.500000Z,s-p-aisha-8,5.1
2026-09-18T18:38:33Z,s-p-aisha-8,5.5
2026-09-18T18:38:33.500000Z,s-p-aisha-8,3.2
2026-09-18T18:38:34Z,s-p-aisha-8,3.2
2026-09-18T18:38:34.500000Z,s-p-aisha-8,5.7
2026-09-18T18:38:35Z,s-p-aisha-8,4.4
2026-09-18T18:38:35.500000Z,s-p-aisha-8,4.3
2026-09-18T18:38:36Z,s-p-aisha-8,4.1
2026-09-18T18:38:36.500000Z,s-p-aisha-8,4.6
2026-09-18T18:38:37Z,s-p-aisha-8,4.8
2026-09-18T18:38:37.500000Z,s-p-aisha-8,4.6
2026-09-18T18:38:38Z,s-p-aisha-8,4.2
2026-09-18T18:38:38.500000Z,s-p-aisha-8,3.8
2026-09-18T18:38:39Z,s-p-aisha-8,4.5
2026-09-18T18:38:39.500000Z,s-p-aisha-8,4.3
2026-09-18T18:38:40Z,s-p-aisha-8,4.3
2026-09-18T18:38:40.500000Z,s-p-aisha-8,5.8
2026-09-18T18:38:41Z,s-p-aisha-8,4.5
2026-09-18T18:38:41.500000Z,s-p-aisha-8,5.9
2026-09-18T18:38:42Z,s-p-aisha-8,5.5
2026-09-18T18:38:42.500000Z,s-p-aisha-8,3.4
2026-09-18T18:38:43Z,s-p-aisha-8,3.4
2026-09-18T18:38:43.500000Z,s-p-aisha-8,5.1
2026-09-18T18:38:44Z,s-p-aisha-8,3.4
2026-09-18T18:38:44.500000Z,s-p-aisha-8,5.1
2026-09-18T18:38:45Z,s-p-aisha-8,5.6
2026-09-18T18:38:45.500000Z,s-p-aisha-8,3.4
2026-09-18T18:38:46Z,s-p-aisha-8,3.6
2026-09-18T18:38:46.500000Z,s-p-aisha-8,26.5
2026-09-18T18:38:47Z,s-p-aisha-8,49.0
2026-09-18T18:38:47.500000Z,s-p-aisha-8,67.0
2026-09-18T18:38:48Z,s-p-aisha-8,71.6
2026-09-18T18:38:48.500000Z,s-p-aisha-8,68.4
2026-09-18T18:38:49Z,s-p-aisha-8,48.8
2026-09-18T18:38:49.500000Z,s-p-aisha-8,27.6
2026-09-18T18:38:50Z,s-p-aisha-8,5.4
2026-09-18T18:38:50.500000Z,s-p-aisha-8,4.8
2026-09-18T18:38:51Z,s-p-aisha-8,3.1
2026-09-18T18:38:51.500000Z,s-p-aisha-8,5.7
2026-09-18T18:38:52Z,s-p-aisha-8,5.7
2026-09-18T18:38:52.500000Z,s-p-aisha-8,3.6
2026-09-18T18:38:53Z,s-p-aisha-8,5.5
2026-09-18T18:38:53.500000Z,s-p-aisha-8,4.5
2026-09-18T18:38:54Z,s-p-aisha-8,3.4
2026-09-18T18:38:54.500000Z,s-p-aisha-8,4.0
2026-09-18T18:38:55Z,s-p-aisha-8,5.6
2026-09-18T18:38:55.500000Z,s-p-aisha-8,4.3
2026-09-18T18:38:56Z,s-p-aisha-8,4.7
2026-09-18T18:38:56.500000Z,s-p-aisha-8,4.7
2026-09-18T18:38:57Z,s-p-aisha-8,5.7
2026-09-18T18:38:57.500000Z,s-p-aisha-8,5.3
2026-09-18T18:38:58Z,s-p-aisha-8,4.4
2026-09-18T18:38:58.500000Z,s-p-aisha-8,5.2
2026-09-18T18:38:59Z,s-p-aisha-8,4.8
2026-09-18T18:38:59.500000Z,s-p-aisha-8,5.3
2026-09-18T18:39:00Z,s-p-aisha-8,4.5
2026-09-18T18:39:00.500000Z,s-p-aisha-8,4.4
2026-09-18T18:39:01Z,s-p-aisha-8,4.3
2026-09-18T18:39:01.500000Z,s-p-aisha-8,4.3
2026-09-18T18:39:02Z,s-p-aisha-8,5.6
2026-09-18T18:39:02.500000Z,s-p-aisha-8,4.0
2026-09-18T18:39:03Z,s-p-aisha-8,5.4
2026-09-18T18:39:03.500000Z,s-p-aisha-8,5.0
2026-09-18T18:39:04Z,s-p-aisha-8,4.2
2026-09-18T18:39:04.500000Z,s-p-aisha-8,3.7
2026-09-18T18:39:05Z,s-p-aisha-8,4.2
2026-09-18T18:39:05.500000Z,s-p-aisha-8,4.6
2026-09-18T18:39:06Z,s-p-aisha-8,5.9
2026-09-18T18:39:06.500000Z,s-p-aisha-8,16.5
2026-09-18T18:39:07Z,s-p-aisha-8,41.0
2026-09-18T18:39:07.500000Z,s-p-aisha-8,61.0
2026-09-18T18:39:08Z,s-p-aisha-8,69.9
2026-09-18T18:39:08.500000Z,s-p-aisha-8,72.2
2026-09-18T18:39:09Z,s-p-aisha-8,59.7
2026-09-18T18:39:09.500000Z,s-p-aisha-8,37.4
2026-09-18T18:39:10Z,s-p-aisha-8,11.2
2026-09-18T18:39:10.500000Z,s-p-aisha-8,3.6
2026-09-18T18:39:11Z,s-p-aisha-8,4.4
2026-09-18T18:39:11.500000Z,s-p-aisha-8,5.7
2026-09-18T18:39:12Z,s-p-aisha-8,3.4
2026-09-18T18:39:12.500000Z,s-p-aisha-8,5.8
2026-09-18T18:39:13Z,s-p-aisha-8,3.5
2026-09-18T18:39:13.500000Z,s-p-aisha-8,3.1
2026-09-18T18:39:14Z,s-p-aisha-8,5.4
2026-09-18T18:39:14.500000Z,s-p-aisha-8,3.7
2026-09-18T18:39:15Z,s-p-aisha-8,5.1
2026-09-18T18:39:15.500000Z,s-p-aisha-8,5.7
2026-09-18T18:39:16Z,s-p-aisha-8,4.3
2026-09-18T18:39:16.500000Z,s-p-aisha-8,5.4
2026-09-18T18:39:17Z,s-p-aisha-8,4.8
2026-09-18T18:39:17.500000Z,s-p-aisha-8,4.2
2026-09-18T18:39:18Z,s-p-aisha-8,3.1
2026-09-18T18:39:18.500000Z,s-p-aisha-8,5.6
2026-09-18T18:39:19Z,s-p-aisha-8,3.1
2026-09-18T18:39:19.500000Z,s-p-aisha-8,4.3
2026-09-18T18:39:20Z,s-p-aisha-8,4.2
2026-09-18T18:39:20.500000Z,s-p-aisha-8,5.6
2026-09-18T18:39:21Z,s-p-aisha-8,4.0
2026-09-18T18:39:21.500000Z,s-p-aisha-8,3.8
2026-09-18T18:39:22Z,s-p-aisha-8,3.3
2026-09-18T18:39:22.500000Z,s-p-aisha-8,3.3
2026-09-18T18:39:23Z,s-p-aisha-8,3.5
2026-09-18T18:39:23.500000Z,s-p-aisha-8,3.4
2026-09-18T18:39:24Z,s-p-aisha-8,3.8
2026-09-18T18:39:24.500000Z,s-p-aisha-8,3.3
2026-09-18T18:39:25Z,s-p-aisha-8,3.9
2026-09-18T18:39:25.500000Z,s-p-aisha-8,4.2
2026-09-18T18:39:26Z,s-p-aisha-8,3.5
2026-09-18T18:39:26.500000Z,s-p-aisha-8,5.7
2026-09-18T18:39:27Z,s-p-aisha-8,33.9
2026-09-18T18:39:27.500000Z,s-p-aisha-8,55.6
2026-09-18T18:39:28Z,s-p-aisha-8,69.5
2026-09-18T18:39:28.500000Z,s-p-aisha-8,69.8
2026-09-18T18:39:29Z,s-p-aisha-8,65.7
2026-09-18T18:39:29.500000Z,s-p-aisha-8,46.4
2026-09-18T18:39:30Z,s-p-aisha-8,21.8
2026-09-18T18:39:30.500000Z,s-p-aisha-8,4.2
2026-09-18T18:39:31Z,s-p-aisha-8,3.3
2026-09-18T18:39:31.500000Z,s-p-aisha-8,3.2
2026-09-18T18:39:32Z,s-p-aisha-8,4.4
2026-09-18T18:39:32.500000Z,s-p-aisha-8,4.2
2026-09-18T18:39:33Z,s-p-aisha-8,4.5
2026-09-18T18:39:33.500000Z,s-p-aisha-8,4.2
2026-09-18T18:39:34Z,s-p-aisha-8,3.7
2026-09-18T18:39:34.500000Z,s-p-aisha-8,5.7
2026-09-18T18:39:35Z,s-p-aisha-8,3.8
2026-09-18T18:39:35.500000Z,s-p-aisha-8,5.9
2026-09-18T18:39:36Z,s-p-aisha-8,5.0
2026-09-18T18:39:36.500000Z,s-p-aisha-8,3.7
2026-09-18T18:39:37Z,s-p-aisha-8,4.7
2026-09-18T18:39:37.500000Z,s-p-aisha-8,5.4
2026-09-18T18:39:38Z,s-p-aisha-8,3.9
2026-09-18T18:39:38.500000Z,s-p-aisha-8,4.2
2026-09-18T18:39:39Z,s-p-aisha-8,3.3
2026-09-18T18:39:39.500000Z,s-p-aisha-8,4.9
2026-09-18T18:39:40Z,s-p-aisha-8,3.6
2026-09-18T18:39:40.500000Z,s-p-aisha-8,5.9
2026-09-18T18:39:41Z,s-p-aisha-8,4.1
2026-09-18T18:39:41.500000Z,s-p-aisha-8,6.0
2026-09-18T18:39:42Z,s-p-aisha-8,5.3
2026-09-18T18:39:42.500000Z,s-p-aisha-8,4.6
2026-09-18T18:39:43Z,s-p-aisha-8,4.3
2026-09-18T18:39:43.500000Z,s-p-aisha-8,5.7
2026-09-18T18:39:44Z,s-p-aisha-8,4.4
2026-09-18T18:39:44.500000Z,s-p-aisha-8,3.0
2026-09-18T18:39:45Z,s-p-aisha-8,4.4
2026-09-18T18:39:45.500000Z,s-p-aisha-8,5.5
2026-09-18T18:39:46Z,s-p-aisha-8,3.9
2026-09-18T18:39:46.500000Z,s-p-aisha-8,5.9
2026-09-18T18:39:47Z,s-p-aisha-8,21.4
2026-09-18T18:39:47.500000Z,s-p-aisha-8,46.4
2026-09-18T18:39:48Z,s-p-aisha-8,64.8
2026-09-18T18:39:48.500000Z,s-p-aisha-8,71.0
2026-09-18T18:39:49Z,s-p-aisha-8,68.4
2026-09-18T18:39:49.500000Z,s-p-aisha-8,53.7
2026-09-18T18:39:50Z,s-p-aisha-8,33.2
2026-09-18T18:39:50.500000Z,s-p-aisha-8,5.8
2026-09-18T18:39:51Z,s-p-aisha-8,3.4
2026-09-18T18:39:51.500000Z,s-p-aisha-8,4.7
2026-09-18T18:39:52Z,s-p-aisha-8,3.8
2026-09-18T18:39:52.500000Z,s-p-aisha-8,4.3
2026-09-18T18:39:53Z,s-p-aisha-8,4.8
2026-09-18T18:39:53.500000Z,s-p-aisha-8,5.9
2026-09-18T18:39:54Z,s-p-aisha-8,4.0
2026-09-18T18:39:54.500000Z,s-p-aisha-8,5.0
2026-09-18T18:39:55Z,s-p-aisha-8,4.0
2026-09-18T18:39:55.500000Z,s-p-aisha-8,3.8
2026-09-18T18:39:56Z,s-p-aisha-8,5.3
2026-09-18T18:39:56.500000Z,s-p-aisha-8,4.4
2026-09-18T18:39:57Z,s-p-aisha-8,3.7
2026-09-18T18:39:57.500000Z,s-p-aisha-8,5.9
2026-09-18T18:39:58Z,s-p-aisha-8,4.0
2026-09-18T18:39:58.500000Z,s-p-aisha-8,4.4
2026-09-18T18:39:59Z,s-p-aisha-8,4.8
2026-09-18T18:39:59.500000Z,s-p-aisha-8,3.0
2026-09-18T18:40:00Z,s-p-aisha-8,5.1
2026-09-18T18:40:00.500000Z,s-p-aisha-8,4.9
2026-09-18T18:40:01Z,s-p-aisha-8,3.0
2026-09-18T18:40:01.500000Z,s-p-aisha-8,4.4
2026-09-18T18:40:02Z,s-p-aisha-8,5.7
2026-09-18T18:40:02.500000Z,s-p-aisha-8,5.0
2026-09-18T18:40:03Z,s-p-aisha-8,4.2
2026-09-18T18:40:03.500000Z,s-p-aisha-8,5.7
2026-09-18T18:40:04Z,s-p-aisha-8,5.1
2026-09-18T18:40:04.500000Z,s-p-aisha-8,5.3
2026-09-18T18:40:05Z,s-p-aisha-8,4.6
2026-09-18T18:40:05.500000Z,s-p-aisha-8,5.4
2026-09-18T18:40:06Z,s-p-aisha-8,4.9
2026-09-18T18:40:06.500000Z,s-p-aisha-8,3.2
2026-09-18T18:40:07Z,s-p-aisha-8,11.0
2026-09-18T18:40:07.500000Z,s-p-aisha-8,37.1
2026-09-18T18:40:08Z,s-p-aisha-8,56.7
2026-09-18T18:40:08.500000Z,s-p-aisha-8,70.8
2026-09-18T18:40:09Z,s-p-aisha-8,69.5
2026-09-18T18:40:09.500000Z,s-p-aisha-8,63.9
2026-09-18T18:40:10Z,s-p-aisha-8,40.8
2026-09-18T18:40:10.500000Z,s-p-aisha-8,17.2
2026-09-18T18:40:11Z,s-p-aisha-8,3.1
2026-09-18T18:40:11.500000Z,s-p-aisha-8,3.8
2026-09-18T18:40:12Z,s-p-aisha-8,5.8
2026-09-18T18:40:12.500000Z,s-p-aisha-8,4.1
2026-09-18T18:40:13Z,s-p-aisha-8,3.3
2026-09-18T18:40:13.500000Z,s-p-aisha-8,4.8
2026-09-18T18:40:14Z,s-p-aisha-8,3.9
2026-09-18T18:40:14.500000Z,s-p-aisha-8,5.2
2026-09-18T18:40:15Z,s-p-aisha-8,3.7
2026-09-18T18:40:15.500000Z,s-p-aisha-8,4.5
2026-09-18T18:40:16Z,s-p-aisha-8,4.1
2026-09-18T18:40:16.500000Z,s-p-aisha-8,3.8
2026-09-18T18:40:17Z,s-p-aisha-8,5.7
2026-09-18T18:40:17.500000Z,s-p-aisha-8,5.1
2026-09-18T18:40:18Z,s-p-aisha-8,3.6
2026-09-18T18:40:18.500000Z,s-p-aisha-8,3.6
2026-09-18T18:40:19Z,s-p-aisha-8,5.5
2026-09-18T18:40:19.500000Z,s-p-aisha-8,4.2
2026-09-18T18:40:20Z,s-p-aisha-8,5.6
2026-09-18T18:40:20.500000Z,s-p-aisha-8,4.7
2026-09-18T18:40:21Z,s-p-aisha-8,4.5
2026-09-18T18:40:21.500000Z,s-p-aisha-8,4.7
2026-09-18T18:40:22Z,s-p-aisha-8,5.0
2026-09-18T18:40:22.500000Z,s-p-aisha-8,4.7
2026-09-18T18:40:23Z,s-p-aisha-8,5.0
2026-09-18T18:40:23.500000Z,s-p-aisha-8,4.7
2026-09-18T18:40:24Z,s-p-aisha-8,3.2
2026-09-18T18:40:24.500000Z,s-p-aisha-8,3.4
2026-09-18T18:40:25Z,s-p-aisha-8,3.2
2026-09-18T18:40:25.500000Z,s-p-aisha-8,3.8
2026-09-18T18:40:26Z,s-p-aisha-8,4.7
2026-09-18T18:40:26.500000Z,s-p-aisha-8,3.7
2026-09-18T18:40:27Z,s-p-aisha-8,4.6
2026-09-18T18:40:27.500000Z,s-p-aisha-8,5.3
2026-09-18T18:40:28Z,s-p-aisha-8,3.6
2026-09-18T18:40:28.500000Z,s-p-aisha-8,5.0
2026-09-18T18:40:29Z,s-p-aisha-8,6.0
2026-09-18T18:40:29.500000Z,s-p-aisha-8,5.1
2026-09-18T18:40:30Z,s-p-aisha-8,4.6
2026-09-18T18:40:30.500000Z,s-p-aisha-8,3.8
2026-09-18T18:40:31Z,s-p-aisha-8,4.7
2026-09-18T18:40:31.500000Z,s-p-aisha-8,4.4
2026-09-18T18:40:32Z,s-p-aisha-8,5.8
2026-09-18T18:40:32.500000Z,s-p-aisha-8,4.9
2026-09-18T18:40:33Z,s-p-aisha-8,5.8
2026-09-18T18:40:33.500000Z,s-p-aisha-8,3.2
2026-09-18T18:40:34Z,s-p-aisha-8,5.8
2026-09-18T18:40:34.500000Z,s-p-aisha-8,4.3
2026-09-18T18:40:35Z,s-p-aisha-8,6.0
2026-09-18T18:40:35.500000Z,s-p-aisha-8,3.8
2026-09-18T18:40:36Z,s-p-aisha-8,5.0
2026-09-18T18:40:36.500000Z,s-p-aisha-8,4.4
2026-09-18T18:40:37Z,s-p-aisha-8,4.1
2026-09-18T18:40:37.500000Z,s-p-aisha-8,5.3
2026-09-18T18:40:38Z,s-p-aisha-8,5.7
2026-09-18T18:40:38.500000Z,s-p-aisha-8,3.7
2026-09-18T18:40:39Z,s-p-aisha-8,3.8
2026-09-18T18:40:39.500000Z,s-p-aisha-8,4.3
2026-09-18T18:40:40Z,s-p-aisha-8,4.3
2026-09-18T18:40:40.500000Z,s-p-aisha-8,3.0
2026-09-18T18:40:41Z,s-p-aisha-8,3.6
2026-09-18T18:40:41.500000Z,s-p-aisha-8,3.2
2026-09-18T18:40:42Z,s-p-aisha-8,4.7
2026-09-19T19:14:00Z,s-p-aisha-7,4.0
2026-09-19T19:14:00.500000Z,s-p-aisha-7,3.2
2026-09-19T19:14:01Z,s-p-aisha-7,4.9
2026-09-19T19:14:01.500000Z,s-p-aisha-7,3.1
2026-09-19T19:14:02Z,s-p-aisha-7,4.3
2026-09-19T19:14:02.500000Z,s-p-aisha-7,3.1
2026-09-19T19:14:03Z,s-p-aisha-7,5.4
2026-09-19T19:14:03.500000Z,s-p-aisha-7,5.8
2026-09-19T19:14:04Z,s-p-aisha-7,5.5
2026-09-19T19:14:04.500000Z,s-p-aisha-7,3.7
2026-09-19T19:14:05Z,s-p-aisha-7,4.4
2026-09-19T19:14:05.500000Z,s-p-aisha-7,28.3
2026-09-19T19:14:06Z,s-p-aisha-7,54.8
2026-09-19T19:14:06.500000Z,s-p-aisha-7,69.6
2026-09-19T19:14:07Z,s-p-aisha-7,78.3
2026-09-19T19:14:07.500000Z,s-p-aisha-7,72.2
2026-09-19T19:14:08Z,s-p-aisha-7,51.9
2026-09-19T19:14:08.500000Z,s-p-aisha-7,28.2
2026-09-19T19:14:09Z,s-p-aisha-7,5.1
2026-09-19T19:14:09.500000Z,s-p-aisha-7,3.2
2026-09-19T19:14:10Z,s-p-aisha-7,5.4
2026-09-19T19:14:10.500000Z,s-p-aisha-7,3.2
2026-09-19T19:14:11Z,s-p-aisha-7,4.8
2026-09-19T19:14:11.500000Z,s-p-aisha-7,4.3
2026-09-19T19:14:12Z,s-p-aisha-7,3.3
2026-09-19T19:14:12.500000Z,s-p-aisha-7,3.2
2026-09-19T19:14:13Z,s-p-aisha-7,3.2
2026-09-19T19:14:13.500000Z,s-p-aisha-7,5.5
2026-09-19T19:14:14Z,s-p-aisha-7,4.2
2026-09-19T19:14:14.500000Z,s-p-aisha-7,4.9
2026-09-19T19:14:15Z,s-p-aisha-7,4.2
2026-09-19T19:14:15.500000Z,s-p-aisha-7,5.6
2026-09-19T19:14:16Z,s-p-aisha-7,5.4
2026-09-19T19:14:16.500000Z,s-p-aisha-7,4.9
2026-09-19T19:14:17Z,s-p-aisha-7,4.4
2026-09-19T19:14:17.500000Z,s-p-aisha-7,4.4
2026-09-19T19:14:18Z,s-p-aisha-7,4.3
2026-09-19T19:14:18.500000Z,s-p-aisha-7,4.9
2026-09-19T19:14:19Z,s-p-aisha-7,3.3
2026-09-19T19:14:19.500000Z,s-p-aisha-7,5.0
2026-09-19T19:14:20Z,s-p-aisha-7,5.0
2026-09-19T19:14:20.500000Z,s-p-aisha-7,3.1
2026-09-19T19:14:21Z,s-p-aisha-7,4.6
2026-09-19T19:14:21.500000Z,s-p-aisha-7,4.8
2026-09-19T19:14:22Z,s-p-aisha-7,3.3
2026-09-19T19:14:22.500000Z,s-p-aisha-7,3.0
2026-09-19T19:14:23Z,s-p-aisha-7,5.1
2026-09-19T19:14:23.500000Z,s-p-aisha-7,22.8
2026-09-19T19:14:24Z,s-p-aisha-7,50.8
2026-09-19T19:14:24.500000Z,s-p-aisha-7,68.4
2026-09-19T19:14:25Z,s-p-aisha-7,74.9
2026-09-19T19:14:25.500000Z,s-p-aisha-7,74.3
2026-09-19T19:14:26Z,s-p-aisha-7,59.4
2026-09-19T19:14:26.500000Z,s-p-aisha-7,34.4
2026-09-19T19:14:27Z,s-p-aisha-7,6.0
2026-09-19T19:14:27.500000Z,s-p-aisha-7,4.8
2026-09-19T19:14:28Z,s-p-aisha-7,4.6
2026-09-19T19:14:28.500000Z,s-p-aisha-7,3.4
2026-09-19T19:14:29Z,s-p-aisha-7,4.4
2026-09-19T19:14:29.500000Z,s-p-aisha-7,4.8
2026-09-19T19:14:30Z,s-p-aisha-7,3.9
2026-09-19T19:14:30.500000Z,s-p-aisha-7,5.9
2026-09-19T19:14:31Z,s-p-aisha-7,4.6
2026-09-19T19:14:31.500000Z,s-p-aisha-7,5.0
2026-09-19T19:14:32Z,s-p-aisha-7,3.4
2026-09-19T19:14:32.500000Z,s-p-aisha-7,3.7
2026-09-19T19:14:33Z,s-p-aisha-7,5.5
2026-09-19T19:14:33.500000Z,s-p-aisha-7,4.7
2026-09-19T19:14:34Z,s-p-aisha-7,3.2
2026-09-19T19:14:34.500000Z,s-p-aisha-7,4.0
2026-09-19T19:14:35Z,s-p-aisha-7,5.9
2026-09-19T19:14:35.500000Z,s-p-aisha-7,4.9
2026-09-19T19:14:36Z,s-p-aisha-7,3.6
2026-09-19T19:14:36.500000Z,s-p-aisha-7,3.2
2026-09-19T19:14:37Z,s-p-aisha-7,3.6
2026-09-19T19:14:37.500000Z,s-p-aisha-7,4.4
2026-09-19T19:14:38Z,s-p-aisha-7,5.1
2026-09-19T19:14:38.500000Z,s-p-aisha-7,4.4
2026-09-19T19:14:39Z,s-p-aisha-7,5.1
2026-09-19T19:14:39.500000Z,s-p-aisha-7,5.6
2026-09-19T19:14:40Z,s-p-aisha-7,4.7
2026-09-19T19:14:40.500000Z,s-p-aisha-7,4.0
2026-09-19T19:14:41Z,s-p-aisha-7,3.9
2026-09-19T19:14:41.500000Z,s-p-aisha-7,18.3
2026-09-19T19:14:42Z,s-p-aisha-7,43.2
2026-09-19T19:14:42.500000Z,s-p-aisha-7,62.6
2026-09-19T19:14:43Z,s-p-aisha-7,73.8
2026-09-19T19:14:43.500000Z,s-p-aisha-7,75.5
2026-09-19T19:14:44Z,s-p-aisha-7,60.1
2026-09-19T19:14:44.500000Z,s-p-aisha-7,38.7
2026-09-19T19:14:45Z,s-p-aisha-7,12.0
2026-09-19T19:14:45.500000Z,s-p-aisha-7,5.5
2026-09-19T19:14:46Z,s-p-aisha-7,3.0
2026-09-19T19:14:46.500000Z,s-p-aisha-7,3.0
2026-09-19T19:14:47Z,s-p-aisha-7,4.1
2026-09-19T19:14:47.500000Z,s-p-aisha-7,4.7
2026-09-19T19:14:48Z,s-p-aisha-7,3.4
2026-09-19T19:14:48.500000Z,s-p-aisha-7,4.3
2026-09-19T19:14:49Z,s-p-aisha-7,4.9
2026-09-19T19:14:49.500000Z,s-p-aisha-7,5.7
2026-09-19T19:14:50Z,s-p-aisha-7,4.1
2026-09-19T19:14:50.500000Z,s-p-aisha-7,5.9
2026-09-19T19:14:51Z,s-p-aisha-7,3.6
2026-09-19T19:14:51.500000Z,s-p-aisha-7,3.9
2026-09-19T19:14:52Z,s-p-aisha-7,3.7
2026-09-19T19:14:52.500000Z,s-p-aisha-7,3.8
2026-09-19T19:14:53Z,s-p-aisha-7,3.5
2026-09-19T19:14:53.500000Z,s-p-aisha-7,5.5
2026-09-19T19:14:54Z,s-p-aisha-7,3.7
2026-09-19T19:14:54.500000Z,s-p-aisha-7,3.6
2026-09-19T19:14:55Z,s-p-aisha-7,3.5
2026-09-19T19:14:55.500000Z,s-p-aisha-7,3.8
2026-09-19T19:14:56Z,s-p-aisha-7,3.3
2026-09-19T19:14:56.500000Z,s-p-aisha-7,5.5
2026-09-19T19:14:57Z,s-p-aisha-7,3.4
2026-09-19T19:14:57.500000Z,s-p-aisha-7,5.0
2026-09-19T19:14:58Z,s-p-aisha-7,5.7
2026-09-19T19:14:58.500000Z,s-p-aisha-7,4.0
2026-09-19T19:14:59Z,s-p-aisha-7,3.6
2026-09-19T19:14:59.500000Z,s-p-aisha-7,12.0
2026-09-19T19:15:00Z,s-p-aisha-7,40.7
2026-09-19T19:15:00.500000Z,s-p-aisha-7,60.0
2026-09-19T19:15:01Z,s-p-aisha-7,74.2
2026-09-19T19:15:01.500000Z,s-p-aisha-7,77.2
2026-09-19T19:15:02Z,s-p-aisha-7,66.6
2026-09-19T19:15:02.500000Z,s-p-aisha-7,44.5
2026-09-19T19:15:03Z,s-p-aisha-7,18.0
2026-09-19T19:15:03.500000Z,s-p-aisha-7,4.3
2026-09-19T19:15:04Z,s-p-aisha-7,4.9
2026-09-19T19:15:04.500000Z,s-p-aisha-7,5.8
2026-09-19T19:15:05Z,s-p-aisha-7,5.3
2026-09-19T19:15:05.500000Z,s-p-aisha-7,4.8
2026-09-19T19:15:06Z,s-p-aisha-7,5.6
2026-09-19T19:15:06.500000Z,s-p-aisha-7,3.9
2026-09-19T19:15:07Z,s-p-aisha-7,3.4
2026-09-19T19:15:07.500000Z,s-p-aisha-7,3.7
2026-09-19T19:15:08Z,s-p-aisha-7,4.9
2026-09-19T19:15:08.500000Z,s-p-aisha-7,3.8
2026-09-19T19:15:09Z,s-p-aisha-7,3.4
2026-09-19T19:15:09.500000Z,s-p-aisha-7,4.5
2026-09-19T19:15:10Z,s-p-aisha-7,4.8
2026-09-19T19:15:10.500000Z,s-p-aisha-7,4.5
2026-09-19T19:15:11Z,s-p-aisha-7,5.2
2026-09-19T19:15:11.500000Z,s-p-aisha-7,5.4
2026-09-19T19:15:12Z,s-p-aisha-7,5.4
2026-09-19T19:15:12.500000Z,s-p-aisha-7,4.8
2026-09-19T19:15:13Z,s-p-aisha-7,3.5
2026-09-19T19:15:13.500000Z,s-p-aisha-7,4.2
2026-09-19T19:15:14Z,s-p-aisha-7,5.6
2026-09-19T19:15:14.500000Z,s-p-aisha-7,5.3
2026-09-19T19:15:15Z,s-p-aisha-7,4.1
2026-09-19T19:15:15.500000Z,s-p-aisha-7,4.6
2026-09-19T19:15:16Z,s-p-aisha-7,3.5
2026-09-19T19:15:16.500000Z,s-p-aisha-7,5.1
2026-09-19T19:15:17Z,s-p-aisha-7,4.6
2026-09-19T19:15:17.500000Z,s-p-aisha-7,5.7
2026-09-19T19:15:18Z,s-p-aisha-7,34.2
2026-09-19T19:15:18.500000Z,s-p-aisha-7,56.4
2026-09-19T19:15:19Z,s-p-aisha-7,73.9
2026-09-19T19:15:19.500000Z,s-p-aisha-7,76.0
2026-09-19T19:15:20Z,s-p-aisha-7,69.1
2026-09-19T19:15:20.500000Z,s-p-aisha-7,49.8
2026-09-19T19:15:21Z,s-p-aisha-7,22.8
2026-09-19T19:15:21.500000Z,s-p-aisha-7,3.8
2026-09-19T19:15:22Z,s-p-aisha-7,3.3
2026-09-19T19:15:22.500000Z,s-p-aisha-7,5.3
2026-09-19T19:15:23Z,s-p-aisha-7,3.9
2026-09-19T19:15:23.500000Z,s-p-aisha-7,4.6
2026-09-19T19:15:24Z,s-p-aisha-7,3.7
2026-09-19T19:15:24.500000Z,s-p-aisha-7,3.1
2026-09-19T19:15:25Z,s-p-aisha-7,4.5
2026-09-19T19:15:25.500000Z,s-p-aisha-7,4.0
2026-09-19T19:15:26Z,s-p-aisha-7,4.4
2026-09-19T19:15:26.500000Z,s-p-aisha-7,4.3
2026-09-19T19:15:27Z,s-p-aisha-7,4.1
2026-09-19T19:15:27.500000Z,s-p-aisha-7,4.5
2026-09-19T19:15:28Z,s-p-aisha-7,3.8
2026-09-19T19:15:28.500000Z,s-p-aisha-7,3.1
2026-09-19T19:15:29Z,s-p-aisha-7,4.3
2026-09-19T19:15:29.500000Z,s-p-aisha-7,3.8
2026-09-19T19:15:30Z,s-p-aisha-7,3.2
2026-09-19T19:15:30.500000Z,s-p-aisha-7,5.7
2026-09-19T19:15:31Z,s-p-aisha-7,3.9
2026-09-19T19:15:31.500000Z,s-p-aisha-7,4.5
2026-09-19T19:15:32Z,s-p-aisha-7,4.6
2026-09-19T19:15:32.500000Z,s-p-aisha-7,3.2
2026-09-19T19:15:33Z,s-p-aisha-7,3.8
2026-09-19T19:15:33.500000Z,s-p-aisha-7,3.7
2026-09-19T19:15:34Z,s-p-aisha-7,3.4
2026-09-19T19:15:34.500000Z,s-p-aisha-7,4.1
2026-09-19T19:15:35Z,s-p-aisha-7,4.6
2026-09-19T19:15:35.500000Z,s-p-aisha-7,4.0
2026-09-19T19:15:36Z,s-p-aisha-7,28.5
2026-09-19T19:15:36.500000Z,s-p-aisha-7,52.2
2026-09-19T19:15:37Z,s-p-aisha-7,69.5
2026-09-19T19:15:37.500000Z,s-p-aisha-7,73.8
2026-09-19T19:15:38Z,s-p-aisha-7,69.9
2026-09-19T19:15:38.500000Z,s-p-aisha-7,52.5
2026-09-19T19:15:39Z,s-p-aisha-7,29.4
2026-09-19T19:15:39.500000Z,s-p-aisha-7,6.0
2026-09-19T19:15:40Z,s-p-aisha-7,5.5
2026-09-19T19:15:40.500000Z,s-p-aisha-7,5.3
2026-09-19T19:15:41Z,s-p-aisha-7,3.0
2026-09-19T19:15:41.500000Z,s-p-aisha-7,5.0
2026-09-19T19:15:42Z,s-p-aisha-7,6.0
2026-09-19T19:15:42.500000Z,s-p-aisha-7,5.9
2026-09-19T19:15:43Z,s-p-aisha-7,5.6
2026-09-19T19:15:43.500000Z,s-p-aisha-7,3.7
2026-09-19T19:15:44Z,s-p-aisha-7,5.2
2026-09-19T19:15:44.500000Z,s-p-aisha-7,3.6
2026-09-19T19:15:45Z,s-p-aisha-7,3.7
2026-09-19T19:15:45.500000Z,s-p-aisha-7,4.8
2026-09-19T19:15:46Z,s-p-aisha-7,4.7
2026-09-19T19:15:46.500000Z,s-p-aisha-7,4.4
2026-09-19T19:15:47Z,s-p-aisha-7,5.4
2026-09-19T19:15:47.500000Z,s-p-aisha-7,4.0
2026-09-19T19:15:48Z,s-p-aisha-7,3.3
2026-09-19T19:15:48.500000Z,s-p-aisha-7,5.5
2026-09-19T19:15:49Z,s-p-aisha-7,4.3
2026-09-19T19:15:49.500000Z,s-p-aisha-7,5.8
2026-09-19T19:15:50Z,s-p-aisha-7,4.3
2026-09-19T19:15:50.500000Z,s-p-aisha-7,4.3
2026-09-19T19:15:51Z,s-p-aisha-7,5.6
2026-09-19T19:15:51.500000Z,s-p-aisha-7,3.1
2026-09-19T19:15:52Z,s-p-aisha-7,3.4
2026-09-19T19:15:52.500000Z,s-p-aisha-7,5.6
2026-09-19T19:15:53Z,s-p-aisha-7,3.9
2026-09-19T19:15:53.500000Z,s-p-aisha-7,5.2
2026-09-19T19:15:54Z,s-p-aisha-7,23.2
2026-09-19T19:15:54.500000Z,s-p-aisha-7,50.4
2026-09-19T19:15:55Z,s-p-aisha-7,66.3
2026-09-19T19:15:55.500000Z,s-p-aisha-7,74.5
2026-09-19T19:15:56Z,s-p-aisha-7,71.7
2026-09-19T19:15:56.500000Z,s-p-aisha-7,59.8
2026-09-19T19:15:57Z,s-p-aisha-7,33.2
2026-09-19T19:15:57.500000Z,s-p-aisha-7,6.0
2026-09-19T19:15:58Z,s-p-aisha-7,5.4
2026-09-19T19:15:58.500000Z,s-p-aisha-7,5.7
2026-09-19T19:15:59Z,s-p-aisha-7,4.7
2026-09-19T19:15:59.500000Z,s-p-aisha-7,4.2
2026-09-19T19:16:00Z,s-p-aisha-7,4.1
2026-09-19T19:16:00.500000Z,s-p-aisha-7,5.8
2026-09-19T19:16:01Z,s-p-aisha-7,3.2
2026-09-19T19:16:01.500000Z,s-p-aisha-7,4.2
2026-09-19T19:16:02Z,s-p-aisha-7,4.4
2026-09-19T19:16:02.500000Z,s-p-aisha-7,4.0
2026-09-19T19:16:03Z,s-p-aisha-7,5.9
2026-09-19T19:16:03.500000Z,s-p-aisha-7,4.9
2026-09-19T19:16:04Z,s-p-aisha-7,3.9
2026-09-19T19:16:04.500000Z,s-p-aisha-7,3.5
2026-09-19T19:16:05Z,s-p-aisha-7,5.0
2026-09-19T19:16:05.500000Z,s-p-aisha-7,3.5
2026-09-19T19:16:06Z,s-p-aisha-7,5.5
2026-09-19T19:16:06.500000Z,s-p-aisha-7,4.8
2026-09-19T19:16:07Z,s-p-aisha-7,3.1
2026-09-19T19:16:07.500000Z,s-p-aisha-7,3.6
2026-09-19T19:16:08Z,s-p-aisha-7,5.7
2026-09-19T19:16:08.500000Z,s-p-aisha-7,4.2
2026-09-19T19:16:09Z,s-p-aisha-7,3.6
2026-09-19T19:16:09.500000Z,s-p-aisha-7,3.9
2026-09-19T19:16:10Z,s-p-aisha-7,4.6
2026-09-19T19:16:10.500000Z,s-p-aisha-7,4.4
2026-09-19T19:16:11Z,s-p-aisha-7,4.1
2026-09-19T19:16:11.500000Z,s-p-aisha-7,3.0
2026-09-19T19:16:12Z,s-p-aisha-7,17.1
2026-09-19T19:16:12.500000Z,s-p-aisha-7,42.9
2026-09-19T19:16:13Z,s-p-aisha-7,65.1
2026-09-19T19:16:13.500000Z,s-p-aisha-7,75.6
2026-09-19T19:16:14Z,s-p-aisha-7,75.5
2026-09-19T19:16:14.500000Z,s-p-aisha-7,62.3
2026-09-19T19:16:15Z,s-p-aisha-7,39.1
2026-09-19T19:16:15.500000Z,s-p-aisha-7,11.8
2026-09-19T19:16:16Z,s-p-aisha-7,3.9
2026-09-19T19:16:16.500000Z,s-p-aisha-7,3.6
2026-09-19T19:16:17Z,s-p-aisha-7,5.2
2026-09-19T19:16:17.500000Z,s-p-aisha-7,4.4
2026-09-19T19:16:18Z,s-p-aisha-7,3.6
2026-09-19T19:16:18.500000Z,s-p-aisha-7,6.0
2026-09-19T19:16:19Z,s-p-aisha-7,4.3
2026-09-19T19:16:19.500000Z,s-p-aisha-7,5.5
2026-09-19T19:16:20Z,s-p-aisha-7,4.8
2026-09-19T19:16:20.500000Z,s-p-aisha-7,3.7
2026-09-19T19:16:21Z,s-p-aisha-7,4.0
2026-09-19T19:16:21.500000Z,s-p-aisha-7,4.7
2026-09-19T19:16:22Z,s-p-aisha-7,4.5
2026-09-19T19:16:22.500000Z,s-p-aisha-7,4.4
2026-09-19T19:16:23Z,s-p-aisha-7,3.1
2026-09-19T19:16:23.500000Z,s-p-aisha-7,3.3
2026-09-19T19:16:24Z,s-p-aisha-7,4.9
2026-09-19T19:16:24.500000Z,s-p-aisha-7,5.8
2026-09-19T19:16:25Z,s-p-aisha-7,4.0
2026-09-19T19:16:25.500000Z,s-p-aisha-7,5.5
2026-09-19T19:16:26Z,s-p-aisha-7,5.4
2026-09-19T19:16:26.500000Z,s-p-aisha-7,4.2
2026-09-19T19:16:27Z,s-p-aisha-7,5.5
2026-09-19T19:16:27.500000Z,s-p-aisha-7,5.5
2026-09-19T19:16:28Z,s-p-aisha-7,4.2
2026-09-19T19:16:28.500000Z,s-p-aisha-7,3.5
2026-09-19T19:16:29Z,s-p-aisha-7,4.9
2026-09-19T19:16:29.500000Z,s-p-aisha-7,4.3
2026-09-19T19:16:30Z,s-p-aisha-7,11.7
2026-09-19T19:16:30.500000Z,s-p-aisha-7,40.9
2026-09-19T19:16:31Z,s-p-aisha-7,63.6
2026-09-19T19:16:31.500000Z,s-p-aisha-7,75.8
2026-09-19T19:16:32Z,s-p-aisha-7,74.7
2026-09-19T19:16:32.500000Z,s-p-aisha-7,66.9
2026-09-19T19:16:33Z,s-p-aisha-7,43.2
2026-09-19T19:16:33.500000Z,s-p-aisha-7,17.8
2026-09-19T19:16:34Z,s-p-aisha-7,5.3
2026-09-19T19:16:34.500000Z,s-p-aisha-7,3.4
2026-09-19T19:16:35Z,s-p-aisha-7,4.1
2026-09-19T19:16:35.500000Z,s-p-aisha-7,5.3
2026-09-19T19:16:36Z,s-p-aisha-7,4.5
2026-09-19T19:16:36.500000Z,s-p-aisha-7,5.3
2026-09-19T19:16:37Z,s-p-aisha-7,4.2
2026-09-19T19:16:37.500000Z,s-p-aisha-7,3.5
2026-09-19T19:16:38Z,s-p-aisha-7,3.6
2026-09-19T19:16:38.500000Z,s-p-aisha-7,3.1
2026-09-19T19:16:39Z,s-p-aisha-7,3.1
2026-09-19T19:16:39.500000Z,s-p-aisha-7,4.9
2026-09-19T19:16:40Z,s-p-aisha-7,5.0
2026-09-19T19:16:40.500000Z,s-p-aisha-7,4.4
2026-09-19T19:16:41Z,s-p-aisha-7,4.0
2026-09-19T19:16:41.500000Z,s-p-aisha-7,4.2
2026-09-19T19:16:42Z,s-p-aisha-7,3.6
2026-09-19T19:16:42.500000Z,s-p-aisha-7,3.1
2026-09-19T19:16:43Z,s-p-aisha-7,3.8
2026-09-19T19:16:43.500000Z,s-p-aisha-7,5.1
2026-09-19T19:16:44Z,s-p-aisha-7,3.4
2026-09-19T19:16:44.500000Z,s-p-aisha-7,5.0
2026-09-19T19:16:45Z,s-p-aisha-7,4.4
2026-09-19T19:16:45.500000Z,s-p-aisha-7,4.4
2026-09-19T19:16:46Z,s-p-aisha-7,3.2
2026-09-19T19:16:46.500000Z,s-p-aisha-7,5.0
2026-09-19T19:16:47Z,s-p-aisha-7,5.1
2026-09-19T19:16:47.500000Z,s-p-aisha-7,4.3
2026-09-19T19:16:48Z,s-p-aisha-7,6.1
2026-09-19T19:16:48.500000Z,s-p-aisha-7,33.5
2026-09-19T19:16:49Z,s-p-aisha-7,59.2
2026-09-19T19:16:49.500000Z,s-p-aisha-7,70.8
2026-09-19T19:16:50Z,s-p-aisha-7,74.6
2026-09-19T19:16:50.500000Z,s-p-aisha-7,68.8
2026-09-19T19:16:51Z,s-p-aisha-7,50.5
2026-09-19T19:16:51.500000Z,s-p-aisha-7,22.7
2026-09-19T19:16:52Z,s-p-aisha-7,4.6
2026-09-19T19:16:52.500000Z,s-p-aisha-7,4.3
2026-09-19T19:16:53Z,s-p-aisha-7,3.1
2026-09-19T19:16:53.500000Z,s-p-aisha-7,4.9
2026-09-19T19:16:54Z,s-p-aisha-7,4.6
2026-09-19T19:16:54.500000Z,s-p-aisha-7,5.0
2026-09-19T19:16:55Z,s-p-aisha-7,5.0
2026-09-19T19:16:55.500000Z,s-p-aisha-7,3.3
2026-09-19T19:16:56Z,s-p-aisha-7,5.1
2026-09-19T19:16:56.500000Z,s-p-aisha-7,4.3
2026-09-19T19:16:57Z,s-p-aisha-7,4.8
2026-09-19T19:16:57.500000Z,s-p-aisha-7,3.1
2026-09-19T19:16:58Z,s-p-aisha-7,4.1
2026-09-19T19:16:58.500000Z,s-p-aisha-7,3.6
2026-09-19T19:16:59Z,s-p-aisha-7,3.7
2026-09-19T19:16:59.500000Z,s-p-aisha-7,5.7
2026-09-19T19:17:00Z,s-p-aisha-7,3.6
2026-09-19T19:17:00.500000Z,s-p-aisha-7,3.0
2026-09-19T19:17:01Z,s-p-aisha-7,3.1
2026-09-19T19:17:01.500000Z,s-p-aisha-7,3.0
2026-09-19T19:17:02Z,s-p-aisha-7,5.5
2026-09-19T19:17:02.500000Z,s-p-aisha-7,5.0
2026-09-19T19:17:03Z,s-p-aisha-7,3.2
2026-09-19T19:17:03.500000Z,s-p-aisha-7,5.9
2026-09-19T19:17:04Z,s-p-aisha-7,3.3
2026-09-19T19:17:04.500000Z,s-p-aisha-7,5.5
2026-09-19T19:17:05Z,s-p-aisha-7,5.0
2026-09-19T19:17:05.500000Z,s-p-aisha-7,5.2
2026-09-19T19:17:06Z,s-p-aisha-7,3.1
2026-09-19T19:17:06.500000Z,s-p-aisha-7,4.5
2026-09-19T19:17:07Z,s-p-aisha-7,5.4
2026-09-19T19:17:07.500000Z,s-p-aisha-7,4.0
2026-09-19T19:17:08Z,s-p-aisha-7,4.9
2026-09-19T19:17:08.500000Z,s-p-aisha-7,4.9
2026-09-19T19:17:09Z,s-p-aisha-7,5.8
2026-09-19T19:17:09.500000Z,s-p-aisha-7,4.2
2026-09-19T19:17:10Z,s-p-aisha-7,4.3
2026-09-19T19:17:10.500000Z,s-p-aisha-7,3.7
2026-09-19T19:17:11Z,s-p-aisha-7,3.3
2026-09-19T19:17:11.500000Z,s-p-aisha-7,4.0
2026-09-19T19:17:12Z,s-p-aisha-7,3.0
2026-09-19T19:17:12.500000Z,s-p-aisha-7,5.0
2026-09-19T19:17:13Z,s-p-aisha-7,3.0
2026-09-19T19:17:13.500000Z,s-p-aisha-7,3.6
2026-09-19T19:17:14Z,s-p-aisha-7,3.7
2026-09-19T19:17:14.500000Z,s-p-aisha-7,5.0
2026-09-19T19:17:15Z,s-p-aisha-7,3.8
2026-09-19T19:17:15.500000Z,s-p-aisha-7,4.9
2026-09-19T19:17:16Z,s-p-aisha-7,3.1
2026-09-19T19:17:16.500000Z,s-p-aisha-7,5.7
2026-09-19T19:17:17Z,s-p-aisha-7,4.2
2026-09-19T19:17:17.500000Z,s-p-aisha-7,5.3
2026-09-19T19:17:18Z,s-p-aisha-7,4.5
2026-09-19T19:17:18.500000Z,s-p-aisha-7,6.0
2026-09-19T19:17:19Z,s-p-aisha-7,5.1
2026-09-19T19:17:19.500000Z,s-p-aisha-7,5.4
2026-09-19T19:17:20Z,s-p-aisha-7,5.8
2026-09-19T19:17:20.500000Z,s-p-aisha-7,4.7
2026-09-19T19:17:21Z,s-p-aisha-7,3.8
2026-09-20T19:20:00Z,s-p-aisha-6,5.1
2026-09-20T19:20:00.500000Z,s-p-aisha-6,4.0
2026-09-20T19:20:01Z,s-p-aisha-6,4.9
2026-09-20T19:20:01.500000Z,s-p-aisha-6,5.7
2026-09-20T19:20:02Z,s-p-aisha-6,4.0
2026-09-20T19:20:02.500000Z,s-p-aisha-6,5.6
2026-09-20T19:20:03Z,s-p-aisha-6,4.4
2026-09-20T19:20:03.500000Z,s-p-aisha-6,4.0
2026-09-20T19:20:04Z,s-p-aisha-6,4.8
2026-09-20T19:20:04.500000Z,s-p-aisha-6,4.8
2026-09-20T19:20:05Z,s-p-aisha-6,4.1
2026-09-20T19:20:05.500000Z,s-p-aisha-6,29.5
2026-09-20T19:20:06Z,s-p-aisha-6,56.1
2026-09-20T19:20:06.500000Z,s-p-aisha-6,69.6
2026-09-20T19:20:07Z,s-p-aisha-6,76.3
2026-09-20T19:20:07.500000Z,s-p-aisha-6,71.1
2026-09-20T19:20:08Z,s-p-aisha-6,55.5
2026-09-20T19:20:08.500000Z,s-p-aisha-6,30.5
2026-09-20T19:20:09Z,s-p-aisha-6,3.6
2026-09-20T19:20:09.500000Z,s-p-aisha-6,5.8
2026-09-20T19:20:10Z,s-p-aisha-6,4.8
2026-09-20T19:20:10.500000Z,s-p-aisha-6,5.8
2026-09-20T19:20:11Z,s-p-aisha-6,5.2
2026-09-20T19:20:11.500000Z,s-p-aisha-6,4.0
2026-09-20T19:20:12Z,s-p-aisha-6,3.8
2026-09-20T19:20:12.500000Z,s-p-aisha-6,4.9
2026-09-20T19:20:13Z,s-p-aisha-6,5.3
2026-09-20T19:20:13.500000Z,s-p-aisha-6,4.6
2026-09-20T19:20:14Z,s-p-aisha-6,5.9
2026-09-20T19:20:14.500000Z,s-p-aisha-6,4.9
2026-09-20T19:20:15Z,s-p-aisha-6,3.9
2026-09-20T19:20:15.500000Z,s-p-aisha-6,3.1
2026-09-20T19:20:16Z,s-p-aisha-6,5.5
2026-09-20T19:20:16.500000Z,s-p-aisha-6,4.0
2026-09-20T19:20:17Z,s-p-aisha-6,3.7
2026-09-20T19:20:17.500000Z,s-p-aisha-6,4.6
2026-09-20T19:20:18Z,s-p-aisha-6,5.7
2026-09-20T19:20:18.500000Z,s-p-aisha-6,5.0
2026-09-20T19:20:19Z,s-p-aisha-6,3.7
2026-09-20T19:20:19.500000Z,s-p-aisha-6,5.1
2026-09-20T19:20:20Z,s-p-aisha-6,5.2
2026-09-20T19:20:20.500000Z,s-p-aisha-6,4.8
2026-09-20T19:20:21Z,s-p-aisha-6,4.1
2026-09-20T19:20:21.500000Z,s-p-aisha-6,4.0
2026-09-20T19:20:22Z,s-p-aisha-6,4.3
2026-09-20T19:20:22.500000Z,s-p-aisha-6,3.0
2026-09-20T19:20:23Z,s-p-aisha-6,5.6
2026-09-20T19:20:23.500000Z,s-p-aisha-6,3.2
2026-09-20T19:20:24Z,s-p-aisha-6,3.6
2026-09-20T19:20:24.500000Z,s-p-aisha-6,4.9
2026-09-20T19:20:25Z,s-p-aisha-6,3.4
2026-09-20T19:20:25.500000Z,s-p-aisha-6,3.6
2026-09-20T19:20:26Z,s-p-aisha-6,3.3
2026-09-20T19:20:26.500000Z,s-p-aisha-6,4.8
2026-09-20T19:20:27Z,s-p-aisha-6,5.5
2026-09-20T19:20:27.500000Z,s-p-aisha-6,5.8
2026-09-20T19:20:28Z,s-p-aisha-6,3.7
2026-09-20T19:20:28.500000Z,s-p-aisha-6,3.2
2026-09-20T19:20:29Z,s-p-aisha-6,5.2
2026-09-20T19:20:29.500000Z,s-p-aisha-6,3.9
2026-09-20T19:20:30Z,s-p-aisha-6,5.2
2026-09-20T19:20:30.500000Z,s-p-aisha-6,3.7
2026-09-20T19:20:31Z,s-p-aisha-6,12.4
2026-09-20T19:20:31.500000Z,s-p-aisha-6,40.8
2026-09-20T19:20:32Z,s-p-aisha-6,64.0
2026-09-20T19:20:32.500000Z,s-p-aisha-6,78.0
2026-09-20T19:20:33Z,s-p-aisha-6,77.3
2026-09-20T19:20:33.500000Z,s-p-aisha-6,66.6
2026-09-20T19:20:34Z,s-p-aisha-6,44.8
2026-09-20T19:20:34.500000Z,s-p-aisha-6,17.7
2026-09-20T19:20:35Z,s-p-aisha-6,5.4
2026-09-20T19:20:35.500000Z,s-p-aisha-6,3.1
2026-09-20T19:20:36Z,s-p-aisha-6,4.1
2026-09-20T19:20:36.500000Z,s-p-aisha-6,5.6
2026-09-20T19:20:37Z,s-p-aisha-6,5.3
2026-09-20T19:20:37.500000Z,s-p-aisha-6,5.8
2026-09-20T19:20:38Z,s-p-aisha-6,4.8
2026-09-20T19:20:38.500000Z,s-p-aisha-6,3.5
2026-09-20T19:20:39Z,s-p-aisha-6,5.2
2026-09-20T19:20:39.500000Z,s-p-aisha-6,3.8
2026-09-20T19:20:40Z,s-p-aisha-6,4.4
2026-09-20T19:20:40.500000Z,s-p-aisha-6,4.4
2026-09-20T19:20:41Z,s-p-aisha-6,4.1
2026-09-20T19:20:41.500000Z,s-p-aisha-6,4.8
2026-09-20T19:20:42Z,s-p-aisha-6,3.2
2026-09-20T19:20:42.500000Z,s-p-aisha-6,3.4
2026-09-20T19:20:43Z,s-p-aisha-6,4.4
2026-09-20T19:20:43.500000Z,s-p-aisha-6,3.5
2026-09-20T19:20:44Z,s-p-aisha-6,3.6
2026-09-20T19:20:44.500000Z,s-p-aisha-6,3.0
2026-09-20T19:20:45Z,s-p-aisha-6,4.5
2026-09-20T19:20:45.500000Z,s-p-aisha-6,5.2
2026-09-20T19:20:46Z,s-p-aisha-6,4.5
2026-09-20T19:20:46.500000Z,s-p-aisha-6,5.8
2026-09-20T19:20:47Z,s-p-aisha-6,5.8
2026-09-20T19:20:47.500000Z,s-p-aisha-6,5.9
2026-09-20T19:20:48Z,s-p-aisha-6,4.1
2026-09-20T19:20:48.500000Z,s-p-aisha-6,4.5
2026-09-20T19:20:49Z,s-p-aisha-6,4.9
2026-09-20T19:20:49.500000Z,s-p-aisha-6,4.8
2026-09-20T19:20:50Z,s-p-aisha-6,4.2
2026-09-20T19:20:50.500000Z,s-p-aisha-6,3.1
2026-09-20T19:20:51Z,s-p-aisha-6,5.8
2026-09-20T19:20:51.500000Z,s-p-aisha-6,4.2
2026-09-20T19:20:52Z,s-p-aisha-6,4.7
2026-09-20T19:20:52.500000Z,s-p-aisha-6,3.6
2026-09-20T19:20:53Z,s-p-aisha-6,4.3
2026-09-20T19:20:53.500000Z,s-p-aisha-6,3.8
2026-09-20T19:20:54Z,s-p-aisha-6,5.7
2026-09-20T19:20:54.500000Z,s-p-aisha-6,5.2
2026-09-20T19:20:55Z,s-p-aisha-6,4.5
2026-09-20T19:20:55.500000Z,s-p-aisha-6,4.5
2026-09-20T19:20:56Z,s-p-aisha-6,5.1
2026-09-20T19:20:56.500000Z,s-p-aisha-6,5.1
2026-09-20T19:20:57Z,s-p-aisha-6,23.2
2026-09-20T19:20:57.500000Z,s-p-aisha-6,51.5
2026-09-20T19:20:58Z,s-p-aisha-6,67.6
2026-09-20T19:20:58.500000Z,s-p-aisha-6,76.4
2026-09-20T19:20:59Z,s-p-aisha-6,73.1
2026-09-20T19:20:59.500000Z,s-p-aisha-6,59.3
2026-09-20T19:21:00Z,s-p-aisha-6,35.9
2026-09-20T19:21:00.500000Z,s-p-aisha-6,5.9
2026-09-20T19:21:01Z,s-p-aisha-6,5.5
2026-09-20T19:21:01.500000Z,s-p-aisha-6,3.0
2026-09-20T19:21:02Z,s-p-aisha-6,5.3
2026-09-20T19:21:02.500000Z,s-p-aisha-6,4.9
2026-09-20T19:21:03Z,s-p-aisha-6,5.8
2026-09-20T19:21:03.500000Z,s-p-aisha-6,4.2
2026-09-20T19:21:04Z,s-p-aisha-6,4.8
2026-09-20T19:21:04.500000Z,s-p-aisha-6,5.7
2026-09-20T19:21:05Z,s-p-aisha-6,4.6
2026-09-20T19:21:05.500000Z,s-p-aisha-6,3.6
2026-09-20T19:21:06Z,s-p-aisha-6,4.3
2026-09-20T19:21:06.500000Z,s-p-aisha-6,5.5
2026-09-20T19:21:07Z,s-p-aisha-6,3.8
2026-09-20T19:21:07.500000Z,s-p-aisha-6,3.9
2026-09-20T19:21:08Z,s-p-aisha-6,5.9
2026-09-20T19:21:08.500000Z,s-p-aisha-6,5.0
2026-09-20T19:21:09Z,s-p-aisha-6,4.1
2026-09-20T19:21:09.500000Z,s-p-aisha-6,3.9
2026-09-20T19:21:10Z,s-p-aisha-6,4.2
2026-09-20T19:21:10.500000Z,s-p-aisha-6,5.6
2026-09-20T19:21:11Z,s-p-aisha-6,5.2
2026-09-20T19:21:11.500000Z,s-p-aisha-6,3.3
2026-09-20T19:21:12Z,s-p-aisha-6,4.9
2026-09-20T19:21:12.500000Z,s-p-aisha-6,5.3
2026-09-20T19:21:13Z,s-p-aisha-6,4.0
2026-09-20T19:21:13.500000Z,s-p-aisha-6,3.4
2026-09-20T19:21:14Z,s-p-aisha-6,5.2
2026-09-20T19:21:14.500000Z,s-p-aisha-6,5.8
2026-09-20T19:21:15Z,s-p-aisha-6,4.2
2026-09-20T19:21:15.500000Z,s-p-aisha-6,3.9
2026-09-20T19:21:16Z,s-p-aisha-6,6.0
2026-09-20T19:21:16.500000Z,s-p-aisha-6,5.4
2026-09-20T19:21:17Z,s-p-aisha-6,3.0
2026-09-20T19:21:17.500000Z,s-p-aisha-6,3.2
2026-09-20T19:21:18Z,s-p-aisha-6,5.1
2026-09-20T19:21:18.500000Z,s-p-aisha-6,4.6
2026-09-20T19:21:19Z,s-p-aisha-6,5.0
2026-09-20T19:21:19.500000Z,s-p-aisha-6,5.2
2026-09-20T19:21:20Z,s-p-aisha-6,3.5
2026-09-20T19:21:20.500000Z,s-p-aisha-6,4.1
2026-09-20T19:21:21Z,s-p-aisha-6,5.1
2026-09-20T19:21:21.500000Z,s-p-aisha-6,3.6
2026-09-20T19:21:22Z,s-p-aisha-6,3.5
2026-09-20T19:21:22.500000Z,s-p-aisha-6,6.1
2026-09-20T19:21:23Z,s-p-aisha-6,36.1
2026-09-20T19:21:23.500000Z,s-p-aisha-6,60.5
2026-09-20T19:21:24Z,s-p-aisha-6,75.3
2026-09-20T19:21:24.500000Z,s-p-aisha-6,78.0
2026-09-20T19:21:25Z,s-p-aisha-6,68.6
2026-09-20T19:21:25.500000Z,s-p-aisha-6,51.8
2026-09-20T19:21:26Z,s-p-aisha-6,24.2
2026-09-20T19:21:26.500000Z,s-p-aisha-6,3.8
2026-09-20T19:21:27Z,s-p-aisha-6,4.0
2026-09-20T19:21:27.500000Z,s-p-aisha-6,4.8
2026-09-20T19:21:28Z,s-p-aisha-6,4.4
2026-09-20T19:21:28.500000Z,s-p-aisha-6,5.0
2026-09-20T19:21:29Z,s-p-aisha-6,3.3
2026-09-20T19:21:29.500000Z,s-p-aisha-6,3.2
2026-09-20T19:21:30Z,s-p-aisha-6,5.3
2026-09-20T19:21:30.500000Z,s-p-aisha-6,3.0
2026-09-20T19:21:31Z,s-p-aisha-6,4.7
2026-09-20T19:21:31.500000Z,s-p-aisha-6,6.0
2026-09-20T19:21:32Z,s-p-aisha-6,3.3
2026-09-20T19:21:32.500000Z,s-p-aisha-6,4.6
2026-09-20T19:21:33Z,s-p-aisha-6,3.0
2026-09-20T19:21:33.500000Z,s-p-aisha-6,4.8
2026-09-20T19:21:34Z,s-p-aisha-6,6.0
2026-09-20T19:21:34.500000Z,s-p-aisha-6,5.3
2026-09-20T19:21:35Z,s-p-aisha-6,5.8
2026-09-20T19:21:35.500000Z,s-p-aisha-6,4.4
2026-09-20T19:21:36Z,s-p-aisha-6,4.0
2026-09-20T19:21:36.500000Z,s-p-aisha-6,4.3
2026-09-20T19:21:37Z,s-p-aisha-6,4.1
2026-09-20T19:21:37.500000Z,s-p-aisha-6,5.7
2026-09-20T19:21:38Z,s-p-aisha-6,6.0
2026-09-20T19:21:38.500000Z,s-p-aisha-6,5.5
2026-09-20T19:21:39Z,s-p-aisha-6,5.8
2026-09-20T19:21:39.500000Z,s-p-aisha-6,5.0
2026-09-20T19:21:40Z,s-p-aisha-6,4.1
2026-09-20T19:21:40.500000Z,s-p-aisha-6,3.2
2026-09-20T19:21:41Z,s-p-aisha-6,4.1
2026-09-20T19:21:41.500000Z,s-p-aisha-6,4.0
2026-09-20T19:21:42Z,s-p-aisha-6,3.3
2026-09-20T19:21:42.500000Z,s-p-aisha-6,4.4
2026-09-20T19:21:43Z,s-p-aisha-6,5.1
2026-09-20T19:21:43.500000Z,s-p-aisha-6,5.2
2026-09-20T19:21:44Z,s-p-aisha-6,5.7
2026-09-20T19:21:44.500000Z,s-p-aisha-6,3.4
2026-09-20T19:21:45Z,s-p-aisha-6,4.8
2026-09-20T19:21:45.500000Z,s-p-aisha-6,5.6
2026-09-20T19:21:46Z,s-p-aisha-6,3.8
2026-09-20T19:21:46.500000Z,s-p-aisha-6,5.1
2026-09-20T19:21:47Z,s-p-aisha-6,5.4
2026-09-20T19:21:47.500000Z,s-p-aisha-6,4.1
2026-09-20T19:21:48Z,s-p-aisha-6,4.9
2026-09-20T19:21:48.500000Z,s-p-aisha-6,18.2
2026-09-20T19:21:49Z,s-p-aisha-6,46.8
2026-09-20T19:21:49.500000Z,s-p-aisha-6,63.9
2026-09-20T19:21:50Z,s-p-aisha-6,79.6
2026-09-20T19:21:50.500000Z,s-p-aisha-6,78.2
2026-09-20T19:21:51Z,s-p-aisha-6,63.7
2026-09-20T19:21:51.500000Z,s-p-aisha-6,40.3
2026-09-20T19:21:52Z,s-p-aisha-6,12.0
2026-09-20T19:21:52.500000Z,s-p-aisha-6,3.2
2026-09-20T19:21:53Z,s-p-aisha-6,4.3
2026-09-20T19:21:53.500000Z,s-p-aisha-6,5.8
2026-09-20T19:21:54Z,s-p-aisha-6,5.8
2026-09-20T19:21:54.500000Z,s-p-aisha-6,6.0
2026-09-20T19:21:55Z,s-p-aisha-6,5.6
2026-09-20T19:21:55.500000Z,s-p-aisha-6,5.7
2026-09-20T19:21:56Z,s-p-aisha-6,5.2
2026-09-20T19:21:56.500000Z,s-p-aisha-6,3.9
2026-09-20T19:21:57Z,s-p-aisha-6,3.6
2026-09-20T19:21:57.500000Z,s-p-aisha-6,3.4
2026-09-20T19:21:58Z,s-p-aisha-6,4.6
2026-09-20T19:21:58.500000Z,s-p-aisha-6,4.7
2026-09-20T19:21:59Z,s-p-aisha-6,5.6
2026-09-20T19:21:59.500000Z,s-p-aisha-6,4.5
2026-09-20T19:22:00Z,s-p-aisha-6,3.4
2026-09-20T19:22:00.500000Z,s-p-aisha-6,5.4
2026-09-20T19:22:01Z,s-p-aisha-6,3.9
2026-09-20T19:22:01.500000Z,s-p-aisha-6,5.0
2026-09-20T19:22:02Z,s-p-aisha-6,4.6
2026-09-20T19:22:02.500000Z,s-p-aisha-6,5.6
2026-09-20T19:22:03Z,s-p-aisha-6,3.5
2026-09-20T19:22:03.500000Z,s-p-aisha-6,4.3
2026-09-20T19:22:04Z,s-p-aisha-6,3.3
2026-09-20T19:22:04.500000Z,s-p-aisha-6,5.0
2026-09-20T19:22:05Z,s-p-aisha-6,3.7
2026-09-20T19:22:05.500000Z,s-p-aisha-6,3.6
2026-09-20T19:22:06Z,s-p-aisha-6,5.3
2026-09-20T19:22:06.500000Z,s-p-aisha-6,5.0
2026-09-20T19:22:07Z,s-p-aisha-6,3.3
2026-09-20T19:22:07.500000Z,s-p-aisha-6,4.3
2026-09-20T19:22:08Z,s-p-aisha-6,5.1
2026-09-20T19:22:08.500000Z,s-p-aisha-6,3.5
2026-09-20T19:22:09Z,s-p-aisha-6,5.8
2026-09-20T19:22:09.500000Z,s-p-aisha-6,5.7
2026-09-20T19:22:10Z,s-p-aisha-6,5.3
2026-09-20T19:22:10.500000Z,s-p-aisha-6,3.7
2026-09-20T19:22:11Z,s-p-aisha-6,3.8
2026-09-20T19:22:11.500000Z,s-p-aisha-6,4.4
2026-09-20T19:22:12Z,s-p-aisha-6,5.7
2026-09-20T19:22:12.500000Z,s-p-aisha-6,3.4
2026-09-20T19:22:13Z,s-p-aisha-6,3.4
2026-09-20T19:22:13.500000Z,s-p-aisha-6,4.6
2026-09-20T19:22:14Z,s-p-aisha-6,5.2
2026-09-20T19:22:14.500000Z,s-p-aisha-6,28.9
2026-09-20T19:22:15Z,s-p-aisha-6,53.8
2026-09-20T19:22:15.500000Z,s-p-aisha-6,71.0
2026-09-20T19:22:16Z,s-p-aisha-6,76.4
2026-09-20T19:22:16.500000Z,s-p-aisha-6,72.4
2026-09-20T19:22:17Z,s-p-aisha-6,54.7
2026-09-20T19:22:17.500000Z,s-p-aisha-6,29.0
2026-09-20T19:22:18Z,s-p-aisha-6,3.7
2026-09-20T19:22:18.500000Z,s-p-aisha-6,3.3
2026-09-20T19:22:19Z,s-p-aisha-6,3.3
2026-09-20T19:22:19.500000Z,s-p-aisha-6,5.2
2026-09-20T19:22:20Z,s-p-aisha-6,5.8
2026-09-20T19:22:20.500000Z,s-p-aisha-6,5.2
2026-09-20T19:22:21Z,s-p-aisha-6,3.3
2026-09-20T19:22:21.500000Z,s-p-aisha-6,4.1
2026-09-20T19:22:22Z,s-p-aisha-6,5.6
2026-09-20T19:22:22.500000Z,s-p-aisha-6,5.9
2026-09-20T19:22:23Z,s-p-aisha-6,4.7
2026-09-20T19:22:23.500000Z,s-p-aisha-6,3.0
2026-09-20T19:22:24Z,s-p-aisha-6,3.2
2026-09-20T19:22:24.500000Z,s-p-aisha-6,4.6
2026-09-20T19:22:25Z,s-p-aisha-6,5.5
2026-09-20T19:22:25.500000Z,s-p-aisha-6,5.9
2026-09-20T19:22:26Z,s-p-aisha-6,4.0
2026-09-20T19:22:26.500000Z,s-p-aisha-6,4.1
2026-09-20T19:22:27Z,s-p-aisha-6,5.0
2026-09-20T19:22:27.500000Z,s-p-aisha-6,5.4
2026-09-20T19:22:28Z,s-p-aisha-6,4.6
2026-09-20T19:22:28.500000Z,s-p-aisha-6,4.8
2026-09-20T19:22:29Z,s-p-aisha-6,3.7
2026-09-20T19:22:29.500000Z,s-p-aisha-6,4.2
2026-09-20T19:22:30Z,s-p-aisha-6,4.6
2026-09-20T19:22:30.500000Z,s-p-aisha-6,4.4
2026-09-20T19:22:31Z,s-p-aisha-6,3.4
2026-09-20T19:22:31.500000Z,s-p-aisha-6,5.8
2026-09-20T19:22:32Z,s-p-aisha-6,5.5
2026-09-20T19:22:32.500000Z,s-p-aisha-6,4.5
2026-09-20T19:22:33Z,s-p-aisha-6,4.4
2026-09-20T19:22:33.500000Z,s-p-aisha-6,4.8
2026-09-20T19:22:34Z,s-p-aisha-6,3.4
2026-09-20T19:22:34.500000Z,s-p-aisha-6,5.0
2026-09-20T19:22:35Z,s-p-aisha-6,5.4
2026-09-20T19:22:35.500000Z,s-p-aisha-6,5.1
2026-09-20T19:22:36Z,s-p-aisha-6,4.8
2026-09-20T19:22:36.500000Z,s-p-aisha-6,3.9
2026-09-20T19:22:37Z,s-p-aisha-6,6.0
2026-09-20T19:22:37.500000Z,s-p-aisha-6,3.4
2026-09-20T19:22:38Z,s-p-aisha-6,6.0
2026-09-20T19:22:38.500000Z,s-p-aisha-6,5.1
2026-09-20T19:22:39Z,s-p-aisha-6,4.4
2026-09-20T19:22:39.500000Z,s-p-aisha-6,5.5
2026-09-20T19:22:40Z,s-p-aisha-6,12.0
2026-09-20T19:22:40.500000Z,s-p-aisha-6,39.1
2026-09-20T19:22:41Z,s-p-aisha-6,61.3
2026-09-20T19:22:41.500000Z,s-p-aisha-6,74.2
2026-09-20T19:22:42Z,s-p-aisha-6,75.6
2026-09-20T19:22:42.500000Z,s-p-aisha-6,64.4
2026-09-20T19:22:43Z,s-p-aisha-6,45.7
2026-09-20T19:22:43.500000Z,s-p-aisha-6,17.5
2026-09-20T19:22:44Z,s-p-aisha-6,5.0
2026-09-20T19:22:44.500000Z,s-p-aisha-6,5.5
2026-09-20T19:22:45Z,s-p-aisha-6,6.0
2026-09-20T19:22:45.500000Z,s-p-aisha-6,4.6
2026-09-20T19:22:46Z,s-p-aisha-6,4.0
2026-09-20T19:22:46.500000Z,s-p-aisha-6,5.0
2026-09-20T19:22:47Z,s-p-aisha-6,6.0
2026-09-20T19:22:47.500000Z,s-p-aisha-6,5.3
2026-09-20T19:22:48Z,s-p-aisha-6,4.2
2026-09-20T19:22:48.500000Z,s-p-aisha-6,4.6
2026-09-20T19:22:49Z,s-p-aisha-6,3.8
2026-09-20T19:22:49.500000Z,s-p-aisha-6,5.1
2026-09-20T19:22:50Z,s-p-aisha-6,3.6
2026-09-20T19:22:50.500000Z,s-p-aisha-6,5.6
2026-09-20T19:22:51Z,s-p-aisha-6,4.2
2026-09-20T19:22:51.500000Z,s-p-aisha-6,3.4
2026-09-20T19:22:52Z,s-p-aisha-6,5.3
2026-09-20T19:22:52.500000Z,s-p-aisha-6,4.7
2026-09-20T19:22:53Z,s-p-aisha-6,5.4
2026-09-20T19:22:53.500000Z,s-p-aisha-6,5.5
2026-09-20T19:22:54Z,s-p-aisha-6,5.1
2026-09-20T19:22:54.500000Z,s-p-aisha-6,4.4
2026-09-20T19:22:55Z,s-p-aisha-6,3.5
2026-09-20T19:22:55.500000Z,s-p-aisha-6,3.4
2026-09-20T19:22:56Z,s-p-aisha-6,5.1
2026-09-20T19:22:56.500000Z,s-p-aisha-6,3.9
2026-09-20T19:22:57Z,s-p-aisha-6,3.4
2026-09-20T19:22:57.500000Z,s-p-aisha-6,3.7
2026-09-20T19:22:58Z,s-p-aisha-6,5.2
2026-09-20T19:22:58.500000Z,s-p-aisha-6,5.2
2026-09-20T19:22:59Z,s-p-aisha-6,3.0
2026-09-20T19:22:59.500000Z,s-p-aisha-6,5.2
2026-09-20T19:23:00Z,s-p-aisha-6,4.7
2026-09-20T19:23:00.500000Z,s-p-aisha-6,5.0
2026-09-20T19:23:01Z,s-p-aisha-6,6.0
2026-09-20T19:23:01.500000Z,s-p-aisha-6,3.4
2026-09-20T19:23:02Z,s-p-aisha-6,5.9
2026-09-20T19:23:02.500000Z,s-p-aisha-6,4.3
2026-09-20T19:23:03Z,s-p-aisha-6,5.5
2026-09-20T19:23:03.500000Z,s-p-aisha-6,5.8
2026-09-20T19:23:04Z,s-p-aisha-6,3.3
2026-09-20T19:23:04.500000Z,s-p-aisha-6,5.9
2026-09-20T19:23:05Z,s-p-aisha-6,3.5
2026-09-20T19:23:05.500000Z,s-p-aisha-6,3.2
2026-09-20T19:23:06Z,s-p-aisha-6,23.7
2026-09-20T19:23:06.500000Z,s-p-aisha-6,48.6
2026-09-20T19:23:07Z,s-p-aisha-6,69.7
2026-09-20T19:23:07.500000Z,s-p-aisha-6,79.0
2026-09-20T19:23:08Z,s-p-aisha-6,72.8
2026-09-20T19:23:08.500000Z,s-p-aisha-6,58.4
2026-09-20T19:23:09Z,s-p-aisha-6,34.8
2026-09-20T19:23:09.500000Z,s-p-aisha-6,6.0
2026-09-20T19:23:10Z,s-p-aisha-6,5.3
2026-09-20T19:23:10.500000Z,s-p-aisha-6,5.6
2026-09-20T19:23:11Z,s-p-aisha-6,5.0
2026-09-20T19:23:11.500000Z,s-p-aisha-6,3.8
2026-09-20T19:23:12Z,s-p-aisha-6,5.0
2026-09-20T19:23:12.500000Z,s-p-aisha-6,4.1
2026-09-20T19:23:13Z,s-p-aisha-6,3.4
2026-09-20T19:23:13.500000Z,s-p-aisha-6,3.2
2026-09-20T19:23:14Z,s-p-aisha-6,4.5
2026-09-20T19:23:14.500000Z,s-p-aisha-6,5.0
2026-09-20T19:23:15Z,s-p-aisha-6,4.5
2026-09-20T19:23:15.500000Z,s-p-aisha-6,3.1
2026-09-20T19:23:16Z,s-p-aisha-6,4.7
2026-09-20T19:23:16.500000Z,s-p-aisha-6,4.7
2026-09-20T19:23:17Z,s-p-aisha-6,3.8
2026-09-20T19:23:17.500000Z,s-p-aisha-6,5.2
2026-09-20T19:23:18Z,s-p-aisha-6,5.4
2026-09-20T19:23:18.500000Z,s-p-aisha-6,3.5
2026-09-20T19:23:19Z,s-p-aisha-6,4.5
2026-09-20T19:23:19.500000Z,s-p-aisha-6,4.9
2026-09-20T19:23:20Z,s-p-aisha-6,4.3
2026-09-20T19:23:20.500000Z,s-p-aisha-6,4.7
2026-09-20T19:23:21Z,s-p-aisha-6,3.3
2026-09-20T19:23:21.500000Z,s-p-aisha-6,3.2
2026-09-20T19:23:22Z,s-p-aisha-6,5.7
2026-09-20T19:23:22.500000Z,s-p-aisha-6,5.4
2026-09-20T19:23:23Z,s-p-aisha-6,3.6
2026-09-20T19:23:23.500000Z,s-p-aisha-6,5.4
2026-09-20T19:23:24Z,s-p-aisha-6,3.1
2026-09-20T19:23:24.500000Z,s-p-aisha-6,4.7
2026-09-20T19:23:25Z,s-p-aisha-6,4.6
2026-09-20T19:23:25.500000Z,s-p-aisha-6,5.4
2026-09-20T19:23:26Z,s-p-aisha-6,4.5
2026-09-20T19:23:26.500000Z,s-p-aisha-6,4.6
2026-09-20T19:23:27Z,s-p-aisha-6,4.8
2026-09-20T19:23:27.500000Z,s-p-aisha-6,5.1
2026-09-20T19:23:28Z,s-p-aisha-6,5.4
2026-09-20T19:23:28.500000Z,s-p-aisha-6,3.4
2026-09-20T19:23:29Z,s-p-aisha-6,5.3
2026-09-20T19:23:29.500000Z,s-p-aisha-6,5.9
2026-09-20T19:23:30Z,s-p-aisha-6,5.7
2026-09-20T19:23:30.500000Z,s-p-aisha-6,3.5
2026-09-20T19:23:31Z,s-p-aisha-6,4.8
2026-09-20T19:23:31.500000Z,s-p-aisha-6,6.1
2026-09-20T19:23:32Z,s-p-aisha-6,36.3
2026-09-20T19:23:32.500000Z,s-p-aisha-6,60.4
2026-09-20T19:23:33Z,s-p-aisha-6,73.5
2026-09-20T19:23:33.500000Z,s-p-aisha-6,80.2
2026-09-20T19:23:34Z,s-p-aisha-6,69.2
2026-09-20T19:23:34.500000Z,s-p-aisha-6,50.3
2026-09-20T19:23:35Z,s-p-aisha-6,23.2
2026-09-20T19:23:35.500000Z,s-p-aisha-6,3.0
2026-09-20T19:23:36Z,s-p-aisha-6,3.9
2026-09-20T19:23:36.500000Z,s-p-aisha-6,5.8
2026-09-20T19:23:37Z,s-p-aisha-6,4.6
2026-09-20T19:23:37.500000Z,s-p-aisha-6,5.3
2026-09-20T19:23:38Z,s-p-aisha-6,5.0
2026-09-20T19:23:38.500000Z,s-p-aisha-6,4.3
2026-09-20T19:23:39Z,s-p-aisha-6,4.7
2026-09-20T19:23:39.500000Z,s-p-aisha-6,5.1
2026-09-20T19:23:40Z,s-p-aisha-6,4.6
2026-09-20T19:23:40.500000Z,s-p-aisha-6,6.0
2026-09-20T19:23:41Z,s-p-aisha-6,4.1
2026-09-20T19:23:41.500000Z,s-p-aisha-6,4.6
2026-09-20T19:23:42Z,s-p-aisha-6,3.6
2026-09-20T19:23:42.500000Z,s-p-aisha-6,3.3
2026-09-20T19:23:43Z,s-p-aisha-6,5.5
2026-09-20T19:23:43.500000Z,s-p-aisha-6,3.7
2026-09-20T19:23:44Z,s-p-aisha-6,3.6
2026-09-20T19:23:44.500000Z,s-p-aisha-6,3.9
2026-09-20T19:23:45Z,s-p-aisha-6,5.5
2026-09-20T19:23:45.500000Z,s-p-aisha-6,5.9
2026-09-20T19:23:46Z,s-p-aisha-6,4.8
2026-09-20T19:23:46.500000Z,s-p-aisha-6,3.6
2026-09-20T19:23:47Z,s-p-aisha-6,4.1
2026-09-20T19:23:47.500000Z,s-p-aisha-6,3.4
2026-09-20T19:23:48Z,s-p-aisha-6,4.9
2026-09-20T19:23:48.500000Z,s-p-aisha-6,3.2
2026-09-20T19:23:49Z,s-p-aisha-6,3.8
2026-09-20T19:23:49.500000Z,s-p-aisha-6,4.1
2026-09-20T19:23:50Z,s-p-aisha-6,5.7
2026-09-20T19:23:50.500000Z,s-p-aisha-6,4.2
2026-09-20T19:23:51Z,s-p-aisha-6,3.2
2026-09-20T19:23:51.500000Z,s-p-aisha-6,3.8
2026-09-20T19:23:52Z,s-p-aisha-6,4.3
2026-09-20T19:23:52.500000Z,s-p-aisha-6,5.1
2026-09-20T19:23:53Z,s-p-aisha-6,4.6
2026-09-20T19:23:53.500000Z,s-p-aisha-6,3.2
2026-09-20T19:23:54Z,s-p-aisha-6,5.2
2026-09-20T19:23:54.500000Z,s-p-aisha-6,6.0
2026-09-20T19:23:55Z,s-p-aisha-6,5.1
2026-09-20T19:23:55.500000Z,s-p-aisha-6,3.6
2026-09-20T19:23:56Z,s-p-aisha-6,4.1
2026-09-20T19:23:56.500000Z,s-p-aisha-6,5.0
2026-09-20T19:23:57Z,s-p-aisha-6,5.5
2026-09-20T19:23:57.500000Z,s-p-aisha-6,18.3
2026-09-20T19:23:58Z,s-p-aisha-6,43.9
2026-09-20T19:23:58.500000Z,s-p-aisha-6,68.7
2026-09-20T19:23:59Z,s-p-aisha-6,79.2
2026-09-20T19:23:59.500000Z,s-p-aisha-6,77.8
2026-09-20T19:24:00Z,s-p-aisha-6,65.0
2026-09-20T19:24:00.500000Z,s-p-aisha-6,41.0
2026-09-20T19:24:01Z,s-p-aisha-6,12.4
2026-09-20T19:24:01.500000Z,s-p-aisha-6,5.6
2026-09-20T19:24:02Z,s-p-aisha-6,3.7
2026-09-20T19:24:02.500000Z,s-p-aisha-6,3.0
2026-09-20T19:24:03Z,s-p-aisha-6,4.1
2026-09-20T19:24:03.500000Z,s-p-aisha-6,5.9
2026-09-20T19:24:04Z,s-p-aisha-6,4.1
2026-09-20T19:24:04.500000Z,s-p-aisha-6,3.3
2026-09-20T19:24:05Z,s-p-aisha-6,5.8
2026-09-20T19:24:05.500000Z,s-p-aisha-6,3.5
2026-09-20T19:24:06Z,s-p-aisha-6,5.2
2026-09-20T19:24:06.500000Z,s-p-aisha-6,3.9
2026-09-20T19:24:07Z,s-p-aisha-6,5.5
2026-09-20T19:24:07.500000Z,s-p-aisha-6,4.5
2026-09-20T19:24:08Z,s-p-aisha-6,4.6
2026-09-20T19:24:08.500000Z,s-p-aisha-6,5.1
2026-09-20T19:24:09Z,s-p-aisha-6,5.6
2026-09-20T19:24:09.500000Z,s-p-aisha-6,4.7
2026-09-20T19:24:10Z,s-p-aisha-6,4.8
2026-09-20T19:24:10.500000Z,s-p-aisha-6,5.7
2026-09-20T19:24:11Z,s-p-aisha-6,3.5
2026-09-20T19:24:11.500000Z,s-p-aisha-6,5.8
2026-09-20T19:24:12Z,s-p-aisha-6,4.2
2026-09-20T19:24:12.500000Z,s-p-aisha-6,4.0
2026-09-20T19:24:13Z,s-p-aisha-6,5.2
2026-09-20T19:24:13.500000Z,s-p-aisha-6,5.9
2026-09-20T19:24:14Z,s-p-aisha-6,4.6
2026-09-20T19:24:14.500000Z,s-p-aisha-6,4.8
2026-09-20T19:24:15Z,s-p-aisha-6,5.5
2026-09-20T19:24:15.500000Z,s-p-aisha-6,4.4
2026-09-20T19:24:16Z,s-p-aisha-6,3.4
2026-09-20T19:24:16.500000Z,s-p-aisha-6,3.0
2026-09-20T19:24:17Z,s-p-aisha-6,4.5
2026-09-20T19:24:17.500000Z,s-p-aisha-6,3.5
2026-09-20T19:24:18Z,s-p-aisha-6,3.4
2026-09-20T19:24:18.500000Z,s-p-aisha-6,4.1
2026-09-20T19:24:19Z,s-p-aisha-6,5.2
2026-09-20T19:24:19.500000Z,s-p-aisha-6,3.2
2026-09-20T19:24:20Z,s-p-aisha-6,5.2
2026-09-20T19:24:20.500000Z,s-p-aisha-6,5.9
2026-09-20T19:24:21Z,s-p-aisha-6,5.1
2026-09-20T19:24:21.500000Z,s-p-aisha-6,3.7
2026-09-20T19:24:22Z,s-p-aisha-6,4.8
2026-09-20T19:24:22.500000Z,s-p-aisha-6,5.1
2026-09-20T19:24:23Z,s-p-aisha-6,3.5
2026-09-20T19:24:23.500000Z,s-p-aisha-6,6.0
2026-09-20T19:24:24Z,s-p-aisha-6,5.4
2026-09-20T19:24:24.500000Z,s-p-aisha-6,4.5
2026-09-20T19:24:25Z,s-p-aisha-6,3.8
2026-09-20T19:24:25.500000Z,s-p-aisha-6,4.3
2026-09-20T19:24:26Z,s-p-aisha-6,5.8
2026-09-20T19:24:26.500000Z,s-p-aisha-6,5.6
2026-09-20T19:24:27Z,s-p-aisha-6,5.4
2026-09-20T19:24:27.500000Z,s-p-aisha-6,3.9
2026-09-20T19:24:28Z,s-p-aisha-6,5.6
2026-09-20T19:24:28.500000Z,s-p-aisha-6,5.8
2026-09-20T19:24:29Z,s-p-aisha-6,4.2
2026-09-20T19:24:29.500000Z,s-p-aisha-6,3.9
2026-09-20T19:24:30Z,s-p-aisha-6,3.3
2026-09-20T19:24:30.500000Z,s-p-aisha-6,3.2
2026-09-20T19:24:31Z,s-p-aisha-6,5.2
2026-09-20T19:24:31.500000Z,s-p-aisha-6,5.8
2026-09-20T19:24:32Z,s-p-aisha-6,3.5
2026-09-20T19:24:32.500000Z,s-p-aisha-6,3.2
2026-09-20T19:24:33Z,s-p-aisha-6,5.2
2026-09-20T19:24:33.500000Z,s-p-aisha-6,4.7
2026-09-20T19:24:34Z,s-p-aisha-6,4.5
2026-09-20T19:24:34.500000Z,s-p-aisha-6,5.6
2026-09-20T19:24:35Z,s-p-aisha-6,5.9
2026-09-20T19:24:35.500000Z,s-p-aisha-6,4.3
2026-09-20T19:24:36Z,s-p-aisha-6,4.5
2026-09-20T19:24:36.500000Z,s-p-aisha-6,5.2
2026-09-20T19:24:37Z,s-p-aisha-6,4.4
2026-09-20T19:24:37.500000Z,s-p-aisha-6,4.5
2026-09-20T19:24:38Z,s-p-aisha-6,6.0
2026-09-22T19:07:00Z,s-p-aisha-4,3.0
2026-09-22T19:07:00.500000Z,s-p-aisha-4,4.3
2026-09-22T19:07:01Z,s-p-aisha-4,4.6
2026-09-22T19:07:01.500000Z,s-p-aisha-4,4.0
2026-09-22T19:07:02Z,s-p-aisha-4,6.0
2026-09-22T19:07:02.500000Z,s-p-aisha-4,5.0
2026-09-22T19:07:03Z,s-p-aisha-4,5.8
2026-09-22T19:07:03.500000Z,s-p-aisha-4,6.0
2026-09-22T19:07:04Z,s-p-aisha-4,5.8
2026-09-22T19:07:04.500000Z,s-p-aisha-4,5.1
2026-09-22T19:07:05Z,s-p-aisha-4,3.1
2026-09-22T19:07:05.500000Z,s-p-aisha-4,29.4
2026-09-22T19:07:06Z,s-p-aisha-4,54.5
2026-09-22T19:07:06.500000Z,s-p-aisha-4,74.2
2026-09-22T19:07:07Z,s-p-aisha-4,80.4
2026-09-22T19:07:07.500000Z,s-p-aisha-4,73.5
2026-09-22T19:07:08Z,s-p-aisha-4,54.2
2026-09-22T19:07:08.500000Z,s-p-aisha-4,30.0
2026-09-22T19:07:09Z,s-p-aisha-4,5.5
2026-09-22T19:07:09.500000Z,s-p-aisha-4,5.6
2026-09-22T19:07:10Z,s-p-aisha-4,3.9
2026-09-22T19:07:10.500000Z,s-p-aisha-4,4.4
2026-09-22T19:07:11Z,s-p-aisha-4,3.8
2026-09-22T19:07:11.500000Z,s-p-aisha-4,3.0
2026-09-22T19:07:12Z,s-p-aisha-4,4.9
2026-09-22T19:07:12.500000Z,s-p-aisha-4,4.2
2026-09-22T19:07:13Z,s-p-aisha-4,5.8
2026-09-22T19:07:13.500000Z,s-p-aisha-4,5.8
2026-09-22T19:07:14Z,s-p-aisha-4,5.9
2026-09-22T19:07:14.500000Z,s-p-aisha-4,4.5
2026-09-22T19:07:15Z,s-p-aisha-4,5.7
2026-09-22T19:07:15.500000Z,s-p-aisha-4,5.8
2026-09-22T19:07:16Z,s-p-aisha-4,5.7
2026-09-22T19:07:16.500000Z,s-p-aisha-4,5.5
2026-09-22T19:07:17Z,s-p-aisha-4,3.2
2026-09-22T19:07:17.500000Z,s-p-aisha-4,3.0
2026-09-22T19:07:18Z,s-p-aisha-4,4.4
2026-09-22T19:07:18.500000Z,s-p-aisha-4,3.9
2026-09-22T19:07:19Z,s-p-aisha-4,3.3
2026-09-22T19:07:19.500000Z,s-p-aisha-4,4.0
2026-09-22T19:07:20Z,s-p-aisha-4,5.2
2026-09-22T19:07:20.500000Z,s-p-aisha-4,4.2
2026-09-22T19:07:21Z,s-p-aisha-4,3.0
2026-09-22T19:07:21.500000Z,s-p-aisha-4,4.3
2026-09-22T19:07:22Z,s-p-aisha-4,3.6
2026-09-22T19:07:22.500000Z,s-p-aisha-4,4.6
2026-09-22T19:07:23Z,s-p-aisha-4,5.7
2026-09-22T19:07:23.500000Z,s-p-aisha-4,4.2
2026-09-22T19:07:24Z,s-p-aisha-4,5.7
2026-09-22T19:07:24.500000Z,s-p-aisha-4,3.0
2026-09-22T19:07:25Z,s-p-aisha-4,5.3
2026-09-22T19:07:25.500000Z,s-p-aisha-4,3.8
2026-09-22T19:07:26Z,s-p-aisha-4,4.4
2026-09-22T19:07:26.500000Z,s-p-aisha-4,4.1
2026-09-22T19:07:27Z,s-p-aisha-4,4.1
2026-09-22T19:07:27.500000Z,s-p-aisha-4,5.7
2026-09-22T19:07:28Z,s-p-aisha-4,4.6
2026-09-22T19:07:28.500000Z,s-p-aisha-4,3.8
2026-09-22T19:07:29Z,s-p-aisha-4,6.0
2026-09-22T19:07:29.500000Z,s-p-aisha-4,5.0
2026-09-22T19:07:30Z,s-p-aisha-4,4.3
2026-09-22T19:07:30.500000Z,s-p-aisha-4,3.4
2026-09-22T19:07:31Z,s-p-aisha-4,29.5
2026-09-22T19:07:31.500000Z,s-p-aisha-4,57.9
2026-09-22T19:07:32Z,s-p-aisha-4,75.5
2026-09-22T19:07:32.500000Z,s-p-aisha-4,80.5
2026-09-22T19:07:33Z,s-p-aisha-4,72.5
2026-09-22T19:07:33.500000Z,s-p-aisha-4,54.3
2026-09-22T19:07:34Z,s-p-aisha-4,31.3
2026-09-22T19:07:34.500000Z,s-p-aisha-4,4.5
2026-09-22T19:07:35Z,s-p-aisha-4,5.0
2026-09-22T19:07:35.500000Z,s-p-aisha-4,3.4
2026-09-22T19:07:36Z,s-p-aisha-4,5.3
2026-09-22T19:07:36.500000Z,s-p-aisha-4,5.3
2026-09-22T19:07:37Z,s-p-aisha-4,4.2
2026-09-22T19:07:37.500000Z,s-p-aisha-4,5.2
2026-09-22T19:07:38Z,s-p-aisha-4,5.2
2026-09-22T19:07:38.500000Z,s-p-aisha-4,5.5
2026-09-22T19:07:39Z,s-p-aisha-4,3.4
2026-09-22T19:07:39.500000Z,s-p-aisha-4,5.9
2026-09-22T19:07:40Z,s-p-aisha-4,5.4
2026-09-22T19:07:40.500000Z,s-p-aisha-4,3.4
2026-09-22T19:07:41Z,s-p-aisha-4,4.0
2026-09-22T19:07:41.500000Z,s-p-aisha-4,3.0
2026-09-22T19:07:42Z,s-p-aisha-4,5.1
2026-09-22T19:07:42.500000Z,s-p-aisha-4,3.2
2026-09-22T19:07:43Z,s-p-aisha-4,5.5
2026-09-22T19:07:43.500000Z,s-p-aisha-4,4.3
2026-09-22T19:07:44Z,s-p-aisha-4,4.8
2026-09-22T19:07:44.500000Z,s-p-aisha-4,3.0
2026-09-22T19:07:45Z,s-p-aisha-4,4.4
2026-09-22T19:07:45.500000Z,s-p-aisha-4,3.8
2026-09-22T19:07:46Z,s-p-aisha-4,3.2
2026-09-22T19:07:46.500000Z,s-p-aisha-4,4.3
2026-09-22T19:07:47Z,s-p-aisha-4,4.9
2026-09-22T19:07:47.500000Z,s-p-aisha-4,5.2
2026-09-22T19:07:48Z,s-p-aisha-4,3.6
2026-09-22T19:07:48.500000Z,s-p-aisha-4,3.8
2026-09-22T19:07:49Z,s-p-aisha-4,3.3
2026-09-22T19:07:49.500000Z,s-p-aisha-4,3.8
2026-09-22T19:07:50Z,s-p-aisha-4,5.1
2026-09-22T19:07:50.500000Z,s-p-aisha-4,5.0
2026-09-22T19:07:51Z,s-p-aisha-4,4.3
2026-09-22T19:07:51.500000Z,s-p-aisha-4,4.4
2026-09-22T19:07:52Z,s-p-aisha-4,5.3
2026-09-22T19:07:52.500000Z,s-p-aisha-4,3.3
2026-09-22T19:07:53Z,s-p-aisha-4,5.2
2026-09-22T19:07:53.500000Z,s-p-aisha-4,4.8
2026-09-22T19:07:54Z,s-p-aisha-4,3.6
2026-09-22T19:07:54.500000Z,s-p-aisha-4,5.6
2026-09-22T19:07:55Z,s-p-aisha-4,4.9
2026-09-22T19:07:55.500000Z,s-p-aisha-4,3.4
2026-09-22T19:07:56Z,s-p-aisha-4,3.4
2026-09-22T19:07:56.500000Z,s-p-aisha-4,31.1
2026-09-22T19:07:57Z,s-p-aisha-4,58.3
2026-09-22T19:07:57.500000Z,s-p-aisha-4,71.4
2026-09-22T19:07:58Z,s-p-aisha-4,79.4
2026-09-22T19:07:58.500000Z,s-p-aisha-4,70.8
2026-09-22T19:07:59Z,s-p-aisha-4,56.5
2026-09-22T19:07:59.500000Z,s-p-aisha-4,30.6
2026-09-22T19:08:00Z,s-p-aisha-4,3.2
2026-09-22T19:08:00.500000Z,s-p-aisha-4,4.1
2026-09-22T19:08:01Z,s-p-aisha-4,5.8
2026-09-22T19:08:01.500000Z,s-p-aisha-4,5.1
2026-09-22T19:08:02Z,s-p-aisha-4,3.7
2026-09-22T19:08:02.500000Z,s-p-aisha-4,5.7
2026-09-22T19:08:03Z,s-p-aisha-4,3.5
2026-09-22T19:08:03.500000Z,s-p-aisha-4,3.0
2026-09-22T19:08:04Z,s-p-aisha-4,5.0
2026-09-22T19:08:04.500000Z,s-p-aisha-4,4.0
2026-09-22T19:08:05Z,s-p-aisha-4,3.9
2026-09-22T19:08:05.500000Z,s-p-aisha-4,3.8
2026-09-22T19:08:06Z,s-p-aisha-4,4.8
2026-09-22T19:08:06.500000Z,s-p-aisha-4,4.3
2026-09-22T19:08:07Z,s-p-aisha-4,3.8
2026-09-22T19:08:07.500000Z,s-p-aisha-4,4.5
2026-09-22T19:08:08Z,s-p-aisha-4,4.0
2026-09-22T19:08:08.500000Z,s-p-aisha-4,3.3
2026-09-22T19:08:09Z,s-p-aisha-4,5.0
2026-09-22T19:08:09.500000Z,s-p-aisha-4,5.0
2026-09-22T19:08:10Z,s-p-aisha-4,5.3
2026-09-22T19:08:10.500000Z,s-p-aisha-4,3.4
2026-09-22T19:08:11Z,s-p-aisha-4,4.1
2026-09-22T19:08:11.500000Z,s-p-aisha-4,5.4
2026-09-22T19:08:12Z,s-p-aisha-4,5.2
2026-09-22T19:08:12.500000Z,s-p-aisha-4,4.8
2026-09-22T19:08:13Z,s-p-aisha-4,4.8
2026-09-22T19:08:13.500000Z,s-p-aisha-4,3.7
2026-09-22T19:08:14Z,s-p-aisha-4,3.8
2026-09-22T19:08:14.500000Z,s-p-aisha-4,4.8
2026-09-22T19:08:15Z,s-p-aisha-4,3.3
2026-09-22T19:08:15.500000Z,s-p-aisha-4,3.3
2026-09-22T19:08:16Z,s-p-aisha-4,4.9
2026-09-22T19:08:16.500000Z,s-p-aisha-4,4.8
2026-09-22T19:08:17Z,s-p-aisha-4,3.1
2026-09-22T19:08:17.500000Z,s-p-aisha-4,5.9
2026-09-22T19:08:18Z,s-p-aisha-4,5.7
2026-09-22T19:08:18.500000Z,s-p-aisha-4,5.5
2026-09-22T19:08:19Z,s-p-aisha-4,3.6
2026-09-22T19:08:19.500000Z,s-p-aisha-4,4.3
2026-09-22T19:08:20Z,s-p-aisha-4,3.3
2026-09-22T19:08:20.500000Z,s-p-aisha-4,5.8
2026-09-22T19:08:21Z,s-p-aisha-4,4.9
2026-09-22T19:08:21.500000Z,s-p-aisha-4,3.9
2026-09-22T19:08:22Z,s-p-aisha-4,30.3
2026-09-22T19:08:22.500000Z,s-p-aisha-4,57.8
2026-09-22T19:08:23Z,s-p-aisha-4,72.3
2026-09-22T19:08:23.500000Z,s-p-aisha-4,77.9
2026-09-22T19:08:24Z,s-p-aisha-4,73.1
2026-09-22T19:08:24.500000Z,s-p-aisha-4,56.8
2026-09-22T19:08:25Z,s-p-aisha-4,31.3
2026-09-22T19:08:25.500000Z,s-p-aisha-4,4.3
2026-09-22T19:08:26Z,s-p-aisha-4,4.6
2026-09-22T19:08:26.500000Z,s-p-aisha-4,5.9
2026-09-22T19:08:27Z,s-p-aisha-4,5.4
2026-09-22T19:08:27.500000Z,s-p-aisha-4,3.5
2026-09-22T19:08:28Z,s-p-aisha-4,3.8
2026-09-22T19:08:28.500000Z,s-p-aisha-4,5.9
2026-09-22T19:08:29Z,s-p-aisha-4,3.9
2026-09-22T19:08:29.500000Z,s-p-aisha-4,5.9
2026-09-22T19:08:30Z,s-p-aisha-4,3.2
2026-09-22T19:08:30.500000Z,s-p-aisha-4,5.9
2026-09-22T19:08:31Z,s-p-aisha-4,3.6
2026-09-22T19:08:31.500000Z,s-p-aisha-4,5.4
2026-09-22T19:08:32Z,s-p-aisha-4,4.5
2026-09-22T19:08:32.500000Z,s-p-aisha-4,4.6
2026-09-22T19:08:33Z,s-p-aisha-4,4.5
2026-09-22T19:08:33.500000Z,s-p-aisha-4,3.2
2026-09-22T19:08:34Z,s-p-aisha-4,4.3
2026-09-22T19:08:34.500000Z,s-p-aisha-4,4.5
2026-09-22T19:08:35Z,s-p-aisha-4,4.7
2026-09-22T19:08:35.500000Z,s-p-aisha-4,4.2
2026-09-22T19:08:36Z,s-p-aisha-4,4.8
2026-09-22T19:08:36.500000Z,s-p-aisha-4,3.6
2026-09-22T19:08:37Z,s-p-aisha-4,3.0
2026-09-22T19:08:37.500000Z,s-p-aisha-4,4.7
2026-09-22T19:08:38Z,s-p-aisha-4,4.8
2026-09-22T19:08:38.500000Z,s-p-aisha-4,3.0
2026-09-22T19:08:39Z,s-p-aisha-4,5.8
2026-09-22T19:08:39.500000Z,s-p-aisha-4,4.5
2026-09-22T19:08:40Z,s-p-aisha-4,4.5
2026-09-22T19:08:40.500000Z,s-p-aisha-4,5.2
2026-09-22T19:08:41Z,s-p-aisha-4,3.8
2026-09-22T19:08:41.500000Z,s-p-aisha-4,5.6
2026-09-22T19:08:42Z,s-p-aisha-4,3.9
2026-09-22T19:08:42.500000Z,s-p-aisha-4,3.8
2026-09-22T19:08:43Z,s-p-aisha-4,3.4
2026-09-22T19:08:43.500000Z,s-p-aisha-4,3.7
2026-09-22T19:08:44Z,s-p-aisha-4,4.6
2026-09-22T19:08:44.500000Z,s-p-aisha-4,3.9
2026-09-22T19:08:45Z,s-p-aisha-4,4.9
2026-09-22T19:08:45.500000Z,s-p-aisha-4,5.8
2026-09-22T19:08:46Z,s-p-aisha-4,3.8
2026-09-22T19:08:46.500000Z,s-p-aisha-4,3.4
2026-09-22T19:08:47Z,s-p-aisha-4,5.6
2026-09-22T19:08:47.500000Z,s-p-aisha-4,29.3
2026-09-22T19:08:48Z,s-p-aisha-4,57.8
2026-09-22T19:08:48.500000Z,s-p-aisha-4,72.7
2026-09-22T19:08:49Z,s-p-aisha-4,80.6
2026-09-22T19:08:49.500000Z,s-p-aisha-4,71.3
2026-09-22T19:08:50Z,s-p-aisha-4,57.8
2026-09-22T19:08:50.500000Z,s-p-aisha-4,30.9
2026-09-22T19:08:51Z,s-p-aisha-4,6.0
2026-09-22T19:08:51.500000Z,s-p-aisha-4,3.0
2026-09-22T19:08:52Z,s-p-aisha-4,4.1
2026-09-22T19:08:52.500000Z,s-p-aisha-4,5.2
2026-09-22T19:08:53Z,s-p-aisha-4,3.8
2026-09-22T19:08:53.500000Z,s-p-aisha-4,3.8
2026-09-22T19:08:54Z,s-p-aisha-4,3.0
2026-09-22T19:08:54.500000Z,s-p-aisha-4,5.0
2026-09-22T19:08:55Z,s-p-aisha-4,5.6
2026-09-22T19:08:55.500000Z,s-p-aisha-4,5.8
2026-09-22T19:08:56Z,s-p-aisha-4,4.7
2026-09-22T19:08:56.500000Z,s-p-aisha-4,5.2
2026-09-22T19:08:57Z,s-p-aisha-4,5.1
2026-09-22T19:08:57.500000Z,s-p-aisha-4,5.8
2026-09-22T19:08:58Z,s-p-aisha-4,3.8
2026-09-22T19:08:58.500000Z,s-p-aisha-4,4.9
2026-09-22T19:08:59Z,s-p-aisha-4,4.8
2026-09-22T19:08:59.500000Z,s-p-aisha-4,3.6
2026-09-22T19:09:00Z,s-p-aisha-4,4.3
2026-09-22T19:09:00.500000Z,s-p-aisha-4,4.0
2026-09-22T19:09:01Z,s-p-aisha-4,3.6
2026-09-22T19:09:01.500000Z,s-p-aisha-4,4.9
2026-09-22T19:09:02Z,s-p-aisha-4,5.6
2026-09-22T19:09:02.500000Z,s-p-aisha-4,4.2
2026-09-22T19:09:03Z,s-p-aisha-4,4.3
2026-09-22T19:09:03.500000Z,s-p-aisha-4,5.2
2026-09-22T19:09:04Z,s-p-aisha-4,4.3
2026-09-22T19:09:04.500000Z,s-p-aisha-4,3.4
2026-09-22T19:09:05Z,s-p-aisha-4,4.4
2026-09-22T19:09:05.500000Z,s-p-aisha-4,4.5
2026-09-22T19:09:06Z,s-p-aisha-4,4.4
2026-09-22T19:09:06.500000Z,s-p-aisha-4,5.4
2026-09-22T19:09:07Z,s-p-aisha-4,3.5
2026-09-22T19:09:07.500000Z,s-p-aisha-4,4.7
2026-09-22T19:09:08Z,s-p-aisha-4,5.8
2026-09-22T19:09:08.500000Z,s-p-aisha-4,3.5
2026-09-22T19:09:09Z,s-p-aisha-4,3.8
2026-09-22T19:09:09.500000Z,s-p-aisha-4,3.9
2026-09-22T19:09:10Z,s-p-aisha-4,5.7
2026-09-22T19:09:10.500000Z,s-p-aisha-4,5.5
2026-09-22T19:09:11Z,s-p-aisha-4,5.1
2026-09-22T19:09:11.500000Z,s-p-aisha-4,3.6
2026-09-22T19:09:12Z,s-p-aisha-4,3.4
2026-09-22T19:09:12.500000Z,s-p-aisha-4,4.3
2026-09-22T19:09:13Z,s-p-aisha-4,30.6
2026-09-22T19:09:13.500000Z,s-p-aisha-4,57.8
2026-09-22T19:09:14Z,s-p-aisha-4,76.2
2026-09-22T19:09:14.500000Z,s-p-aisha-4,80.2
2026-09-22T19:09:15Z,s-p-aisha-4,76.1
2026-09-22T19:09:15.500000Z,s-p-aisha-4,54.4
2026-09-22T19:09:16Z,s-p-aisha-4,29.8
2026-09-22T19:09:16.500000Z,s-p-aisha-4,3.8
2026-09-22T19:09:17Z,s-p-aisha-4,4.8
2026-09-22T19:09:17.500000Z,s-p-aisha-4,5.4
2026-09-22T19:09:18Z,s-p-aisha-4,3.0
2026-09-22T19:09:18.500000Z,s-p-aisha-4,5.4
2026-09-22T19:09:19Z,s-p-aisha-4,4.6
2026-09-22T19:09:19.500000Z,s-p-aisha-4,5.5
2026-09-22T19:09:20Z,s-p-aisha-4,5.6
2026-09-22T19:09:20.500000Z,s-p-aisha-4,3.3
2026-09-22T19:09:21Z,s-p-aisha-4,3.4
2026-09-22T19:09:21.500000Z,s-p-aisha-4,5.3
2026-09-22T19:09:22Z,s-p-aisha-4,5.7
2026-09-22T19:09:22.500000Z,s-p-aisha-4,5.4
2026-09-22T19:09:23Z,s-p-aisha-4,3.9
2026-09-22T19:09:23.500000Z,s-p-aisha-4,4.4
2026-09-22T19:09:24Z,s-p-aisha-4,3.7
2026-09-22T19:09:24.500000Z,s-p-aisha-4,4.6
2026-09-22T19:09:25Z,s-p-aisha-4,3.8
2026-09-22T19:09:25.500000Z,s-p-aisha-4,4.6
2026-09-22T19:09:26Z,s-p-aisha-4,3.1
2026-09-22T19:09:26.500000Z,s-p-aisha-4,3.1
2026-09-22T19:09:27Z,s-p-aisha-4,4.6
2026-09-22T19:09:27.500000Z,s-p-aisha-4,3.3
2026-09-22T19:09:28Z,s-p-aisha-4,5.7
2026-09-22T19:09:28.500000Z,s-p-aisha-4,4.2
2026-09-22T19:09:29Z,s-p-aisha-4,3.0
2026-09-22T19:09:29.500000Z,s-p-aisha-4,3.7
2026-09-22T19:09:30Z,s-p-aisha-4,3.7
2026-09-22T19:09:30.500000Z,s-p-aisha-4,4.2
2026-09-22T19:09:31Z,s-p-aisha-4,4.1
2026-09-22T19:09:31.500000Z,s-p-aisha-4,3.9
2026-09-22T19:09:32Z,s-p-aisha-4,5.8
2026-09-22T19:09:32.500000Z,s-p-aisha-4,5.1
2026-09-22T19:09:33Z,s-p-aisha-4,5.1
2026-09-22T19:09:33.500000Z,s-p-aisha-4,5.1
2026-09-22T19:09:34Z,s-p-aisha-4,5.7
2026-09-22T19:09:34.500000Z,s-p-aisha-4,4.5
2026-09-22T19:09:35Z,s-p-aisha-4,6.0
2026-09-22T19:09:35.500000Z,s-p-aisha-4,3.7
2026-09-22T19:09:36Z,s-p-aisha-4,5.9
2026-09-22T19:09:36.500000Z,s-p-aisha-4,3.8
2026-09-22T19:09:37Z,s-p-aisha-4,3.2
2026-09-22T19:09:37.500000Z,s-p-aisha-4,4.0
2026-09-22T19:09:38Z,s-p-aisha-4,4.1
2026-09-22T19:09:38.500000Z,s-p-aisha-4,31.5
2026-09-22T19:09:39Z,s-p-aisha-4,56.5
2026-09-22T19:09:39.500000Z,s-p-aisha-4,75.2
2026-09-22T19:09:40Z,s-p-aisha-4,77.1
2026-09-22T19:09:40.500000Z,s-p-aisha-4,72.8
2026-09-22T19:09:41Z,s-p-aisha-4,54.6
2026-09-22T19:09:41.500000Z,s-p-aisha-4,30.4
2026-09-22T19:09:42Z,s-p-aisha-4,4.1
2026-09-22T19:09:42.500000Z,s-p-aisha-4,5.7
2026-09-22T19:09:43Z,s-p-aisha-4,5.4
2026-09-22T19:09:43.500000Z,s-p-aisha-4,5.4
2026-09-22T19:09:44Z,s-p-aisha-4,5.6
2026-09-22T19:09:44.500000Z,s-p-aisha-4,5.9
2026-09-22T19:09:45Z,s-p-aisha-4,5.3
2026-09-22T19:09:45.500000Z,s-p-aisha-4,3.4
2026-09-22T19:09:46Z,s-p-aisha-4,3.4
2026-09-22T19:09:46.500000Z,s-p-aisha-4,4.3
2026-09-22T19:09:47Z,s-p-aisha-4,5.4
2026-09-22T19:09:47.500000Z,s-p-aisha-4,5.9
2026-09-22T19:09:48Z,s-p-aisha-4,5.4
2026-09-22T19:09:48.500000Z,s-p-aisha-4,3.3
2026-09-22T19:09:49Z,s-p-aisha-4,4.3
2026-09-22T19:09:49.500000Z,s-p-aisha-4,5.2
2026-09-22T19:09:50Z,s-p-aisha-4,3.4
2026-09-22T19:09:50.500000Z,s-p-aisha-4,4.0
2026-09-22T19:09:51Z,s-p-aisha-4,3.4
2026-09-22T19:09:51.500000Z,s-p-aisha-4,5.3
2026-09-22T19:09:52Z,s-p-aisha-4,4.1
2026-09-22T19:09:52.500000Z,s-p-aisha-4,4.5
2026-09-22T19:09:53Z,s-p-aisha-4,4.4
2026-09-22T19:09:53.500000Z,s-p-aisha-4,5.9
2026-09-22T19:09:54Z,s-p-aisha-4,4.8
2026-09-22T19:09:54.500000Z,s-p-aisha-4,4.9
2026-09-22T19:09:55Z,s-p-aisha-4,3.4
2026-09-22T19:09:55.500000Z,s-p-aisha-4,5.8
2026-09-22T19:09:56Z,s-p-aisha-4,5.8
2026-09-22T19:09:56.500000Z,s-p-aisha-4,4.1
2026-09-22T19:09:57Z,s-p-aisha-4,4.6
2026-09-22T19:09:57.500000Z,s-p-aisha-4,4.6
2026-09-22T19:09:58Z,s-p-aisha-4,4.5
2026-09-22T19:09:58.500000Z,s-p-aisha-4,4.6
2026-09-22T19:09:59Z,s-p-aisha-4,3.7
2026-09-22T19:09:59.500000Z,s-p-aisha-4,3.3
2026-09-22T19:10:00Z,s-p-aisha-4,5.1
2026-09-22T19:10:00.500000Z,s-p-aisha-4,4.6
2026-09-22T19:10:01Z,s-p-aisha-4,5.3
2026-09-22T19:10:01.500000Z,s-p-aisha-4,5.4
2026-09-22T19:10:02Z,s-p-aisha-4,3.7
2026-09-22T19:10:02.500000Z,s-p-aisha-4,3.3
2026-09-22T19:10:03Z,s-p-aisha-4,4.1
2026-09-22T19:10:03.500000Z,s-p-aisha-4,3.6
2026-09-22T19:10:04Z,s-p-aisha-4,30.5
2026-09-22T19:10:04.500000Z,s-p-aisha-4,57.9
2026-09-22T19:10:05Z,s-p-aisha-4,74.2
2026-09-22T19:10:05.500000Z,s-p-aisha-4,77.8
2026-09-22T19:10:06Z,s-p-aisha-4,73.7
2026-09-22T19:10:06.500000Z,s-p-aisha-4,56.0
2026-09-22T19:10:07Z,s-p-aisha-4,30.6
2026-09-22T19:10:07.500000Z,s-p-aisha-4,3.6
2026-09-22T19:10:08Z,s-p-aisha-4,5.2
2026-09-22T19:10:08.500000Z,s-p-aisha-4,3.4
2026-09-22T19:10:09Z,s-p-aisha-4,5.1
2026-09-22T19:10:09.500000Z,s-p-aisha-4,3.4
2026-09-22T19:10:10Z,s-p-aisha-4,5.2
2026-09-22T19:10:10.500000Z,s-p-aisha-4,5.1
2026-09-22T19:10:11Z,s-p-aisha-4,4.3
2026-09-22T19:10:11.500000Z,s-p-aisha-4,3.2
2026-09-22T19:10:12Z,s-p-aisha-4,3.3
2026-09-22T19:10:12.500000Z,s-p-aisha-4,4.7
2026-09-22T19:10:13Z,s-p-aisha-4,4.4
2026-09-22T19:10:13.500000Z,s-p-aisha-4,4.8
2026-09-22T19:10:14Z,s-p-aisha-4,3.5
2026-09-22T19:10:14.500000Z,s-p-aisha-4,3.4
2026-09-22T19:10:15Z,s-p-aisha-4,3.4
2026-09-22T19:10:15.500000Z,s-p-aisha-4,3.7
2026-09-22T19:10:16Z,s-p-aisha-4,3.0
2026-09-22T19:10:16.500000Z,s-p-aisha-4,5.5
2026-09-22T19:10:17Z,s-p-aisha-4,4.2
2026-09-22T19:10:17.500000Z,s-p-aisha-4,5.3
2026-09-22T19:10:18Z,s-p-aisha-4,4.4
2026-09-22T19:10:18.500000Z,s-p-aisha-4,3.4
2026-09-22T19:10:19Z,s-p-aisha-4,4.6
2026-09-22T19:10:19.500000Z,s-p-aisha-4,5.8
2026-09-22T19:10:20Z,s-p-aisha-4,4.4
2026-09-22T19:10:20.500000Z,s-p-aisha-4,5.2
2026-09-22T19:10:21Z,s-p-aisha-4,4.3
2026-09-22T19:10:21.500000Z,s-p-aisha-4,4.9
2026-09-22T19:10:22Z,s-p-aisha-4,3.0
2026-09-22T19:10:22.500000Z,s-p-aisha-4,3.3
2026-09-22T19:10:23Z,s-p-aisha-4,3.2
2026-09-22T19:10:23.500000Z,s-p-aisha-4,4.9
2026-09-22T19:10:24Z,s-p-aisha-4,4.8
2026-09-22T19:10:24.500000Z,s-p-aisha-4,3.5
2026-09-22T19:10:25Z,s-p-aisha-4,3.5
2026-09-22T19:10:25.500000Z,s-p-aisha-4,4.2
2026-09-22T19:10:26Z,s-p-aisha-4,4.3
2026-09-22T19:10:26.500000Z,s-p-aisha-4,5.8
2026-09-22T19:10:27Z,s-p-aisha-4,4.4
2026-09-22T19:10:27.500000Z,s-p-aisha-4,5.1
2026-09-22T19:10:28Z,s-p-aisha-4,3.8
2026-09-22T19:10:28.500000Z,s-p-aisha-4,4.7
2026-09-22T19:10:29Z,s-p-aisha-4,3.9
2026-09-22T19:10:29.500000Z,s-p-aisha-4,30.9
2026-09-22T19:10:30Z,s-p-aisha-4,56.7
2026-09-22T19:10:30.500000Z,s-p-aisha-4,72.1
2026-09-22T19:10:31Z,s-p-aisha-4,82.2
2026-09-22T19:10:31.500000Z,s-p-aisha-4,71.7
2026-09-22T19:10:32Z,s-p-aisha-4,55.8
2026-09-22T19:10:32.500000Z,s-p-aisha-4,30.0
2026-09-22T19:10:33Z,s-p-aisha-4,4.4
2026-09-22T19:10:33.500000Z,s-p-aisha-4,4.2
2026-09-22T19:10:34Z,s-p-aisha-4,4.1
2026-09-22T19:10:34.500000Z,s-p-aisha-4,3.2
2026-09-22T19:10:35Z,s-p-aisha-4,4.1
2026-09-22T19:10:35.500000Z,s-p-aisha-4,4.3
2026-09-22T19:10:36Z,s-p-aisha-4,3.8
2026-09-22T19:10:36.500000Z,s-p-aisha-4,3.3
2026-09-22T19:10:37Z,s-p-aisha-4,4.1
2026-09-22T19:10:37.500000Z,s-p-aisha-4,5.3
2026-09-22T19:10:38Z,s-p-aisha-4,4.0
2026-09-22T19:10:38.500000Z,s-p-aisha-4,3.7
2026-09-22T19:10:39Z,s-p-aisha-4,3.5
2026-09-22T19:10:39.500000Z,s-p-aisha-4,3.3
2026-09-22T19:10:40Z,s-p-aisha-4,3.6
2026-09-22T19:10:40.500000Z,s-p-aisha-4,3.0
2026-09-22T19:10:41Z,s-p-aisha-4,5.7
2026-09-22T19:10:41.500000Z,s-p-aisha-4,3.6
2026-09-22T19:10:42Z,s-p-aisha-4,3.6
2026-09-22T19:10:42.500000Z,s-p-aisha-4,5.8
2026-09-22T19:10:43Z,s-p-aisha-4,3.7
2026-09-22T19:10:43.500000Z,s-p-aisha-4,3.3
2026-09-22T19:10:44Z,s-p-aisha-4,4.7
2026-09-22T19:10:44.500000Z,s-p-aisha-4,3.1
2026-09-22T19:10:45Z,s-p-aisha-4,6.0
2026-09-22T19:10:45.500000Z,s-p-aisha-4,4.5
2026-09-22T19:10:46Z,s-p-aisha-4,3.1
2026-09-22T19:10:46.500000Z,s-p-aisha-4,3.3
2026-09-22T19:10:47Z,s-p-aisha-4,3.9
2026-09-22T19:10:47.500000Z,s-p-aisha-4,5.9
2026-09-22T19:10:48Z,s-p-aisha-4,5.3
2026-09-22T19:10:48.500000Z,s-p-aisha-4,5.9
2026-09-22T19:10:49Z,s-p-aisha-4,4.5
2026-09-22T19:10:49.500000Z,s-p-aisha-4,3.9
2026-09-22T19:10:50Z,s-p-aisha-4,4.2
2026-09-22T19:10:50.500000Z,s-p-aisha-4,4.1
2026-09-22T19:10:51Z,s-p-aisha-4,3.4
2026-09-22T19:10:51.500000Z,s-p-aisha-4,5.0
2026-09-22T19:10:52Z,s-p-aisha-4,4.0
2026-09-22T19:10:52.500000Z,s-p-aisha-4,5.7
2026-09-22T19:10:53Z,s-p-aisha-4,4.5
2026-09-22T19:10:53.500000Z,s-p-aisha-4,4.5
2026-09-22T19:10:54Z,s-p-aisha-4,5.3
2026-09-22T19:10:54.500000Z,s-p-aisha-4,3.1
2026-09-22T19:10:55Z,s-p-aisha-4,29.6
2026-09-22T19:10:55.500000Z,s-p-aisha-4,57.7
2026-09-22T19:10:56Z,s-p-aisha-4,75.8
2026-09-22T19:10:56.500000Z,s-p-aisha-4,76.8
2026-09-22T19:10:57Z,s-p-aisha-4,75.0
2026-09-22T19:10:57.500000Z,s-p-aisha-4,57.7
2026-09-22T19:10:58Z,s-p-aisha-4,29.3
2026-09-22T19:10:58.500000Z,s-p-aisha-4,4.5
2026-09-22T19:10:59Z,s-p-aisha-4,4.8
2026-09-22T19:10:59.500000Z,s-p-aisha-4,4.6
2026-09-22T19:11:00Z,s-p-aisha-4,5.3
2026-09-22T19:11:00.500000Z,s-p-aisha-4,4.3
2026-09-22T19:11:01Z,s-p-aisha-4,3.4
2026-09-22T19:11:01.500000Z,s-p-aisha-4,3.9
2026-09-22T19:11:02Z,s-p-aisha-4,4.9
2026-09-22T19:11:02.500000Z,s-p-aisha-4,5.8
2026-09-22T19:11:03Z,s-p-aisha-4,3.1
2026-09-22T19:11:03.500000Z,s-p-aisha-4,5.1
2026-09-22T19:11:04Z,s-p-aisha-4,5.0
2026-09-22T19:11:04.500000Z,s-p-aisha-4,3.7
2026-09-22T19:11:05Z,s-p-aisha-4,6.0
2026-09-22T19:11:05.500000Z,s-p-aisha-4,4.8
2026-09-22T19:11:06Z,s-p-aisha-4,5.9
2026-09-22T19:11:06.500000Z,s-p-aisha-4,4.7
2026-09-22T19:11:07Z,s-p-aisha-4,6.0
2026-09-22T19:11:07.500000Z,s-p-aisha-4,3.3
2026-09-22T19:11:08Z,s-p-aisha-4,3.0
2026-09-22T19:11:08.500000Z,s-p-aisha-4,5.3
2026-09-22T19:11:09Z,s-p-aisha-4,3.9
2026-09-22T19:11:09.500000Z,s-p-aisha-4,5.6
2026-09-22T19:11:10Z,s-p-aisha-4,5.4
2026-09-22T19:11:10.500000Z,s-p-aisha-4,5.7
2026-09-22T19:11:11Z,s-p-aisha-4,4.5
2026-09-22T19:11:11.500000Z,s-p-aisha-4,4.4
2026-09-22T19:11:12Z,s-p-aisha-4,3.5
2026-09-22T19:11:12.500000Z,s-p-aisha-4,3.9
2026-09-22T19:11:13Z,s-p-aisha-4,3.2
2026-09-22T19:11:13.500000Z,s-p-aisha-4,4.7
2026-09-22T19:11:14Z,s-p-aisha-4,4.1
2026-09-22T19:11:14.500000Z,s-p-aisha-4,3.2
2026-09-22T19:11:15Z,s-p-aisha-4,5.1
2026-09-22T19:11:15.500000Z,s-p-aisha-4,4.4
2026-09-22T19:11:16Z,s-p-aisha-4,6.0
2026-09-22T19:11:16.500000Z,s-p-aisha-4,5.9
2026-09-22T19:11:17Z,s-p-aisha-4,5.3
2026-09-22T19:11:17.500000Z,s-p-aisha-4,4.3
2026-09-22T19:11:18Z,s-p-aisha-4,5.8
2026-09-22T19:11:18.500000Z,s-p-aisha-4,5.8
2026-09-22T19:11:19Z,s-p-aisha-4,5.9
2026-09-22T19:11:19.500000Z,s-p-aisha-4,4.5
2026-09-22T19:11:20Z,s-p-aisha-4,4.1
2026-09-22T19:11:20.500000Z,s-p-aisha-4,3.9
2026-09-22T19:11:21Z,s-p-aisha-4,4.2
2026-09-22T19:11:21.500000Z,s-p-aisha-4,4.9
2026-09-22T19:11:22Z,s-p-aisha-4,5.0
2026-09-22T19:11:22.500000Z,s-p-aisha-4,4.3
2026-09-22T19:11:23Z,s-p-aisha-4,4.5
2026-09-22T19:11:23.500000Z,s-p-aisha-4,4.9
2026-09-22T19:11:24Z,s-p-aisha-4,3.9
2026-09-22T19:11:24.500000Z,s-p-aisha-4,3.3
2026-09-22T19:11:25Z,s-p-aisha-4,4.2
2026-09-22T19:11:25.500000Z,s-p-aisha-4,4.4
2026-09-22T19:11:26Z,s-p-aisha-4,5.6
2026-09-22T19:11:26.500000Z,s-p-aisha-4,6.0
2026-09-22T19:11:27Z,s-p-aisha-4,3.1
2026-09-22T19:11:27.500000Z,s-p-aisha-4,5.9
2026-09-22T19:11:28Z,s-p-aisha-4,3.2
2026-09-22T19:11:28.500000Z,s-p-aisha-4,5.4
2026-09-22T19:11:29Z,s-p-aisha-4,5.1
2026-09-22T19:11:29.500000Z,s-p-aisha-4,4.7
2026-09-22T19:11:30Z,s-p-aisha-4,3.5
2026-09-22T19:11:30.500000Z,s-p-aisha-4,3.3
2026-09-22T19:11:31Z,s-p-aisha-4,4.1
2026-09-22T19:11:31.500000Z,s-p-aisha-4,4.7
2026-09-22T19:11:32Z,s-p-aisha-4,5.6
2026-09-22T19:11:32.500000Z,s-p-aisha-4,3.7
2026-09-22T19:11:33Z,s-p-aisha-4,5.6
2026-09-22T19:11:33.500000Z,s-p-aisha-4,5.0
2026-09-22T19:11:34Z,s-p-aisha-4,4.0
2026-09-22T19:11:34.500000Z,s-p-aisha-4,4.4
2026-09-22T19:11:35Z,s-p-aisha-4,4.6
2026-09-23T17:05:00Z,s-p-aisha-3,5.3
2026-09-23T17:05:00.500000Z,s-p-aisha-3,3.6
2026-09-23T17:05:01Z,s-p-aisha-3,4.0
2026-09-23T17:05:01.500000Z,s-p-aisha-3,4.0
2026-09-23T17:05:02Z,s-p-aisha-3,6.0
2026-09-23T17:05:02.500000Z,s-p-aisha-3,4.5
2026-09-23T17:05:03Z,s-p-aisha-3,5.1
2026-09-23T17:05:03.500000Z,s-p-aisha-3,4.4
2026-09-23T17:05:04Z,s-p-aisha-3,3.8
2026-09-23T17:05:04.500000Z,s-p-aisha-3,3.1
2026-09-23T17:05:05Z,s-p-aisha-3,3.5
2026-09-23T17:05:05.500000Z,s-p-aisha-3,31.2
2026-09-23T17:05:06Z,s-p-aisha-3,56.5
2026-09-23T17:05:06.500000Z,s-p-aisha-3,72.0
2026-09-23T17:05:07Z,s-p-aisha-3,80.9
2026-09-23T17:05:07.500000Z,s-p-aisha-3,76.8
2026-09-23T17:05:08Z,s-p-aisha-3,55.0
2026-09-23T17:05:08.500000Z,s-p-aisha-3,31.3
2026-09-23T17:05:09Z,s-p-aisha-3,4.9
2026-09-23T17:05:09.500000Z,s-p-aisha-3,3.2
2026-09-23T17:05:10Z,s-p-aisha-3,4.2
2026-09-23T17:05:10.500000Z,s-p-aisha-3,3.9
2026-09-23T17:05:11Z,s-p-aisha-3,5.1
2026-09-23T17:05:11.500000Z,s-p-aisha-3,5.6
2026-09-23T17:05:12Z,s-p-aisha-3,4.6
2026-09-23T17:05:12.500000Z,s-p-aisha-3,5.0
2026-09-23T17:05:13Z,s-p-aisha-3,3.8
2026-09-23T17:05:13.500000Z,s-p-aisha-3,5.5
2026-09-23T17:05:14Z,s-p-aisha-3,3.3
2026-09-23T17:05:14.500000Z,s-p-aisha-3,5.7
2026-09-23T17:05:15Z,s-p-aisha-3,4.0
2026-09-23T17:05:15.500000Z,s-p-aisha-3,5.3
2026-09-23T17:05:16Z,s-p-aisha-3,3.5
2026-09-23T17:05:16.500000Z,s-p-aisha-3,4.0
2026-09-23T17:05:17Z,s-p-aisha-3,4.3
2026-09-23T17:05:17.500000Z,s-p-aisha-3,4.4
2026-09-23T17:05:18Z,s-p-aisha-3,5.1
2026-09-23T17:05:18.500000Z,s-p-aisha-3,3.5
2026-09-23T17:05:19Z,s-p-aisha-3,5.1
2026-09-23T17:05:19.500000Z,s-p-aisha-3,4.1
2026-09-23T17:05:20Z,s-p-aisha-3,5.1
2026-09-23T17:05:20.500000Z,s-p-aisha-3,4.2
2026-09-23T17:05:21Z,s-p-aisha-3,3.0
2026-09-23T17:05:21.500000Z,s-p-aisha-3,5.3
2026-09-23T17:05:22Z,s-p-aisha-3,4.8
2026-09-23T17:05:22.500000Z,s-p-aisha-3,3.2
2026-09-23T17:05:23Z,s-p-aisha-3,5.0
2026-09-23T17:05:23.500000Z,s-p-aisha-3,4.8
2026-09-23T17:05:24Z,s-p-aisha-3,4.0
2026-09-23T17:05:24.500000Z,s-p-aisha-3,6.0
2026-09-23T17:05:25Z,s-p-aisha-3,5.8
2026-09-23T17:05:25.500000Z,s-p-aisha-3,5.2
2026-09-23T17:05:26Z,s-p-aisha-3,5.2
2026-09-23T17:05:26.500000Z,s-p-aisha-3,3.9
2026-09-23T17:05:27Z,s-p-aisha-3,3.5
2026-09-23T17:05:27.500000Z,s-p-aisha-3,4.4
2026-09-23T17:05:28Z,s-p-aisha-3,3.4
2026-09-23T17:05:28.500000Z,s-p-aisha-3,5.6
2026-09-23T17:05:29Z,s-p-aisha-3,3.3
2026-09-23T17:05:29.500000Z,s-p-aisha-3,5.9
2026-09-23T17:05:30Z,s-p-aisha-3,4.2
2026-09-23T17:05:30.500000Z,s-p-aisha-3,4.6
2026-09-23T17:05:31Z,s-p-aisha-3,3.0
2026-09-23T17:05:31.500000Z,s-p-aisha-3,15.3
2026-09-23T17:05:32Z,s-p-aisha-3,44.9
2026-09-23T17:05:32.500000Z,s-p-aisha-3,68.9
2026-09-23T17:05:33Z,s-p-aisha-3,76.1
2026-09-23T17:05:33.500000Z,s-p-aisha-3,78.7
2026-09-23T17:05:34Z,s-p-aisha-3,67.5
2026-09-23T17:05:34.500000Z,s-p-aisha-3,43.2
2026-09-23T17:05:35Z,s-p-aisha-3,15.6
2026-09-23T17:05:35.500000Z,s-p-aisha-3,3.0
2026-09-23T17:05:36Z,s-p-aisha-3,5.4
2026-09-23T17:05:36.500000Z,s-p-aisha-3,3.0
2026-09-23T17:05:37Z,s-p-aisha-3,5.7
2026-09-23T17:05:37.500000Z,s-p-aisha-3,4.5
2026-09-23T17:05:38Z,s-p-aisha-3,5.6
2026-09-23T17:05:38.500000Z,s-p-aisha-3,5.1
2026-09-23T17:05:39Z,s-p-aisha-3,4.9
2026-09-23T17:05:39.500000Z,s-p-aisha-3,4.4
2026-09-23T17:05:40Z,s-p-aisha-3,4.2
2026-09-23T17:05:40.500000Z,s-p-aisha-3,4.1
2026-09-23T17:05:41Z,s-p-aisha-3,4.6
2026-09-23T17:05:41.500000Z,s-p-aisha-3,4.6
2026-09-23T17:05:42Z,s-p-aisha-3,5.3
2026-09-23T17:05:42.500000Z,s-p-aisha-3,3.3
2026-09-23T17:05:43Z,s-p-aisha-3,3.5
2026-09-23T17:05:43.500000Z,s-p-aisha-3,4.3
2026-09-23T17:05:44Z,s-p-aisha-3,3.5
2026-09-23T17:05:44.500000Z,s-p-aisha-3,4.8
2026-09-23T17:05:45Z,s-p-aisha-3,4.6
2026-09-23T17:05:45.500000Z,s-p-aisha-3,4.1
2026-09-23T17:05:46Z,s-p-aisha-3,5.5
2026-09-23T17:05:46.500000Z,s-p-aisha-3,5.1
2026-09-23T17:05:47Z,s-p-aisha-3,4.3
2026-09-23T17:05:47.500000Z,s-p-aisha-3,3.8
2026-09-23T17:05:48Z,s-p-aisha-3,4.9
2026-09-23T17:05:48.500000Z,s-p-aisha-3,5.8
2026-09-23T17:05:49Z,s-p-aisha-3,5.6
2026-09-23T17:05:49.500000Z,s-p-aisha-3,6.0
2026-09-23T17:05:50Z,s-p-aisha-3,5.4
2026-09-23T17:05:50.500000Z,s-p-aisha-3,3.3
2026-09-23T17:05:51Z,s-p-aisha-3,4.9
2026-09-23T17:05:51.500000Z,s-p-aisha-3,4.8
2026-09-23T17:05:52Z,s-p-aisha-3,4.2
2026-09-23T17:05:52.500000Z,s-p-aisha-3,4.5
2026-09-23T17:05:53Z,s-p-aisha-3,5.3
2026-09-23T17:05:53.500000Z,s-p-aisha-3,5.8
2026-09-23T17:05:54Z,s-p-aisha-3,3.3
2026-09-23T17:05:54.500000Z,s-p-aisha-3,4.3
2026-09-23T17:05:55Z,s-p-aisha-3,4.7
2026-09-23T17:05:55.500000Z,s-p-aisha-3,3.1
2026-09-23T17:05:56Z,s-p-aisha-3,3.9
2026-09-23T17:05:56.500000Z,s-p-aisha-3,4.3
2026-09-23T17:05:57Z,s-p-aisha-3,3.7
2026-09-23T17:05:57.500000Z,s-p-aisha-3,4.4
2026-09-23T17:05:58Z,s-p-aisha-3,30.9
2026-09-23T17:05:58.500000Z,s-p-aisha-3,54.9
2026-09-23T17:05:59Z,s-p-aisha-3,74.9
2026-09-23T17:05:59.500000Z,s-p-aisha-3,79.3
2026-09-23T17:06:00Z,s-p-aisha-3,77.1
2026-09-23T17:06:00.500000Z,s-p-aisha-3,58.1
2026-09-23T17:06:01Z,s-p-aisha-3,29.9
2026-09-23T17:06:01.500000Z,s-p-aisha-3,3.8
2026-09-23T17:06:02Z,s-p-aisha-3,5.4
2026-09-23T17:06:02.500000Z,s-p-aisha-3,4.2
2026-09-23T17:06:03Z,s-p-aisha-3,3.7
2026-09-23T17:06:03.500000Z,s-p-aisha-3,5.7
2026-09-23T17:06:04Z,s-p-aisha-3,4.2
2026-09-23T17:06:04.500000Z,s-p-aisha-3,3.0
2026-09-23T17:06:05Z,s-p-aisha-3,3.5
2026-09-23T17:06:05.500000Z,s-p-aisha-3,4.1
2026-09-23T17:06:06Z,s-p-aisha-3,5.5
2026-09-23T17:06:06.500000Z,s-p-aisha-3,5.5
2026-09-23T17:06:07Z,s-p-aisha-3,4.8
2026-09-23T17:06:07.500000Z,s-p-aisha-3,4.0
2026-09-23T17:06:08Z,s-p-aisha-3,5.9
2026-09-23T17:06:08.500000Z,s-p-aisha-3,6.0
2026-09-23T17:06:09Z,s-p-aisha-3,3.7
2026-09-23T17:06:09.500000Z,s-p-aisha-3,5.9
2026-09-23T17:06:10Z,s-p-aisha-3,3.6
2026-09-23T17:06:10.500000Z,s-p-aisha-3,4.9
2026-09-23T17:06:11Z,s-p-aisha-3,5.5
2026-09-23T17:06:11.500000Z,s-p-aisha-3,5.4
2026-09-23T17:06:12Z,s-p-aisha-3,4.7
2026-09-23T17:06:12.500000Z,s-p-aisha-3,3.4
2026-09-23T17:06:13Z,s-p-aisha-3,4.9
2026-09-23T17:06:13.500000Z,s-p-aisha-3,5.9
2026-09-23T17:06:14Z,s-p-aisha-3,3.5
2026-09-23T17:06:14.500000Z,s-p-aisha-3,5.7
2026-09-23T17:06:15Z,s-p-aisha-3,4.6
2026-09-23T17:06:15.500000Z,s-p-aisha-3,4.3
2026-09-23T17:06:16Z,s-p-aisha-3,3.3
2026-09-23T17:06:16.500000Z,s-p-aisha-3,5.4
2026-09-23T17:06:17Z,s-p-aisha-3,4.5
2026-09-23T17:06:17.500000Z,s-p-aisha-3,4.9
2026-09-23T17:06:18Z,s-p-aisha-3,5.4
2026-09-23T17:06:18.500000Z,s-p-aisha-3,5.5
2026-09-23T17:06:19Z,s-p-aisha-3,4.9
2026-09-23T17:06:19.500000Z,s-p-aisha-3,3.8
2026-09-23T17:06:20Z,s-p-aisha-3,4.7
2026-09-23T17:06:20.500000Z,s-p-aisha-3,5.8
2026-09-23T17:06:21Z,s-p-aisha-3,3.6
2026-09-23T17:06:21.500000Z,s-p-aisha-3,3.3
2026-09-23T17:06:22Z,s-p-aisha-3,4.3
2026-09-23T17:06:22.500000Z,s-p-aisha-3,4.9
2026-09-23T17:06:23Z,s-p-aisha-3,4.8
2026-09-23T17:06:23.500000Z,s-p-aisha-3,3.1
2026-09-23T17:06:24Z,s-p-aisha-3,15.2
2026-09-23T17:06:24.500000Z,s-p-aisha-3,45.1
2026-09-23T17:06:25Z,s-p-aisha-3,68.8
2026-09-23T17:06:25.500000Z,s-p-aisha-3,78.2
2026-09-23T17:06:26Z,s-p-aisha-3,80.5
2026-09-23T17:06:26.500000Z,s-p-aisha-3,67.9
2026-09-23T17:06:27Z,s-p-aisha-3,45.6
2026-09-23T17:06:27.500000Z,s-p-aisha-3,15.4
2026-09-23T17:06:28Z,s-p-aisha-3,5.3
2026-09-23T17:06:28.500000Z,s-p-aisha-3,5.0
2026-09-23T17:06:29Z,s-p-aisha-3,3.8
2026-09-23T17:06:29.500000Z,s-p-aisha-3,5.8
2026-09-23T17:06:30Z,s-p-aisha-3,4.9
2026-09-23T17:06:30.500000Z,s-p-aisha-3,4.9
2026-09-23T17:06:31Z,s-p-aisha-3,4.7
2026-09-23T17:06:31.500000Z,s-p-aisha-3,3.3
2026-09-23T17:06:32Z,s-p-aisha-3,4.4
2026-09-23T17:06:32.500000Z,s-p-aisha-3,4.8
2026-09-23T17:06:33Z,s-p-aisha-3,3.3
2026-09-23T17:06:33.500000Z,s-p-aisha-3,3.8
2026-09-23T17:06:34Z,s-p-aisha-3,5.7
2026-09-23T17:06:34.500000Z,s-p-aisha-3,3.3
2026-09-23T17:06:35Z,s-p-aisha-3,4.5
2026-09-23T17:06:35.500000Z,s-p-aisha-3,4.1
2026-09-23T17:06:36Z,s-p-aisha-3,5.5
2026-09-23T17:06:36.500000Z,s-p-aisha-3,4.2
2026-09-23T17:06:37Z,s-p-aisha-3,4.5
2026-09-23T17:06:37.500000Z,s-p-aisha-3,3.1
2026-09-23T17:06:38Z,s-p-aisha-3,3.2
2026-09-23T17:06:38.500000Z,s-p-aisha-3,5.9
2026-09-23T17:06:39Z,s-p-aisha-3,3.2
2026-09-23T17:06:39.500000Z,s-p-aisha-3,5.1
2026-09-23T17:06:40Z,s-p-aisha-3,4.1
2026-09-23T17:06:40.500000Z,s-p-aisha-3,3.9
2026-09-23T17:06:41Z,s-p-aisha-3,5.7
2026-09-23T17:06:41.500000Z,s-p-aisha-3,5.4
2026-09-23T17:06:42Z,s-p-aisha-3,3.5
2026-09-23T17:06:42.500000Z,s-p-aisha-3,3.0
2026-09-23T17:06:43Z,s-p-aisha-3,3.5
2026-09-23T17:06:43.500000Z,s-p-aisha-3,4.7
2026-09-23T17:06:44Z,s-p-aisha-3,4.8
2026-09-23T17:06:44.500000Z,s-p-aisha-3,3.1
2026-09-23T17:06:45Z,s-p-aisha-3,5.9
2026-09-23T17:06:45.500000Z,s-p-aisha-3,6.0
2026-09-23T17:06:46Z,s-p-aisha-3,4.5
2026-09-23T17:06:46.500000Z,s-p-aisha-3,4.8
2026-09-23T17:06:47Z,s-p-aisha-3,4.6
2026-09-23T17:06:47.500000Z,s-p-aisha-3,3.5
2026-09-23T17:06:48Z,s-p-aisha-3,5.2
2026-09-23T17:06:48.500000Z,s-p-aisha-3,5.8
2026-09-23T17:06:49Z,s-p-aisha-3,3.6
2026-09-23T17:06:49.500000Z,s-p-aisha-3,3.1
2026-09-23T17:06:50Z,s-p-aisha-3,3.1
2026-09-23T17:06:50.500000Z,s-p-aisha-3,30.0
2026-09-23T17:06:51Z,s-p-aisha-3,58.1
2026-09-23T17:06:51.500000Z,s-p-aisha-3,75.9
2026-09-23T17:06:52Z,s-p-aisha-3,77.9
2026-09-23T17:06:52.500000Z,s-p-aisha-3,74.5
2026-09-23T17:06:53Z,s-p-aisha-3,57.6
2026-09-23T17:06:53.500000Z,s-p-aisha-3,31.3
2026-09-23T17:06:54Z,s-p-aisha-3,5.2
2026-09-23T17:06:54.500000Z,s-p-aisha-3,4.5
2026-09-23T17:06:55Z,s-p-aisha-3,4.2
2026-09-23T17:06:55.500000Z,s-p-aisha-3,3.6
2026-09-23T17:06:56Z,s-p-aisha-3,3.5
2026-09-23T17:06:56.500000Z,s-p-aisha-3,5.1
2026-09-23T17:06:57Z,s-p-aisha-3,5.7
2026-09-23T17:06:57.500000Z,s-p-aisha-3,3.8
2026-09-23T17:06:58Z,s-p-aisha-3,4.2
2026-09-23T17:06:58.500000Z,s-p-aisha-3,4.8
2026-09-23T17:06:59Z,s-p-aisha-3,5.3
2026-09-23T17:06:59.500000Z,s-p-aisha-3,3.9
2026-09-23T17:07:00Z,s-p-aisha-3,5.4
2026-09-23T17:07:00.500000Z,s-p-aisha-3,5.9
2026-09-23T17:07:01Z,s-p-aisha-3,4.5
2026-09-23T17:07:01.500000Z,s-p-aisha-3,5.6
2026-09-23T17:07:02Z,s-p-aisha-3,4.3
2026-09-23T17:07:02.500000Z,s-p-aisha-3,5.2
2026-09-23T17:07:03Z,s-p-aisha-3,5.4
2026-09-23T17:07:03.500000Z,s-p-aisha-3,4.9
2026-09-23T17:07:04Z,s-p-aisha-3,4.8
2026-09-23T17:07:04.500000Z,s-p-aisha-3,4.3
2026-09-23T17:07:05Z,s-p-aisha-3,4.7
2026-09-23T17:07:05.500000Z,s-p-aisha-3,4.1
2026-09-23T17:07:06Z,s-p-aisha-3,4.9
2026-09-23T17:07:06.500000Z,s-p-aisha-3,3.2
2026-09-23T17:07:07Z,s-p-aisha-3,3.5
2026-09-23T17:07:07.500000Z,s-p-aisha-3,3.1
2026-09-23T17:07:08Z,s-p-aisha-3,4.5
2026-09-23T17:07:08.500000Z,s-p-aisha-3,4.8
2026-09-23T17:07:09Z,s-p-aisha-3,3.9
2026-09-23T17:07:09.500000Z,s-p-aisha-3,5.5
2026-09-23T17:07:10Z,s-p-aisha-3,4.9
2026-09-23T17:07:10.500000Z,s-p-aisha-3,5.9
2026-09-23T17:07:11Z,s-p-aisha-3,4.1
2026-09-23T17:07:11.500000Z,s-p-aisha-3,3.1
2026-09-23T17:07:12Z,s-p-aisha-3,3.5
2026-09-23T17:07:12.500000Z,s-p-aisha-3,4.0
2026-09-23T17:07:13Z,s-p-aisha-3,5.4
2026-09-23T17:07:13.500000Z,s-p-aisha-3,4.1
2026-09-23T17:07:14Z,s-p-aisha-3,3.2
2026-09-23T17:07:14.500000Z,s-p-aisha-3,5.0
2026-09-23T17:07:15Z,s-p-aisha-3,4.1
2026-09-23T17:07:15.500000Z,s-p-aisha-3,5.3
2026-09-23T17:07:16Z,s-p-aisha-3,3.4
2026-09-23T17:07:16.500000Z,s-p-aisha-3,16.3
2026-09-23T17:07:17Z,s-p-aisha-3,44.8
2026-09-23T17:07:17.500000Z,s-p-aisha-3,64.9
2026-09-23T17:07:18Z,s-p-aisha-3,79.6
2026-09-23T17:07:18.500000Z,s-p-aisha-3,78.8
2026-09-23T17:07:19Z,s-p-aisha-3,68.0
2026-09-23T17:07:19.500000Z,s-p-aisha-3,43.4
2026-09-23T17:07:20Z,s-p-aisha-3,16.2
2026-09-23T17:07:20.500000Z,s-p-aisha-3,5.7
2026-09-23T17:07:21Z,s-p-aisha-3,4.3
2026-09-23T17:07:21.500000Z,s-p-aisha-3,5.3
2026-09-23T17:07:22Z,s-p-aisha-3,4.0
2026-09-23T17:07:22.500000Z,s-p-aisha-3,4.0
2026-09-23T17:07:23Z,s-p-aisha-3,3.6
2026-09-23T17:07:23.500000Z,s-p-aisha-3,5.4
2026-09-23T17:07:24Z,s-p-aisha-3,4.5
2026-09-23T17:07:24.500000Z,s-p-aisha-3,6.0
2026-09-23T17:07:25Z,s-p-aisha-3,4.3
2026-09-23T17:07:25.500000Z,s-p-aisha-3,3.4
2026-09-23T17:07:26Z,s-p-aisha-3,3.5
2026-09-23T17:07:26.500000Z,s-p-aisha-3,4.0
2026-09-23T17:07:27Z,s-p-aisha-3,4.1
2026-09-23T17:07:27.500000Z,s-p-aisha-3,4.7
2026-09-23T17:07:28Z,s-p-aisha-3,3.9
2026-09-23T17:07:28.500000Z,s-p-aisha-3,4.9
2026-09-23T17:07:29Z,s-p-aisha-3,5.6
2026-09-23T17:07:29.500000Z,s-p-aisha-3,6.0
2026-09-23T17:07:30Z,s-p-aisha-3,5.7
2026-09-23T17:07:30.500000Z,s-p-aisha-3,3.9
2026-09-23T17:07:31Z,s-p-aisha-3,5.5
2026-09-23T17:07:31.500000Z,s-p-aisha-3,4.2
2026-09-23T17:07:32Z,s-p-aisha-3,5.7
2026-09-23T17:07:32.500000Z,s-p-aisha-3,5.8
2026-09-23T17:07:33Z,s-p-aisha-3,3.1
2026-09-23T17:07:33.500000Z,s-p-aisha-3,4.9
2026-09-23T17:07:34Z,s-p-aisha-3,3.2
2026-09-23T17:07:34.500000Z,s-p-aisha-3,3.3
2026-09-23T17:07:35Z,s-p-aisha-3,5.4
2026-09-23T17:07:35.500000Z,s-p-aisha-3,5.2
2026-09-23T17:07:36Z,s-p-aisha-3,3.8
2026-09-23T17:07:36.500000Z,s-p-aisha-3,5.3
2026-09-23T17:07:37Z,s-p-aisha-3,4.2
2026-09-23T17:07:37.500000Z,s-p-aisha-3,4.7
2026-09-23T17:07:38Z,s-p-aisha-3,3.9
2026-09-23T17:07:38.500000Z,s-p-aisha-3,4.8
2026-09-23T17:07:39Z,s-p-aisha-3,4.2
2026-09-23T17:07:39.500000Z,s-p-aisha-3,5.1
2026-09-23T17:07:40Z,s-p-aisha-3,4.4
2026-09-23T17:07:40.500000Z,s-p-aisha-3,5.5
2026-09-23T17:07:41Z,s-p-aisha-3,5.9
2026-09-23T17:07:41.500000Z,s-p-aisha-3,3.4
2026-09-23T17:07:42Z,s-p-aisha-3,4.1
2026-09-23T17:07:42.500000Z,s-p-aisha-3,4.9
2026-09-23T17:07:43Z,s-p-aisha-3,31.9
2026-09-23T17:07:43.500000Z,s-p-aisha-3,57.7
2026-09-23T17:07:44Z,s-p-aisha-3,74.7
2026-09-23T17:07:44.500000Z,s-p-aisha-3,82.4
2026-09-23T17:07:45Z,s-p-aisha-3,75.1
2026-09-23T17:07:45.500000Z,s-p-aisha-3,54.8
2026-09-23T17:07:46Z,s-p-aisha-3,30.0
2026-09-23T17:07:46.500000Z,s-p-aisha-3,3.8
2026-09-23T17:07:47Z,s-p-aisha-3,3.3
2026-09-23T17:07:47.500000Z,s-p-aisha-3,5.8
2026-09-23T17:07:48Z,s-p-aisha-3,3.2
2026-09-23T17:07:48.500000Z,s-p-aisha-3,4.0
2026-09-23T17:07:49Z,s-p-aisha-3,4.8
2026-09-23T17:07:49.500000Z,s-p-aisha-3,5.4
2026-09-23T17:07:50Z,s-p-aisha-3,3.8
2026-09-23T17:07:50.500000Z,s-p-aisha-3,3.5
2026-09-23T17:07:51Z,s-p-aisha-3,3.4
2026-09-23T17:07:51.500000Z,s-p-aisha-3,4.4
2026-09-23T17:07:52Z,s-p-aisha-3,3.4
2026-09-23T17:07:52.500000Z,s-p-aisha-3,5.6
2026-09-23T17:07:53Z,s-p-aisha-3,5.3
2026-09-23T17:07:53.500000Z,s-p-aisha-3,5.7
2026-09-23T17:07:54Z,s-p-aisha-3,5.9
2026-09-23T17:07:54.500000Z,s-p-aisha-3,4.2
2026-09-23T17:07:55Z,s-p-aisha-3,4.3
2026-09-23T17:07:55.500000Z,s-p-aisha-3,3.4
2026-09-23T17:07:56Z,s-p-aisha-3,4.6
2026-09-23T17:07:56.500000Z,s-p-aisha-3,4.7
2026-09-23T17:07:57Z,s-p-aisha-3,5.0
2026-09-23T17:07:57.500000Z,s-p-aisha-3,5.9
2026-09-23T17:07:58Z,s-p-aisha-3,4.0
2026-09-23T17:07:58.500000Z,s-p-aisha-3,5.2
2026-09-23T17:07:59Z,s-p-aisha-3,3.7
2026-09-23T17:07:59.500000Z,s-p-aisha-3,3.8
2026-09-23T17:08:00Z,s-p-aisha-3,3.9
2026-09-23T17:08:00.500000Z,s-p-aisha-3,3.2
2026-09-23T17:08:01Z,s-p-aisha-3,4.7
2026-09-23T17:08:01.500000Z,s-p-aisha-3,5.6
2026-09-23T17:08:02Z,s-p-aisha-3,5.0
2026-09-23T17:08:02.500000Z,s-p-aisha-3,5.2
2026-09-23T17:08:03Z,s-p-aisha-3,3.6
2026-09-23T17:08:03.500000Z,s-p-aisha-3,3.2
2026-09-23T17:08:04Z,s-p-aisha-3,5.9
2026-09-23T17:08:04.500000Z,s-p-aisha-3,3.2
2026-09-23T17:08:05Z,s-p-aisha-3,3.0
2026-09-23T17:08:05.500000Z,s-p-aisha-3,3.6
2026-09-23T17:08:06Z,s-p-aisha-3,5.5
2026-09-23T17:08:06.500000Z,s-p-aisha-3,3.6
2026-09-23T17:08:07Z,s-p-aisha-3,3.3
2026-09-23T17:08:07.500000Z,s-p-aisha-3,3.6
2026-09-23T17:08:08Z,s-p-aisha-3,4.8
2026-09-23T17:08:08.500000Z,s-p-aisha-3,4.6
2026-09-23T17:08:09Z,s-p-aisha-3,15.4
2026-09-23T17:08:09.500000Z,s-p-aisha-3,44.9
2026-09-23T17:08:10Z,s-p-aisha-3,66.9
2026-09-23T17:08:10.500000Z,s-p-aisha-3,80.6
2026-09-23T17:08:11Z,s-p-aisha-3,76.2
2026-09-23T17:08:11.500000Z,s-p-aisha-3,66.9
2026-09-23T17:08:12Z,s-p-aisha-3,45.8
2026-09-23T17:08:12.500000Z,s-p-aisha-3,16.1
2026-09-23T17:08:13Z,s-p-aisha-3,3.9
2026-09-23T17:08:13.500000Z,s-p-aisha-3,5.6
2026-09-23T17:08:14Z,s-p-aisha-3,4.9
2026-09-23T17:08:14.500000Z,s-p-aisha-3,3.4
2026-09-23T17:08:15Z,s-p-aisha-3,5.6
2026-09-23T17:08:15.500000Z,s-p-aisha-3,5.2
2026-09-23T17:08:16Z,s-p-aisha-3,3.7
2026-09-23T17:08:16.500000Z,s-p-aisha-3,5.7
2026-09-23T17:08:17Z,s-p-aisha-3,3.6
2026-09-23T17:08:17.500000Z,s-p-aisha-3,3.1
2026-09-23T17:08:18Z,s-p-aisha-3,5.0
2026-09-23T17:08:18.500000Z,s-p-aisha-3,4.4
2026-09-23T17:08:19Z,s-p-aisha-3,3.8
2026-09-23T17:08:19.500000Z,s-p-aisha-3,5.8
2026-09-23T17:08:20Z,s-p-aisha-3,3.3
2026-09-23T17:08:20.500000Z,s-p-aisha-3,4.3
2026-09-23T17:08:21Z,s-p-aisha-3,3.5
2026-09-23T17:08:21.500000Z,s-p-aisha-3,4.5
2026-09-23T17:08:22Z,s-p-aisha-3,4.5
2026-09-23T17:08:22.500000Z,s-p-aisha-3,3.2
2026-09-23T17:08:23Z,s-p-aisha-3,3.8
2026-09-23T17:08:23.500000Z,s-p-aisha-3,3.3
2026-09-23T17:08:24Z,s-p-aisha-3,4.9
2026-09-23T17:08:24.500000Z,s-p-aisha-3,5.2
2026-09-23T17:08:25Z,s-p-aisha-3,4.3
2026-09-23T17:08:25.500000Z,s-p-aisha-3,3.9
2026-09-23T17:08:26Z,s-p-aisha-3,4.2
2026-09-23T17:08:26.500000Z,s-p-aisha-3,4.8
2026-09-23T17:08:27Z,s-p-aisha-3,4.6
2026-09-23T17:08:27.500000Z,s-p-aisha-3,4.5
2026-09-23T17:08:28Z,s-p-aisha-3,4.3
2026-09-23T17:08:28.500000Z,s-p-aisha-3,5.0
2026-09-23T17:08:29Z,s-p-aisha-3,4.9
2026-09-23T17:08:29.500000Z,s-p-aisha-3,5.9
2026-09-23T17:08:30Z,s-p-aisha-3,3.7
2026-09-23T17:08:30.500000Z,s-p-aisha-3,3.2
2026-09-23T17:08:31Z,s-p-aisha-3,3.1
2026-09-23T17:08:31.500000Z,s-p-aisha-3,3.8
2026-09-23T17:08:32Z,s-p-aisha-3,3.2
2026-09-23T17:08:32.500000Z,s-p-aisha-3,3.3
2026-09-23T17:08:33Z,s-p-aisha-3,3.7
2026-09-23T17:08:33.500000Z,s-p-aisha-3,4.9
2026-09-23T17:08:34Z,s-p-aisha-3,5.1
2026-09-23T17:08:34.500000Z,s-p-aisha-3,4.2
2026-09-23T17:08:35Z,s-p-aisha-3,3.3
2026-09-23T17:08:35.500000Z,s-p-aisha-3,5.2
2026-09-23T17:08:36Z,s-p-aisha-3,5.6
2026-09-23T17:08:36.500000Z,s-p-aisha-3,3.8
2026-09-23T17:08:37Z,s-p-aisha-3,3.6
2026-09-23T17:08:37.500000Z,s-p-aisha-3,5.4
2026-09-23T17:08:38Z,s-p-aisha-3,4.0
2026-09-23T17:08:38.500000Z,s-p-aisha-3,3.9
2026-09-23T17:08:39Z,s-p-aisha-3,4.8
2026-09-23T17:08:39.500000Z,s-p-aisha-3,5.2
2026-09-23T17:08:40Z,s-p-aisha-3,3.3
2026-09-23T17:08:40.500000Z,s-p-aisha-3,4.5
2026-09-23T17:08:41Z,s-p-aisha-3,5.1
2026-09-23T17:08:41.500000Z,s-p-aisha-3,4.4
2026-09-23T17:08:42Z,s-p-aisha-3,3.9
2026-09-23T17:08:42.500000Z,s-p-aisha-3,5.7
2026-09-23T17:08:43Z,s-p-aisha-3,3.7
2026-09-23T17:08:43.500000Z,s-p-aisha-3,3.9
2026-09-23T17:08:44Z,s-p-aisha-3,3.2
2026-09-23T17:08:44.500000Z,s-p-aisha-3,3.6
2026-09-23T17:08:45Z,s-p-aisha-3,5.7
2026-09-23T17:08:45.500000Z,s-p-aisha-3,3.4
2026-09-23T17:08:46Z,s-p-aisha-3,3.0
2026-09-23T17:08:46.500000Z,s-p-aisha-3,4.4
2026-09-23T17:08:47Z,s-p-aisha-3,4.0
2026-09-23T17:08:47.500000Z,s-p-aisha-3,3.5
2026-09-23T17:08:48Z,s-p-aisha-3,3.8
2026-09-23T17:08:48.500000Z,s-p-aisha-3,3.2
2026-09-23T17:08:49Z,s-p-aisha-3,5.0
2026-09-23T17:08:49.500000Z,s-p-aisha-3,5.6
2026-09-23T17:08:50Z,s-p-aisha-3,4.8
2026-09-25T19:00:00Z,s-p-aisha-1,3.1
2026-09-25T19:00:00.500000Z,s-p-aisha-1,5.0
2026-09-25T19:00:01Z,s-p-aisha-1,3.9
2026-09-25T19:00:01.500000Z,s-p-aisha-1,3.7
2026-09-25T19:00:02Z,s-p-aisha-1,4.5
2026-09-25T19:00:02.500000Z,s-p-aisha-1,5.3
2026-09-25T19:00:03Z,s-p-aisha-1,5.3
2026-09-25T19:00:03.500000Z,s-p-aisha-1,3.3
2026-09-25T19:00:04Z,s-p-aisha-1,5.4
2026-09-25T19:00:04.500000Z,s-p-aisha-1,4.0
2026-09-25T19:00:05Z,s-p-aisha-1,4.5
2026-09-25T19:00:05.500000Z,s-p-aisha-1,32.2
2026-09-25T19:00:06Z,s-p-aisha-1,60.3
2026-09-25T19:00:06.500000Z,s-p-aisha-1,79.6
2026-09-25T19:00:07Z,s-p-aisha-1,84.9
2026-09-25T19:00:07.500000Z,s-p-aisha-1,76.5
2026-09-25T19:00:08Z,s-p-aisha-1,60.2
2026-09-25T19:00:08.500000Z,s-p-aisha-1,32.5
2026-09-25T19:00:09Z,s-p-aisha-1,4.9
2026-09-25T19:00:09.500000Z,s-p-aisha-1,4.2
2026-09-25T19:00:10Z,s-p-aisha-1,3.7
2026-09-25T19:00:10.500000Z,s-p-aisha-1,6.0
2026-09-25T19:00:11Z,s-p-aisha-1,4.1
2026-09-25T19:00:11.500000Z,s-p-aisha-1,3.1
2026-09-25T19:00:12Z,s-p-aisha-1,4.7
2026-09-25T19:00:12.500000Z,s-p-aisha-1,5.1
2026-09-25T19:00:13Z,s-p-aisha-1,4.3
2026-09-25T19:00:13.500000Z,s-p-aisha-1,3.6
2026-09-25T19:00:14Z,s-p-aisha-1,3.3
2026-09-25T19:00:14.500000Z,s-p-aisha-1,5.8
2026-09-25T19:00:15Z,s-p-aisha-1,4.1
2026-09-25T19:00:15.500000Z,s-p-aisha-1,3.3
2026-09-25T19:00:16Z,s-p-aisha-1,3.8
2026-09-25T19:00:16.500000Z,s-p-aisha-1,4.9
2026-09-25T19:00:17Z,s-p-aisha-1,4.6
2026-09-25T19:00:17.500000Z,s-p-aisha-1,5.7
2026-09-25T19:00:18Z,s-p-aisha-1,6.0
2026-09-25T19:00:18.500000Z,s-p-aisha-1,5.6
2026-09-25T19:00:19Z,s-p-aisha-1,3.5
2026-09-25T19:00:19.500000Z,s-p-aisha-1,5.7
2026-09-25T19:00:20Z,s-p-aisha-1,4.0
2026-09-25T19:00:20.500000Z,s-p-aisha-1,4.0
2026-09-25T19:00:21Z,s-p-aisha-1,4.8
2026-09-25T19:00:21.500000Z,s-p-aisha-1,5.8
2026-09-25T19:00:22Z,s-p-aisha-1,3.8
2026-09-25T19:00:22.500000Z,s-p-aisha-1,3.6
2026-09-25T19:00:23Z,s-p-aisha-1,4.7
2026-09-25T19:00:23.500000Z,s-p-aisha-1,5.1
2026-09-25T19:00:24Z,s-p-aisha-1,5.5
2026-09-25T19:00:24.500000Z,s-p-aisha-1,3.4
2026-09-25T19:00:25Z,s-p-aisha-1,5.4
2026-09-25T19:00:25.500000Z,s-p-aisha-1,4.7
2026-09-25T19:00:26Z,s-p-aisha-1,5.4
2026-09-25T19:00:26.500000Z,s-p-aisha-1,4.0
2026-09-25T19:00:27Z,s-p-aisha-1,3.3
2026-09-25T19:00:27.500000Z,s-p-aisha-1,3.0
2026-09-25T19:00:28Z,s-p-aisha-1,5.8
2026-09-25T19:00:28.500000Z,s-p-aisha-1,3.4
2026-09-25T19:00:29Z,s-p-aisha-1,5.0
2026-09-25T19:00:29.500000Z,s-p-aisha-1,4.6
2026-09-25T19:00:30Z,s-p-aisha-1,3.9
2026-09-25T19:00:30.500000Z,s-p-aisha-1,4.7
2026-09-25T19:00:31Z,s-p-aisha-1,3.5
2026-09-25T19:00:31.500000Z,s-p-aisha-1,6.9
2026-09-25T19:00:32Z,s-p-aisha-1,38.7
2026-09-25T19:00:32.500000Z,s-p-aisha-1,63.1
2026-09-25T19:00:33Z,s-p-aisha-1,80.9
2026-09-25T19:00:33.500000Z,s-p-aisha-1,85.6
2026-09-25T19:00:34Z,s-p-aisha-1,78.1
2026-09-25T19:00:34.500000Z,s-p-aisha-1,53.7
2026-09-25T19:00:35Z,s-p-aisha-1,26.3
2026-09-25T19:00:35.500000Z,s-p-aisha-1,5.9
2026-09-25T19:00:36Z,s-p-aisha-1,4.7
2026-09-25T19:00:36.500000Z,s-p-aisha-1,5.9
2026-09-25T19:00:37Z,s-p-aisha-1,5.1
2026-09-25T19:00:37.500000Z,s-p-aisha-1,3.4
2026-09-25T19:00:38Z,s-p-aisha-1,5.2
2026-09-25T19:00:38.500000Z,s-p-aisha-1,4.3
2026-09-25T19:00:39Z,s-p-aisha-1,5.8
2026-09-25T19:00:39.500000Z,s-p-aisha-1,3.9
2026-09-25T19:00:40Z,s-p-aisha-1,3.1
2026-09-25T19:00:40.500000Z,s-p-aisha-1,5.8
2026-09-25T19:00:41Z,s-p-aisha-1,3.7
2026-09-25T19:00:41.500000Z,s-p-aisha-1,5.0
2026-09-25T19:00:42Z,s-p-aisha-1,4.2
2026-09-25T19:00:42.500000Z,s-p-aisha-1,4.2
2026-09-25T19:00:43Z,s-p-aisha-1,5.7
2026-09-25T19:00:43.500000Z,s-p-aisha-1,5.7
2026-09-25T19:00:44Z,s-p-aisha-1,5.8
2026-09-25T19:00:44.500000Z,s-p-aisha-1,4.8
2026-09-25T19:00:45Z,s-p-aisha-1,3.5
2026-09-25T19:00:45.500000Z,s-p-aisha-1,4.3
2026-09-25T19:00:46Z,s-p-aisha-1,5.6
2026-09-25T19:00:46.500000Z,s-p-aisha-1,5.4
2026-09-25T19:00:47Z,s-p-aisha-1,3.4
2026-09-25T19:00:47.500000Z,s-p-aisha-1,5.3
2026-09-25T19:00:48Z,s-p-aisha-1,3.8
2026-09-25T19:00:48.500000Z,s-p-aisha-1,4.2
2026-09-25T19:00:49Z,s-p-aisha-1,3.6
2026-09-25T19:00:49.500000Z,s-p-aisha-1,3.9
2026-09-25T19:00:50Z,s-p-aisha-1,3.9
2026-09-25T19:00:50.500000Z,s-p-aisha-1,5.8
2026-09-25T19:00:51Z,s-p-aisha-1,4.4
2026-09-25T19:00:51.500000Z,s-p-aisha-1,3.6
2026-09-25T19:00:52Z,s-p-aisha-1,5.3
2026-09-25T19:00:52.500000Z,s-p-aisha-1,5.5
2026-09-25T19:00:53Z,s-p-aisha-1,3.3
2026-09-25T19:00:53.500000Z,s-p-aisha-1,4.6
2026-09-25T19:00:54Z,s-p-aisha-1,5.1
2026-09-25T19:00:54.500000Z,s-p-aisha-1,4.5
2026-09-25T19:00:55Z,s-p-aisha-1,5.1
2026-09-25T19:00:55.500000Z,s-p-aisha-1,4.1
2026-09-25T19:00:56Z,s-p-aisha-1,4.1
2026-09-25T19:00:56.500000Z,s-p-aisha-1,4.4
2026-09-25T19:00:57Z,s-p-aisha-1,5.9
2026-09-25T19:00:57.500000Z,s-p-aisha-1,4.4
2026-09-25T19:00:58Z,s-p-aisha-1,13.7
2026-09-25T19:00:58.500000Z,s-p-aisha-1,45.7
2026-09-25T19:00:59Z,s-p-aisha-1,66.8
2026-09-25T19:00:59.500000Z,s-p-aisha-1,82.2
2026-09-25T19:01:00Z,s-p-aisha-1,83.2
2026-09-25T19:01:00.500000Z,s-p-aisha-1,70.5
2026-09-25T19:01:01Z,s-p-aisha-1,48.7
2026-09-25T19:01:01.500000Z,s-p-aisha-1,19.6
2026-09-25T19:01:02Z,s-p-aisha-1,4.4
2026-09-25T19:01:02.500000Z,s-p-aisha-1,5.3
2026-09-25T19:01:03Z,s-p-aisha-1,4.6
2026-09-25T19:01:03.500000Z,s-p-aisha-1,5.5
2026-09-25T19:01:04Z,s-p-aisha-1,3.3
2026-09-25T19:01:04.500000Z,s-p-aisha-1,3.8
2026-09-25T19:01:05Z,s-p-aisha-1,6.0
2026-09-25T19:01:05.500000Z,s-p-aisha-1,3.3
2026-09-25T19:01:06Z,s-p-aisha-1,4.8
2026-09-25T19:01:06.500000Z,s-p-aisha-1,5.5
2026-09-25T19:01:07Z,s-p-aisha-1,4.7
2026-09-25T19:01:07.500000Z,s-p-aisha-1,5.1
2026-09-25T19:01:08Z,s-p-aisha-1,5.6
2026-09-25T19:01:08.500000Z,s-p-aisha-1,3.4
2026-09-25T19:01:09Z,s-p-aisha-1,4.8
2026-09-25T19:01:09.500000Z,s-p-aisha-1,4.5
2026-09-25T19:01:10Z,s-p-aisha-1,5.2
2026-09-25T19:01:10.500000Z,s-p-aisha-1,5.1
2026-09-25T19:01:11Z,s-p-aisha-1,4.5
2026-09-25T19:01:11.500000Z,s-p-aisha-1,4.7
2026-09-25T19:01:12Z,s-p-aisha-1,5.9
2026-09-25T19:01:12.500000Z,s-p-aisha-1,3.4
2026-09-25T19:01:13Z,s-p-aisha-1,5.7
2026-09-25T19:01:13.500000Z,s-p-aisha-1,4.9
2026-09-25T19:01:14Z,s-p-aisha-1,3.5
2026-09-25T19:01:14.500000Z,s-p-aisha-1,4.9
2026-09-25T19:01:15Z,s-p-aisha-1,5.2
2026-09-25T19:01:15.500000Z,s-p-aisha-1,5.8
2026-09-25T19:01:16Z,s-p-aisha-1,5.4
2026-09-25T19:01:16.500000Z,s-p-aisha-1,4.9
2026-09-25T19:01:17Z,s-p-aisha-1,3.6
2026-09-25T19:01:17.500000Z,s-p-aisha-1,3.2
2026-09-25T19:01:18Z,s-p-aisha-1,3.5
2026-09-25T19:01:18.500000Z,s-p-aisha-1,5.6
2026-09-25T19:01:19Z,s-p-aisha-1,4.6
2026-09-25T19:01:19.500000Z,s-p-aisha-1,3.7
2026-09-25T19:01:20Z,s-p-aisha-1,3.3
2026-09-25T19:01:20.500000Z,s-p-aisha-1,3.1
2026-09-25T19:01:21Z,s-p-aisha-1,4.5
2026-09-25T19:01:21.500000Z,s-p-aisha-1,4.2
2026-09-25T19:01:22Z,s-p-aisha-1,5.8
2026-09-25T19:01:22.500000Z,s-p-aisha-1,3.9
2026-09-25T19:01:23Z,s-p-aisha-1,4.5
2026-09-25T19:01:23.500000Z,s-p-aisha-1,3.6
2026-09-25T19:01:24Z,s-p-aisha-1,3.7
2026-09-25T19:01:24.500000Z,s-p-aisha-1,20.2
2026-09-25T19:01:25Z,s-p-aisha-1,50.2
2026-09-25T19:01:25.500000Z,s-p-aisha-1,74.4
2026-09-25T19:01:26Z,s-p-aisha-1,86.8
2026-09-25T19:01:26.500000Z,s-p-aisha-1,81.2
2026-09-25T19:01:27Z,s-p-aisha-1,68.7
2026-09-25T19:01:27.500000Z,s-p-aisha-1,45.4
2026-09-25T19:01:28Z,s-p-aisha-1,13.5
2026-09-25T19:01:28.500000Z,s-p-aisha-1,3.3
2026-09-25T19:01:29Z,s-p-aisha-1,4.8
2026-09-25T19:01:29.500000Z,s-p-aisha-1,4.1
2026-09-25T19:01:30Z,s-p-aisha-1,3.8
2026-09-25T19:01:30.500000Z,s-p-aisha-1,4.2
2026-09-25T19:01:31Z,s-p-aisha-1,5.4
2026-09-25T19:01:31.500000Z,s-p-aisha-1,4.4
2026-09-25T19:01:32Z,s-p-aisha-1,5.4
2026-09-25T19:01:32.500000Z,s-p-aisha-1,3.4
2026-09-25T19:01:33Z,s-p-aisha-1,3.9
2026-09-25T19:01:33.500000Z,s-p-aisha-1,3.4
2026-09-25T19:01:34Z,s-p-aisha-1,4.2
2026-09-25T19:01:34.500000Z,s-p-aisha-1,4.7
2026-09-25T19:01:35Z,s-p-aisha-1,3.1
2026-09-25T19:01:35.500000Z,s-p-aisha-1,5.0
2026-09-25T19:01:36Z,s-p-aisha-1,5.0
2026-09-25T19:01:36.500000Z,s-p-aisha-1,4.3
2026-09-25T19:01:37Z,s-p-aisha-1,5.7
2026-09-25T19:01:37.500000Z,s-p-aisha-1,4.1
2026-09-25T19:01:38Z,s-p-aisha-1,3.4
2026-09-25T19:01:38.500000Z,s-p-aisha-1,5.6
2026-09-25T19:01:39Z,s-p-aisha-1,4.4
2026-09-25T19:01:39.500000Z,s-p-aisha-1,3.0
2026-09-25T19:01:40Z,s-p-aisha-1,3.5
2026-09-25T19:01:40.500000Z,s-p-aisha-1,4.5
2026-09-25T19:01:41Z,s-p-aisha-1,5.6
2026-09-25T19:01:41.500000Z,s-p-aisha-1,3.6
2026-09-25T19:01:42Z,s-p-aisha-1,5.7
2026-09-25T19:01:42.500000Z,s-p-aisha-1,4.6
2026-09-25T19:01:43Z,s-p-aisha-1,4.5
2026-09-25T19:01:43.500000Z,s-p-aisha-1,3.5
2026-09-25T19:01:44Z,s-p-aisha-1,3.5
2026-09-25T19:01:44.500000Z,s-p-aisha-1,5.0
2026-09-25T19:01:45Z,s-p-aisha-1,4.7
2026-09-25T19:01:45.500000Z,s-p-aisha-1,4.4
2026-09-25T19:01:46Z,s-p-aisha-1,5.6
2026-09-25T19:01:46.500000Z,s-p-aisha-1,3.4
2026-09-25T19:01:47Z,s-p-aisha-1,5.4
2026-09-25T19:01:47.500000Z,s-p-aisha-1,5.0
2026-09-25T19:01:48Z,s-p-aisha-1,5.8
2026-09-25T19:01:48.500000Z,s-p-aisha-1,3.2
2026-09-25T19:01:49Z,s-p-aisha-1,5.5
2026-09-25T19:01:49.500000Z,s-p-aisha-1,4.5
2026-09-25T19:01:50Z,s-p-aisha-1,5.9
2026-09-25T19:01:50.500000Z,s-p-aisha-1,4.8
2026-09-25T19:01:51Z,s-p-aisha-1,25.9
2026-09-25T19:01:51.500000Z,s-p-aisha-1,54.6
2026-09-25T19:01:52Z,s-p-aisha-1,74.7
2026-09-25T19:01:52.500000Z,s-p-aisha-1,84.3
2026-09-25T19:01:53Z,s-p-aisha-1,79.0
2026-09-25T19:01:53.500000Z,s-p-aisha-1,66.8
2026-09-25T19:01:54Z,s-p-aisha-1,39.3
2026-09-25T19:01:54.500000Z,s-p-aisha-1,6.7
2026-09-25T19:01:55Z,s-p-aisha-1,5.0
2026-09-25T19:01:55.500000Z,s-p-aisha-1,4.0
2026-09-25T19:01:56Z,s-p-aisha-1,3.7
2026-09-25T19:01:56.500000Z,s-p-aisha-1,5.3
2026-09-25T19:01:57Z,s-p-aisha-1,5.8
2026-09-25T19:01:57.500000Z,s-p-aisha-1,5.4
2026-09-25T19:01:58Z,s-p-aisha-1,3.3
2026-09-25T19:01:58.500000Z,s-p-aisha-1,5.6
2026-09-25T19:01:59Z,s-p-aisha-1,5.2
2026-09-25T19:01:59.500000Z,s-p-aisha-1,4.2
2026-09-25T19:02:00Z,s-p-aisha-1,5.9
2026-09-25T19:02:00.500000Z,s-p-aisha-1,5.8
2026-09-25T19:02:01Z,s-p-aisha-1,3.2
2026-09-25T19:02:01.500000Z,s-p-aisha-1,3.8
2026-09-25T19:02:02Z,s-p-aisha-1,3.1
2026-09-25T19:02:02.500000Z,s-p-aisha-1,5.2
2026-09-25T19:02:03Z,s-p-aisha-1,4.3
2026-09-25T19:02:03.500000Z,s-p-aisha-1,4.1
2026-09-25T19:02:04Z,s-p-aisha-1,4.9
2026-09-25T19:02:04.500000Z,s-p-aisha-1,3.1
2026-09-25T19:02:05Z,s-p-aisha-1,3.5
2026-09-25T19:02:05.500000Z,s-p-aisha-1,3.3
2026-09-25T19:02:06Z,s-p-aisha-1,4.3
2026-09-25T19:02:06.500000Z,s-p-aisha-1,3.4
2026-09-25T19:02:07Z,s-p-aisha-1,4.9
2026-09-25T19:02:07.500000Z,s-p-aisha-1,4.7
2026-09-25T19:02:08Z,s-p-aisha-1,3.6
2026-09-25T19:02:08.500000Z,s-p-aisha-1,4.5
2026-09-25T19:02:09Z,s-p-aisha-1,5.0
2026-09-25T19:02:09.500000Z,s-p-aisha-1,3.7
2026-09-25T19:02:10Z,s-p-aisha-1,5.2
2026-09-25T19:02:10.500000Z,s-p-aisha-1,4.3
2026-09-25T19:02:11Z,s-p-aisha-1,4.6
2026-09-25T19:02:11.500000Z,s-p-aisha-1,5.4
2026-09-25T19:02:12Z,s-p-aisha-1,3.3
2026-09-25T19:02:12.500000Z,s-p-aisha-1,3.1
2026-09-25T19:02:13Z,s-p-aisha-1,5.9
2026-09-25T19:02:13.500000Z,s-p-aisha-1,3.3
2026-09-25T19:02:14Z,s-p-aisha-1,3.1
2026-09-25T19:02:14.500000Z,s-p-aisha-1,3.4
2026-09-25T19:02:15Z,s-p-aisha-1,3.0
2026-09-25T19:02:15.500000Z,s-p-aisha-1,5.3
2026-09-25T19:02:16Z,s-p-aisha-1,4.7
2026-09-25T19:02:16.500000Z,s-p-aisha-1,5.6
2026-09-25T19:02:17Z,s-p-aisha-1,4.0
2026-09-25T19:02:17.500000Z,s-p-aisha-1,32.0
2026-09-25T19:02:18Z,s-p-aisha-1,61.4
2026-09-25T19:02:18.500000Z,s-p-aisha-1,76.7
2026-09-25T19:02:19Z,s-p-aisha-1,85.9
2026-09-25T19:02:19.500000Z,s-p-aisha-1,76.6
2026-09-25T19:02:20Z,s-p-aisha-1,60.4
2026-09-25T19:02:20.500000Z,s-p-aisha-1,31.7
2026-09-25T19:02:21Z,s-p-aisha-1,4.7
2026-09-25T19:02:21.500000Z,s-p-aisha-1,4.6
2026-09-25T19:02:22Z,s-p-aisha-1,3.3
2026-09-25T19:02:22.500000Z,s-p-aisha-1,4.5
2026-09-25T19:02:23Z,s-p-aisha-1,3.2
2026-09-25T19:02:23.500000Z,s-p-aisha-1,4.6
2026-09-25T19:02:24Z,s-p-aisha-1,3.1
2026-09-25T19:02:24.500000Z,s-p-aisha-1,5.5
2026-09-25T19:02:25Z,s-p-aisha-1,3.9
2026-09-25T19:02:25.500000Z,s-p-aisha-1,5.5
2026-09-25T19:02:26Z,s-p-aisha-1,4.2
2026-09-25T19:02:26.500000Z,s-p-aisha-1,4.1
2026-09-25T19:02:27Z,s-p-aisha-1,5.6
2026-09-25T19:02:27.500000Z,s-p-aisha-1,3.5
2026-09-25T19:02:28Z,s-p-aisha-1,3.9
2026-09-25T19:02:28.500000Z,s-p-aisha-1,4.6
2026-09-25T19:02:29Z,s-p-aisha-1,3.7
2026-09-25T19:02:29.500000Z,s-p-aisha-1,4.6
2026-09-25T19:02:30Z,s-p-aisha-1,4.8
2026-09-25T19:02:30.500000Z,s-p-aisha-1,3.9
2026-09-25T19:02:31Z,s-p-aisha-1,4.9
2026-09-25T19:02:31.500000Z,s-p-aisha-1,4.6
2026-09-25T19:02:32Z,s-p-aisha-1,5.7
2026-09-25T19:02:32.500000Z,s-p-aisha-1,4.7
2026-09-25T19:02:33Z,s-p-aisha-1,5.8
2026-09-25T19:02:33.500000Z,s-p-aisha-1,6.0
2026-09-25T19:02:34Z,s-p-aisha-1,5.0
2026-09-25T19:02:34.500000Z,s-p-aisha-1,3.1
2026-09-25T19:02:35Z,s-p-aisha-1,4.3
2026-09-25T19:02:35.500000Z,s-p-aisha-1,3.6
2026-09-25T19:02:36Z,s-p-aisha-1,5.7
2026-09-25T19:02:36.500000Z,s-p-aisha-1,3.2
2026-09-25T19:02:37Z,s-p-aisha-1,3.6
2026-09-25T19:02:37.500000Z,s-p-aisha-1,5.5
2026-09-25T19:02:38Z,s-p-aisha-1,4.0
2026-09-25T19:02:38.500000Z,s-p-aisha-1,5.3
2026-09-25T19:02:39Z,s-p-aisha-1,5.7
2026-09-25T19:02:39.500000Z,s-p-aisha-1,3.2
2026-09-25T19:02:40Z,s-p-aisha-1,4.5
2026-09-25T19:02:40.500000Z,s-p-aisha-1,5.4
2026-09-25T19:02:41Z,s-p-aisha-1,4.7
2026-09-25T19:02:41.500000Z,s-p-aisha-1,4.8
2026-09-25T19:02:42Z,s-p-aisha-1,5.5
2026-09-25T19:02:42.500000Z,s-p-aisha-1,5.4
2026-09-25T19:02:43Z,s-p-aisha-1,4.0
2026-09-25T19:02:43.500000Z,s-p-aisha-1,6.7
2026-09-25T19:02:44Z,s-p-aisha-1,37.4
2026-09-25T19:02:44.500000Z,s-p-aisha-1,64.7
2026-09-25T19:02:45Z,s-p-aisha-1,79.6
2026-09-25T19:02:45.500000Z,s-p-aisha-1,84.8
2026-09-25T19:02:46Z,s-p-aisha-1,76.5
2026-09-25T19:02:46.500000Z,s-p-aisha-1,54.1
2026-09-25T19:02:47Z,s-p-aisha-1,26.8
2026-09-25T19:02:47.500000Z,s-p-aisha-1,5.8
2026-09-25T19:02:48Z,s-p-aisha-1,3.1
2026-09-25T19:02:48.500000Z,s-p-aisha-1,5.3
2026-09-25T19:02:49Z,s-p-aisha-1,3.6
2026-09-25T19:02:49.500000Z,s-p-aisha-1,4.8
2026-09-25T19:02:50Z,s-p-aisha-1,4.1
2026-09-25T19:02:50.500000Z,s-p-aisha-1,5.1
2026-09-25T19:02:51Z,s-p-aisha-1,3.1
2026-09-25T19:02:51.500000Z,s-p-aisha-1,4.4
2026-09-25T19:02:52Z,s-p-aisha-1,4.2
2026-09-25T19:02:52.500000Z,s-p-aisha-1,4.1
2026-09-25T19:02:53Z,s-p-aisha-1,3.4
2026-09-25T19:02:53.500000Z,s-p-aisha-1,5.1
2026-09-25T19:02:54Z,s-p-aisha-1,4.6
2026-09-25T19:02:54.500000Z,s-p-aisha-1,3.3
2026-09-25T19:02:55Z,s-p-aisha-1,3.4
2026-09-25T19:02:55.500000Z,s-p-aisha-1,4.8
2026-09-25T19:02:56Z,s-p-aisha-1,5.7
2026-09-25T19:02:56.500000Z,s-p-aisha-1,4.1
2026-09-25T19:02:57Z,s-p-aisha-1,4.0
2026-09-25T19:02:57.500000Z,s-p-aisha-1,5.8
2026-09-25T19:02:58Z,s-p-aisha-1,3.7
2026-09-25T19:02:58.500000Z,s-p-aisha-1,3.3
2026-09-25T19:02:59Z,s-p-aisha-1,3.0
2026-09-25T19:02:59.500000Z,s-p-aisha-1,4.2
2026-09-25T19:03:00Z,s-p-aisha-1,5.3
2026-09-25T19:03:00.500000Z,s-p-aisha-1,5.4
2026-09-25T19:03:01Z,s-p-aisha-1,4.6
2026-09-25T19:03:01.500000Z,s-p-aisha-1,3.1
2026-09-25T19:03:02Z,s-p-aisha-1,5.4
2026-09-25T19:03:02.500000Z,s-p-aisha-1,5.6
2026-09-25T19:03:03Z,s-p-aisha-1,3.7
2026-09-25T19:03:03.500000Z,s-p-aisha-1,3.2
2026-09-25T19:03:04Z,s-p-aisha-1,3.2
2026-09-25T19:03:04.500000Z,s-p-aisha-1,4.3
2026-09-25T19:03:05Z,s-p-aisha-1,3.8
2026-09-25T19:03:05.500000Z,s-p-aisha-1,3.9
2026-09-25T19:03:06Z,s-p-aisha-1,4.8
2026-09-25T19:03:06.500000Z,s-p-aisha-1,5.7
2026-09-25T19:03:07Z,s-p-aisha-1,6.0
2026-09-25T19:03:07.500000Z,s-p-aisha-1,3.4
2026-09-25T19:03:08Z,s-p-aisha-1,4.2
2026-09-25T19:03:08.500000Z,s-p-aisha-1,5.0
2026-09-25T19:03:09Z,s-p-aisha-1,5.0
2026-09-25T19:03:09.500000Z,s-p-aisha-1,3.2
2026-09-25T19:03:10Z,s-p-aisha-1,13.6
2026-09-25T19:03:10.500000Z,s-p-aisha-1,43.4
2026-09-25T19:03:11Z,s-p-aisha-1,67.0
2026-09-25T19:03:11.500000Z,s-p-aisha-1,83.8
2026-09-25T19:03:12Z,s-p-aisha-1,83.6
2026-09-25T19:03:12.500000Z,s-p-aisha-1,73.8
2026-09-25T19:03:13Z,s-p-aisha-1,50.6
2026-09-25T19:03:13.500000Z,s-p-aisha-1,20.4
2026-09-25T19:03:14Z,s-p-aisha-1,4.0
2026-09-25T19:03:14.500000Z,s-p-aisha-1,4.2
2026-09-25T19:03:15Z,s-p-aisha-1,5.9
2026-09-25T19:03:15.500000Z,s-p-aisha-1,4.5
2026-09-25T19:03:16Z,s-p-aisha-1,3.2
2026-09-25T19:03:16.500000Z,s-p-aisha-1,5.7
2026-09-25T19:03:17Z,s-p-aisha-1,5.5
2026-09-25T19:03:17.500000Z,s-p-aisha-1,4.6
2026-09-25T19:03:18Z,s-p-aisha-1,3.9
2026-09-25T19:03:18.500000Z,s-p-aisha-1,4.7
2026-09-25T19:03:19Z,s-p-aisha-1,3.4
2026-09-25T19:03:19.500000Z,s-p-aisha-1,5.2
2026-09-25T19:03:20Z,s-p-aisha-1,5.4
2026-09-25T19:03:20.500000Z,s-p-aisha-1,3.1
2026-09-25T19:03:21Z,s-p-aisha-1,3.7
2026-09-25T19:03:21.500000Z,s-p-aisha-1,4.3
2026-09-25T19:03:22Z,s-p-aisha-1,5.3
2026-09-25T19:03:22.500000Z,s-p-aisha-1,5.9
2026-09-25T19:03:23Z,s-p-aisha-1,3.1
2026-09-25T19:03:23.500000Z,s-p-aisha-1,5.5
2026-09-25T19:03:24Z,s-p-aisha-1,3.8
2026-09-25T19:03:24.500000Z,s-p-aisha-1,4.8
2026-09-25T19:03:25Z,s-p-aisha-1,3.9
2026-09-25T19:03:25.500000Z,s-p-aisha-1,5.9
2026-09-25T19:03:26Z,s-p-aisha-1,3.2
2026-09-25T19:03:26.500000Z,s-p-aisha-1,5.6
2026-09-25T19:03:27Z,s-p-aisha-1,4.2
2026-09-25T19:03:27.500000Z,s-p-aisha-1,3.1
2026-09-25T19:03:28Z,s-p-aisha-1,4.1
2026-09-25T19:03:28.500000Z,s-p-aisha-1,4.3
2026-09-25T19:03:29Z,s-p-aisha-1,3.7
2026-09-25T19:03:29.500000Z,s-p-aisha-1,4.1
2026-09-25T19:03:30Z,s-p-aisha-1,5.0
2026-09-25T19:03:30.500000Z,s-p-aisha-1,4.6
2026-09-25T19:03:31Z,s-p-aisha-1,5.0
2026-09-25T19:03:31.500000Z,s-p-aisha-1,3.1
2026-09-25T19:03:32Z,s-p-aisha-1,5.3
2026-09-25T19:03:32.500000Z,s-p-aisha-1,5.8
2026-09-25T19:03:33Z,s-p-aisha-1,5.7
2026-09-25T19:03:33.500000Z,s-p-aisha-1,5.3
2026-09-25T19:03:34Z,s-p-aisha-1,4.0
2026-09-25T19:03:34.500000Z,s-p-aisha-1,5.5
2026-09-25T19:03:35Z,s-p-aisha-1,3.8
2026-09-25T19:03:35.500000Z,s-p-aisha-1,5.3
2026-09-25T19:03:36Z,s-p-aisha-1,3.6
2026-09-25T19:03:36.500000Z,s-p-aisha-1,19.5
2026-09-25T19:03:37Z,s-p-aisha-1,48.7
2026-09-25T19:03:37.500000Z,s-p-aisha-1,70.3
2026-09-25T19:03:38Z,s-p-aisha-1,82.1
2026-09-25T19:03:38.500000Z,s-p-aisha-1,80.0
2026-09-25T19:03:39Z,s-p-aisha-1,69.8
2026-09-25T19:03:39.500000Z,s-p-aisha-1,44.3
2026-09-25T19:03:40Z,s-p-aisha-1,13.1
2026-09-25T19:03:40.500000Z,s-p-aisha-1,5.3
2026-09-25T19:03:41Z,s-p-aisha-1,3.8
2026-09-25T19:03:41.500000Z,s-p-aisha-1,5.9
2026-09-25T19:03:42Z,s-p-aisha-1,4.4
2026-09-25T19:03:42.500000Z,s-p-aisha-1,6.0
2026-09-25T19:03:43Z,s-p-aisha-1,3.7
2026-09-25T19:03:43.500000Z,s-p-aisha-1,5.7
2026-09-25T19:03:44Z,s-p-aisha-1,3.8
2026-09-25T19:03:44.500000Z,s-p-aisha-1,5.0
2026-09-25T19:03:45Z,s-p-aisha-1,3.8
2026-09-25T19:03:45.500000Z,s-p-aisha-1,6.0
2026-09-25T19:03:46Z,s-p-aisha-1,5.3
2026-09-25T19:03:46.500000Z,s-p-aisha-1,3.9
2026-09-25T19:03:47Z,s-p-aisha-1,4.7
2026-09-25T19:03:47.500000Z,s-p-aisha-1,3.1
2026-09-25T19:03:48Z,s-p-aisha-1,3.8
2026-09-25T19:03:48.500000Z,s-p-aisha-1,3.8
2026-09-25T19:03:49Z,s-p-aisha-1,3.8
2026-09-25T19:03:49.500000Z,s-p-aisha-1,5.0
2026-09-25T19:03:50Z,s-p-aisha-1,5.3
2026-09-25T19:03:50.500000Z,s-p-aisha-1,3.0
2026-09-25T19:03:51Z,s-p-aisha-1,3.9
2026-09-25T19:03:51.500000Z,s-p-aisha-1,5.0
2026-09-25T19:03:52Z,s-p-aisha-1,5.5
2026-09-25T19:03:52.500000Z,s-p-aisha-1,5.5
2026-09-25T19:03:53Z,s-p-aisha-1,4.3
2026-09-25T19:03:53.500000Z,s-p-aisha-1,3.1
2026-09-25T19:03:54Z,s-p-aisha-1,3.0
2026-09-25T19:03:54.500000Z,s-p-aisha-1,3.1
2026-09-25T19:03:55Z,s-p-aisha-1,4.1
2026-09-25T19:03:55.500000Z,s-p-aisha-1,4.9
2026-09-25T19:03:56Z,s-p-aisha-1,4.7
2026-09-25T19:03:56.500000Z,s-p-aisha-1,4.2
2026-09-25T19:03:57Z,s-p-aisha-1,4.7
2026-09-25T19:03:57.500000Z,s-p-aisha-1,3.2
2026-09-25T19:03:58Z,s-p-aisha-1,5.7
2026-09-25T19:03:58.500000Z,s-p-aisha-1,4.7
2026-09-25T19:03:59Z,s-p-aisha-1,5.9
2026-09-25T19:03:59.500000Z,s-p-aisha-1,4.3
2026-09-25T19:04:00Z,s-p-aisha-1,3.8
2026-09-25T19:04:00.500000Z,s-p-aisha-1,5.4
2026-09-25T19:04:01Z,s-p-aisha-1,3.8
2026-09-25T19:04:01.500000Z,s-p-aisha-1,4.5
2026-09-25T19:04:02Z,s-p-aisha-1,3.7
2026-09-25T19:04:02.500000Z,s-p-aisha-1,3.5
2026-09-25T19:04:03Z,s-p-aisha-1,26.0
2026-09-25T19:04:03.500000Z,s-p-aisha-1,54.6
2026-09-25T19:04:04Z,s-p-aisha-1,75.7
2026-09-25T19:04:04.500000Z,s-p-aisha-1,85.8
2026-09-25T19:04:05Z,s-p-aisha-1,82.4
2026-09-25T19:04:05.500000Z,s-p-aisha-1,62.4
2026-09-25T19:04:06Z,s-p-aisha-1,39.9
2026-09-25T19:04:06.500000Z,s-p-aisha-1,6.5
2026-09-25T19:04:07Z,s-p-aisha-1,4.6
2026-09-25T19:04:07.500000Z,s-p-aisha-1,3.1
2026-09-25T19:04:08Z,s-p-aisha-1,3.7
2026-09-25T19:04:08.500000Z,s-p-aisha-1,3.3
2026-09-25T19:04:09Z,s-p-aisha-1,4.5
2026-09-25T19:04:09.500000Z,s-p-aisha-1,3.3
2026-09-25T19:04:10Z,s-p-aisha-1,3.2
2026-09-25T19:04:10.500000Z,s-p-aisha-1,3.6
2026-09-25T19:04:11Z,s-p-aisha-1,4.7
2026-09-25T19:04:11.500000Z,s-p-aisha-1,5.5
2026-09-25T19:04:12Z,s-p-aisha-1,5.0
2026-09-25T19:04:12.500000Z,s-p-aisha-1,3.2
2026-09-25T19:04:13Z,s-p-aisha-1,4.3
2026-09-25T19:04:13.500000Z,s-p-aisha-1,3.8
2026-09-25T19:04:14Z,s-p-aisha-1,3.1
2026-09-25T19:04:14.500000Z,s-p-aisha-1,4.8
2026-09-25T19:04:15Z,s-p-aisha-1,4.1
2026-09-25T19:04:15.500000Z,s-p-aisha-1,5.9
2026-09-25T19:04:16Z,s-p-aisha-1,5.7
2026-09-25T19:04:16.500000Z,s-p-aisha-1,4.1
2026-09-25T19:04:17Z,s-p-aisha-1,5.8
2026-09-25T19:04:17.500000Z,s-p-aisha-1,3.9
2026-09-25T19:04:18Z,s-p-aisha-1,3.1
2026-09-25T19:04:18.500000Z,s-p-aisha-1,4.1
2026-09-25T19:04:19Z,s-p-aisha-1,3.9
2026-09-25T19:04:19.500000Z,s-p-aisha-1,3.5
2026-09-25T19:04:20Z,s-p-aisha-1,4.8
2026-09-25T19:04:20.500000Z,s-p-aisha-1,3.3
2026-09-25T19:04:21Z,s-p-aisha-1,3.6
2026-09-25T19:04:21.500000Z,s-p-aisha-1,3.9
2026-09-25T19:04:22Z,s-p-aisha-1,5.1
2026-09-25T19:04:22.500000Z,s-p-aisha-1,5.2
2026-09-25T19:04:23Z,s-p-aisha-1,5.4
2026-09-25T19:04:23.500000Z,s-p-aisha-1,5.1
2026-09-25T19:04:24Z,s-p-aisha-1,5.8
2026-09-25T19:04:24.500000Z,s-p-aisha-1,4.1
2026-09-25T19:04:25Z,s-p-aisha-1,4.7
2026-09-25T19:04:25.500000Z,s-p-aisha-1,5.0
2026-09-25T19:04:26Z,s-p-aisha-1,3.5
2026-09-25T19:04:26.500000Z,s-p-aisha-1,5.3
2026-09-25T19:04:27Z,s-p-aisha-1,4.9
2026-09-25T19:04:27.500000Z,s-p-aisha-1,5.9
2026-09-25T19:04:28Z,s-p-aisha-1,5.9
2026-09-25T19:04:28.500000Z,s-p-aisha-1,6.0
2026-09-25T19:04:29Z,s-p-aisha-1,4.7
2026-09-25T19:04:29.500000Z,s-p-aisha-1,6.0
2026-09-25T19:04:30Z,s-p-aisha-1,4.9
2026-09-25T19:04:30.500000Z,s-p-aisha-1,5.2
2026-09-25T19:04:31Z,s-p-aisha-1,4.6
2026-09-25T19:04:31.500000Z,s-p-aisha-1,3.4
2026-09-25T19:04:32Z,s-p-aisha-1,5.6
2026-09-25T19:04:32.500000Z,s-p-aisha-1,5.4
2026-09-25T19:04:33Z,s-p-aisha-1,4.8
2026-09-25T19:04:33.500000Z,s-p-aisha-1,5.0
2026-09-25T19:04:34Z,s-p-aisha-1,4.6
2026-09-25T19:04:34.500000Z,s-p-aisha-1,4.0
2026-09-25T19:04:35Z,s-p-aisha-1,3.6
2026-09-25T19:04:35.500000Z,s-p-aisha-1,4.7
2026-09-25T19:04:36Z,s-p-aisha-1,5.7
2026-09-25T19:04:36.500000Z,s-p-aisha-1,4.0
2026-09-25T19:04:37Z,s-p-aisha-1,5.4
2026-09-25T19:04:37.500000Z,s-p-aisha-1,5.9
2026-09-25T19:04:38Z,s-p-aisha-1,3.7
2026-09-25T19:04:38.500000Z,s-p-aisha-1,3.9
2026-09-25T19:04:39Z,s-p-aisha-1,5.9
2026-09-25T19:04:39.500000Z,s-p-aisha-1,5.1
2026-09-25T19:04:40Z,s-p-aisha-1,4.3
2026-09-25T19:04:40.500000Z,s-p-aisha-1,5.9
2026-09-25T19:04:41Z,s-p-aisha-1,4.2
2026-09-25T19:04:41.500000Z,s-p-aisha-1,3.2
2026-09-25T19:04:42Z,s-p-aisha-1,4.7
2026-09-25T19:04:42.500000Z,s-p-aisha-1,3.2
2026-09-25T19:04:43Z,s-p-aisha-1,4.1
2026-09-25T19:04:43.500000Z,s-p-aisha-1,4.5
2026-09-25T19:04:44Z,s-p-aisha-1,3.7
